cmdCode,primaryValue,netWgt,qty,qtyUnitAbbr
010221,6824404.0,2257917.0,3203.0,
010229,211708905.0,76647628.0,230627.0,
010290,67378256.0,22504945.0,71274.0,
010310,15980.0,1600.0,25.0,
010420,183544.0,6561.0,2071.0,
010511,13310.0,409.0,3950.0,
010513,1482.0,40.0,,
010514,2155.0,63.0,,
010515,69.0,6.0,,
010594,1477.0,18.0,448.0,
010619,669.0,21.0,,
010620,22435.0,811.0,1553.0,
010632,25773.0,1025.0,,
010639,357562.0,16531.0,,
010690,50879.0,1977.0,,
020120,128112.0,29685.0,29685.0,
020130,11371045.0,2047865.0,2047865.0,
020210,534643.0,124494.0,124494.0,
020220,2789667.0,927366.0,927366.0,
020230,124390570.0,30377029.0,30377029.0,
020319,583007.0,104725.0,104725.0,
020322,140772.0,17908.0,17908.0,
020329,84670.0,17327.0,17327.0,
020410,139528.0,27583.0,27583.0,
020422,302075.0,34989.0,34989.0,
020423,96848.0,10377.0,10377.0,
020430,116493.0,40000.0,40000.0,
020441,741662.0,135837.0,135837.0,
020442,4154967.0,528966.0,528966.0,
020443,2289268.0,347008.0,347008.0,
020450,242163.0,50527.0,50527.0,
020610,7948.0,2913.0,2913.0,
020621,1231365.0,459997.0,459997.0,
020622,2786507.0,1365037.0,1365037.0,
020629,12765708.0,5005601.0,5005601.0,
020714,34785.0,6797.0,6797.0,
020725,455328.0,153202.0,153202.0,
020742,392494.0,266532.0,266532.0,
020743,250698.0,9863.0,9863.0,
020745,75834.0,3076.0,3076.0,
021019,224.0,1.0,1.0,
021020,203620.0,101810.0,101810.0,
021099,880404.0,201733.0,201733.0,
030111,10582.0,39.0,39.0,
030119,14956.0,1176.0,1176.0,
030199,127634.0,3333.0,3333.0,
030229,5329.0,228.0,228.0,
030239,66318.0,92750.0,92750.0,
030244,77061.0,81135.0,81135.0,
030251,110530.0,9208.0,9208.0,
030272,8.0,12.0,12.0,
030281,70740.0,21100.0,21100.0,
030290,1683.0,70.0,70.0,
030311,217863.0,32163.0,32163.0,
030312,3796054.0,602614.0,602614.0,
030313,2987086.0,500495.0,500495.0,
030314,336890.0,55108.0,55108.0,
030319,319714.0,138507.0,138507.0,
030326,6536.0,6280.0,6280.0,
030329,136197.0,19958.0,19958.0,
030331,30821.0,2956.0,2956.0,
030339,111215.0,25011.0,25011.0,
030341,926451.0,300349.0,300349.0,
030342,9285514.0,3618082.0,3618082.0,
030343,14104516.0,6414557.0,6414557.0,
030344,247225.0,8612.0,8612.0,
030349,327672.0,116911.0,116911.0,
030351,209.0,10.0,10.0,
030353,31046780.0,53306396.0,53306396.0,
030354,54266853.0,68380939.0,68380939.0,
030355,2084926.0,3498490.0,3498490.0,
030357,2957929.0,927879.0,927879.0,
030363,460748.0,33844.0,33844.0,
030367,10788.0,3054.0,3054.0,
030369,140262.0,64184.0,64184.0,
030381,956184.0,135374.0,135374.0,
030384,31944.0,1244.0,1244.0,
030389,2244437.0,1141996.0,1141996.0,
030390,12519.0,949.0,949.0,
030432,956710.0,306711.0,306711.0,
030439,64359.0,78110.0,78110.0,
030441,12903.0,298.0,298.0,
030445,50675.0,12097.0,12097.0,
030449,645595.0,232186.0,232186.0,
030452,1350.0,66.0,66.0,
030462,1477304.0,542631.0,542631.0,
030469,383273.0,32808.0,32808.0,
030479,173730.0,50068.0,50068.0,
030481,23730.0,672.0,672.0,
030483,269968.0,188120.0,188120.0,
030487,1501391.0,295337.0,295337.0,
030489,1084551.0,104100.0,104100.0,
030495,256956.0,52014.0,52014.0,
030499,2493817.0,1747879.0,1747879.0,
030510,179447.0,11481.0,11481.0,
030520,13222.0,8929.0,8929.0,
030539,29477.0,6715.0,6715.0,
030541,424717.0,35283.0,35283.0,
030559,3497.0,3000.0,3000.0,
030562,48605.0,1334.0,1334.0,
030571,1029227.0,53083.0,53083.0,
030611,112104.0,36505.0,36505.0,
030612,27105.0,1892.0,1892.0,
030614,38977458.0,5027147.0,5027147.0,
030615,4630.0,2300.0,2300.0,
030616,6813601.0,1529561.0,1529561.0,
030617,10905074.0,1670235.0,1670235.0,
030619,887542.0,81601.0,81601.0,
030624,3335033.0,147015.0,147015.0,
030625,3720.0,200.0,200.0,
030627,347847.0,12263.0,12263.0,
030629,243591.0,35893.0,35893.0,
030719,246006.0,62625.0,62625.0,
030729,2603436.0,987224.0,987224.0,
030739,43334.0,8856.0,8856.0,
030749,2662196.0,2045045.0,2045045.0,
030759,1706439.0,793711.0,793711.0,
030760,46768.0,48880.0,48880.0,
030779,145469.0,72843.0,72843.0,
030799,151760.0,72000.0,72000.0,
030890,17415.0,4792.0,4792.0,
040110,497996.0,221211.0,221211.0,
040120,345184.0,222044.0,222044.0,
040140,5010908.0,1821955.0,1821955.0,
040150,4624885.0,1869778.0,1869778.0,
040210,428976695.0,136232734.0,136232734.0,
040221,178547866.0,48366940.0,48366940.0,
040229,91443607.0,12760802.0,12760802.0,
040291,315072.0,102245.0,102245.0,
040299,10825089.0,8396126.0,8396126.0,
040310,776780.0,265621.0,265621.0,
040390,18330154.0,6204217.0,6204217.0,
040410,199310243.0,96538672.0,96538672.0,
040490,9943239.0,3321166.0,3321166.0,
040510,31439134.0,7358230.0,7358230.0,
040520,8950.0,3657.0,3657.0,
040590,29109057.0,6819265.0,6819265.0,
040610,38503558.0,9709645.0,9709645.0,
040620,4122278.0,585496.0,585496.0,
040630,25182513.0,5032435.0,5032435.0,
040690,27503922.0,6707284.0,6707284.0,
040811,2404150.0,467980.0,467980.0,
040819,151085.0,52090.0,52090.0,
040891,4441419.0,800125.0,800125.0,
040899,1358.0,458.0,458.0,
040900,8984544.0,2353221.0,2353221.0,
041000,631750.0,9289.0,9289.0,
050100,11734562.0,88571.0,88571.0,
050210,64400.0,8000.0,8000.0,
050290,8022031.0,1283669.0,1283669.0,
050510,22152153.0,626580.0,626580.0,
050590,10613078.0,4654257.0,4654257.0,
050710,636.0,97.0,97.0,
050790,2650.0,405.0,405.0,
050800,666927.0,357316.0,357316.0,
051110,136426.0,169.0,,
051191,3214435.0,432639.0,432639.0,
051199,5859652.0,6131775.0,6131775.0,
060110,393484.0,560720.0,2411349.0,
060120,277468.0,176125.0,160792.0,
060210,32597.0,74432.0,,
060230,13885.0,300.0,3149.0,
060240,9328.0,290.0,4582.0,
060290,4574663.0,301469.0,301469.0,
060314,228800.0,8000.0,8000.0,
060319,3939.0,604.0,604.0,
060390,91742.0,7254.0,7254.0,
060420,276544.0,92035.0,92035.0,
060490,58529.0,16245.0,16245.0,
070110,2152145.0,1862450.0,1862450.0,
070190,28667627.0,46587879.0,46587879.0,
070200,196041.0,110503.0,110503.0,
070310,67232449.0,155361490.0,155361490.0,
070320,242342239.0,414957761.0,414957761.0,
070390,441330.0,446705.0,446705.0,
070410,1207659.0,945321.0,945321.0,
070420,468.0,147.0,147.0,
070490,1852583.0,2195869.0,2195869.0,
070511,173931.0,117535.0,117535.0,
070519,64321.0,44867.0,44867.0,
070610,30707766.0,55483969.0,55483969.0,
070690,5377.0,3310.0,3310.0,
070700,11803.0,3063.0,3063.0,
070810,3332163.0,6540147.0,6540147.0,
070820,195244.0,196590.0,196590.0,
070890,732517.0,658380.0,658380.0,
070920,1963.0,1443.0,1443.0,
070930,74.0,22.0,22.0,
070940,203090.0,137758.0,137758.0,
070951,308913.0,179126.0,179126.0,
070959,1786132.0,1152456.0,1152456.0,
070960,2589497.0,2821787.0,2821787.0,
070970,44712.0,36263.0,36263.0,
070991,49.0,28.0,28.0,
070993,3677.0,1262.0,1262.0,
070999,422786.0,372064.0,372064.0,
071010,5529430.0,5639826.0,5639826.0,
071021,843288.0,680038.0,680038.0,
071022,13662.0,4449.0,4449.0,
071029,1703022.0,1352884.0,1352884.0,
071030,122029.0,41935.0,41935.0,
071040,1673689.0,1083586.0,1083586.0,
071080,526489.0,389387.0,389387.0,
071090,1056344.0,968222.0,968222.0,
071120,48828.0,13814.0,13814.0,
071140,17623.0,10487.0,10487.0,
071190,3193075.0,3170074.0,3170074.0,
071220,11658527.0,4425577.0,4425577.0,
071231,100319.0,17427.0,17427.0,
071232,560783.0,410064.0,410064.0,
071233,97221.0,88010.0,88010.0,
071239,887523.0,398093.0,398093.0,
071290,11556436.0,7141814.0,7141814.0,
071310,4606515.0,10746127.0,10746127.0,
071320,379255.0,430925.0,430925.0,
071331,49130185.0,63069562.0,63069562.0,
071332,81109.0,126728.0,126728.0,
071333,903021.0,1779745.0,1779745.0,
071335,967788.0,1800137.0,1800137.0,
071339,1572527.0,2384716.0,2384716.0,
071340,11878.0,2871.0,2871.0,
071350,9238930.0,12378240.0,12378240.0,
071390,8577689.0,9343442.0,9343442.0,
071410,3419138.0,13291339.0,13291339.0,
071420,33607.0,20838.0,20838.0,
071440,3658.0,2783.0,2783.0,
071490,400077.0,309448.0,309448.0,
080111,883067.0,503032.0,503032.0,
080112,160.0,113.0,113.0,
080119,1043279.0,1132155.0,1132155.0,
080122,11842.0,2045.0,2045.0,
080131,29583.0,31810.0,31810.0,
080132,4357044.0,775677.0,775677.0,
080211,404398.0,82397.0,82397.0,
080212,4530938.0,818971.0,818971.0,
080222,212397.0,27023.0,27023.0,
080232,414340.0,38348.0,38348.0,
080241,172831.0,136086.0,136086.0,
080242,1035.0,948.0,948.0,
080251,95205.0,138008.0,138008.0,
080262,174617.0,27253.0,27253.0,
080280,25500.0,29008.0,29008.0,
080290,300989.0,272626.0,272626.0,
080310,297689.0,681256.0,681256.0,
080390,845005.0,1240869.0,1240869.0,
080410,26320276.0,22557895.0,22557895.0,
080420,8080.0,2626.0,2626.0,
080430,15172.0,9756.0,9756.0,
080440,46891.0,52284.0,52284.0,
080450,993646.0,1092819.0,1092819.0,
080510,26068993.0,32491997.0,32491997.0,
080520,176568227.0,179394411.0,179394411.0,
080540,247942.0,292525.0,292525.0,
080550,3534691.0,3412646.0,3412646.0,
080590,138063.0,123019.0,123019.0,
080610,122686092.0,59448541.0,59448541.0,
080620,4179900.0,1942632.0,1942632.0,
080711,230249.0,348658.0,348658.0,
080719,612013.0,696456.0,696456.0,
080720,58681.0,82946.0,82946.0,
080810,170515810.0,183859437.0,183859437.0,
080830,104793022.0,131134409.0,131134409.0,
080840,170.0,48.0,48.0,
080910,7777.0,3532.0,3532.0,
080921,172.0,112.0,112.0,
080929,104.0,31.0,31.0,
080930,64346.0,58059.0,58059.0,
080940,236215.0,151920.0,151920.0,
081010,304802.0,120032.0,120032.0,
081030,111723.0,28318.0,28318.0,
081040,296975.0,56529.0,56529.0,
081050,7664580.0,3475621.0,3475621.0,
081060,28817122.0,19766545.0,19766545.0,
081070,64051.0,52033.0,52033.0,
081090,152746472.0,136043378.0,136043378.0,
081110,985281.0,422110.0,422110.0,
081120,290113.0,59424.0,59424.0,
081190,1614288.0,370912.0,370912.0,
081210,152553.0,41937.0,41937.0,
081290,300850.0,73577.0,73577.0,
081310,2109.0,902.0,902.0,
081320,53327.0,23514.0,23514.0,
081330,3048.0,603.0,603.0,
081340,3735145.0,5803885.0,5803885.0,
081350,358205.0,122372.0,122372.0,
081400,72808.0,15041.0,15041.0,
090111,112973204.0,52176760.0,52176760.0,
090112,36006.0,3571.0,3571.0,
090121,3570861.0,519165.0,519165.0,
090122,606010.0,44026.0,44026.0,
090190,9533.0,3705.0,3705.0,
090210,107623.0,46820.0,46820.0,
090220,9306388.0,7326793.0,7326793.0,
090230,2719682.0,214965.0,214965.0,
090240,21115989.0,16808279.0,16808279.0,
090300,8849.0,585.0,585.0,
090411,10067871.0,4173204.0,4173204.0,
090412,345101.0,81083.0,81083.0,
090421,15258456.0,15918373.0,15918373.0,
090422,3769080.0,2870243.0,2870243.0,
090510,338703.0,12140.0,12140.0,
090520,69461.0,39615.0,39615.0,
090611,63210.0,29000.0,29000.0,
090619,692043.0,67358.0,67358.0,
090620,1089517.0,341330.0,341330.0,
090710,110776020.0,7129161.0,7129161.0,
090720,16845.0,34920.0,34920.0,
090811,573922.0,44663.0,44663.0,
090812,240924.0,14065.0,14065.0,
090831,7120.0,6712.0,6712.0,
090832,10014.0,22643.0,22643.0,
090921,6524840.0,16721319.0,16721319.0,
090922,67694.0,39172.0,39172.0,
090931,3147137.0,2630254.0,2630254.0,
090932,70688.0,32386.0,32386.0,
090961,3985726.0,3579944.0,3579944.0,
090962,85231.0,128470.0,128470.0,
091011,16567492.0,22834798.0,22834798.0,
091012,136429.0,50594.0,50594.0,
091020,9084.0,3256.0,3256.0,
091030,390248.0,119373.0,119373.0,
091091,255124.0,60718.0,60718.0,
091099,1106910.0,1259751.0,1259751.0,
100111,430483.0,1480790.0,1480790.0,
100119,69275504.0,210180367.0,210180367.0,
100199,2184144193.0,6038828532.0,6038828532.0,
100290,10600.0,10000.0,10000.0,
100310,20793.0,14794.0,14794.0,
100390,24856.0,52585.0,52585.0,
100490,318425.0,419914.0,419914.0,
100510,5287431.0,1651812.0,1651812.0,
100590,496610819.0,1691342685.0,1691342685.0,
100610,29140271.0,23764153.0,23764153.0,
100620,55000.0,50000.0,50000.0,
100630,819602728.0,1542409250.0,1542409250.0,
100640,96825183.0,244148900.0,244148900.0,
100710,416902.0,1563935.0,1563935.0,
100790,1808126.0,6629630.0,6629630.0,
100810,853976.0,1900547.0,1900547.0,
100829,6936557.0,16400804.0,16400804.0,
100830,2372431.0,3316530.0,3316530.0,
100890,219189.0,260343.0,260343.0,
110100,188833237.0,479682152.0,479682152.0,
110220,86382.0,156875.0,156875.0,
110290,887158.0,2008426.0,2008426.0,
110311,3943910.0,7713862.0,7713862.0,
110313,31419.0,13490.0,13490.0,
110319,20070.0,100060.0,100060.0,
110320,42851.0,35467.0,35467.0,
110412,3942723.0,4750582.0,4750582.0,
110419,15759.0,26743.0,26743.0,
110422,35248.0,14354.0,14354.0,
110423,231110.0,251730.0,251730.0,
110429,298781.0,277288.0,277288.0,
110430,2801.0,869.0,869.0,
110510,443710.0,234659.0,234659.0,
110520,8532509.0,5706287.0,5706287.0,
110610,433.0,601.0,601.0,
110620,388091.0,66303.0,66303.0,
110630,1265728.0,239362.0,239362.0,
110710,19661022.0,33801768.0,33801768.0,
110720,164734.0,165198.0,165198.0,
110811,2594937.0,5843067.0,5843067.0,
110812,38504536.0,77631904.0,77631904.0,
110813,14891879.0,27231199.0,27231199.0,
110814,342844016.0,757926062.0,757926062.0,
110819,121564.0,41093.0,41093.0,
110820,14143850.0,4761095.0,4761095.0,
110900,3758343.0,4907166.0,4907166.0,
120110,381983.0,716215.0,716215.0,
120190,1210847983.0,1920490314.0,1920490314.0,
120230,2584680.0,1960964.0,1960964.0,
120241,74790940.0,62501825.0,62501825.0,
120242,140910001.0,121365317.0,121365317.0,
120300,9475.0,65576.0,65576.0,
120400,69485.0,70106.0,70106.0,
120510,95745.0,119881.0,119881.0,
120590,270981.0,817893.0,817893.0,
120600,6618856.0,13513258.0,13513258.0,
120710,2000144.0,1268478.0,1268478.0,
120721,102235.0,3482.0,3482.0,
120729,48345.0,29300.0,29300.0,
120730,4000.0,1000.0,1000.0,
120740,8701119.0,12676554.0,12676554.0,
120750,16964.0,5745.0,5745.0,
120770,9475.0,8034.0,8034.0,
120791,420.0,29.0,29.0,
120799,1493786.0,236963.0,236963.0,
120810,4427072.0,2078911.0,2078911.0,
120890,39816.0,17836.0,17836.0,
120921,1212.0,215.0,215.0,
120925,1062.0,57.0,57.0,
120929,1970190.0,216014.0,216014.0,
120930,7305.0,649.0,649.0,
120991,5570094.0,214197.0,214197.0,
120999,5321312.0,942839.0,942839.0,
121010,29559.0,7499.0,7499.0,
121020,179038.0,34479.0,34479.0,
121120,322255.0,14654.0,14654.0,
121190,10834829.0,4773464.0,4773464.0,
121221,1301486.0,129926.0,129926.0,
121229,276106.0,81023.0,81023.0,
121292,494069.0,615000.0,615000.0,
121299,31455.0,50961.0,50961.0,
121300,27712.0,23803.0,23803.0,
121410,942879.0,2253652.0,2253652.0,
121490,309318.0,521924.0,521924.0,
130120,2155319.0,471697.0,471697.0,
130190,3521267.0,1380762.0,1380762.0,
130211,7125.0,8688.0,8688.0,
130212,5113269.0,596767.0,596767.0,
130213,707793.0,19297.0,19297.0,
130219,24211265.0,1554045.0,1554045.0,
130220,2689672.0,240792.0,240792.0,
130231,964238.0,714037.0,714037.0,
130232,27844967.0,2828935.0,2828935.0,
130239,18094081.0,1725291.0,1725291.0,
140110,78634.0,93869.0,93869.0,
140120,4709.0,2834.0,2834.0,
140420,1386.0,76.0,76.0,
140490,965411.0,1267776.0,1267776.0,
150190,1011.0,59.0,59.0,
150210,220879.0,214744.0,214744.0,
150410,1606135.0,999853.0,999853.0,
150420,22256508.0,11378422.0,11378422.0,
150430,18240.0,2280.0,2280.0,
150500,1101236.0,122057.0,122057.0,
150600,223045.0,133880.0,133880.0,
150710,4983.0,1233.0,1233.0,
150790,33059329.0,21976967.0,21976967.0,
150810,5266.0,39.0,39.0,
150890,20427.0,3891.0,3891.0,
150910,3441551.0,860974.0,860974.0,
150990,867793.0,407879.0,407879.0,
151000,111736.0,39324.0,39324.0,
151190,830985.0,616274.0,616274.0,
151211,191.0,12.0,12.0,
151219,6663501.0,3506079.0,3506079.0,
151229,21321.0,4257.0,4257.0,
151311,4259.0,316.0,316.0,
151319,792388.0,329019.0,329019.0,
151329,1216104.0,640403.0,640403.0,
151411,359445.0,309507.0,309507.0,
151419,3778221.0,2198766.0,2198766.0,
151491,139374.0,5505.0,5505.0,
151499,2851939.0,1769203.0,1769203.0,
151511,1282.0,61.0,61.0,
151519,3743353.0,2381324.0,2381324.0,
151521,39135.0,30611.0,30611.0,
151529,4228666.0,1703749.0,1703749.0,
151530,2918362.0,1491078.0,1491078.0,
151550,2085038.0,1109137.0,1109137.0,
151590,2748746.0,1192865.0,1192865.0,
151610,161644.0,68921.0,68921.0,
151620,37724650.0,21173842.0,21173842.0,
151710,3277561.0,1518553.0,1518553.0,
151790,38313663.0,8370213.0,8370213.0,
151800,18111875.0,8907561.0,8907561.0,
152000,359208.0,200535.0,200535.0,
152110,2892769.0,745352.0,745352.0,
152190,23907.0,5500.0,5500.0,
152200,3035872.0,2017887.0,2017887.0,
160100,305612.0,175125.0,175125.0,
160210,2089336.0,454763.0,454763.0,
160232,59853.0,8987.0,8987.0,
160241,133570.0,107211.0,107211.0,
160242,60117.0,46463.0,46463.0,
160249,726148.0,378905.0,378905.0,
160250,6816054.0,1270155.0,1270155.0,
160300,993828.0,356296.0,356296.0,
160411,60217.0,8368.0,8368.0,
160413,692133.0,342041.0,342041.0,
160414,3203846.0,566693.0,566693.0,
160415,3387070.0,1905297.0,1905297.0,
160416,34154.0,1250.0,1250.0,
160417,350031.0,8500.0,8500.0,
160419,109205.0,71683.0,71683.0,
160420,3307826.0,1113411.0,1113411.0,
160432,5055.0,4481.0,4481.0,
160510,3283678.0,252951.0,252951.0,
160521,837216.0,85708.0,85708.0,
160529,94345.0,15425.0,15425.0,
160540,41798.0,14971.0,14971.0,
160551,82729.0,84434.0,84434.0,
160552,7149.0,4360.0,4360.0,
160554,10276.0,6998.0,6998.0,
160555,5735.0,5810.0,5810.0,
160556,14235.0,4280.0,4280.0,
160557,724.0,259.0,259.0,
160559,15860.0,5147.0,5147.0,
160569,348.0,327.0,327.0,
170112,27467279.0,46702068.0,46702068.0,
170113,148390019.0,264364940.0,264364940.0,
170114,1410419016.0,2393188838.0,2393188838.0,
170191,13966681.0,20630000.0,20630000.0,
170199,62028072.0,91054313.0,91054313.0,
170211,38709046.0,20030529.0,20030529.0,
170219,7107459.0,3679646.0,3679646.0,
170220,137996.0,92054.0,92054.0,
170230,54306019.0,92086978.0,92086978.0,
170240,2254226.0,3273456.0,3273456.0,
170250,6043283.0,5045903.0,5045903.0,
170260,18444732.0,31968997.0,31968997.0,
170290,36925121.0,38510367.0,38510367.0,
170310,13990.0,16914.0,16914.0,
170390,20499188.0,102420384.0,102420384.0,
170410,2484063.0,588055.0,588055.0,
170490,35679187.0,12053738.0,12053738.0,
180100,62977833.0,23942574.0,23942574.0,
180200,5331.0,50031.0,50031.0,
180310,1246579.0,311451.0,311451.0,
180320,11135831.0,2237661.0,2237661.0,
180400,147586.0,28153.0,28153.0,
180500,56000770.0,10760976.0,10760976.0,
180610,3545517.0,2909407.0,2909407.0,
180620,13617977.0,3727349.0,3727349.0,
180631,7092469.0,1124748.0,1124748.0,
180632,5475286.0,1050530.0,1050530.0,
180690,15648544.0,2048444.0,2048444.0,
190110,35514197.0,9208965.0,9208965.0,
190120,5156728.0,2111349.0,2111349.0,
190190,104983379.0,33109438.0,33109438.0,
190211,1325289.0,1209292.0,1209292.0,
190219,6434013.0,5180344.0,5180344.0,
190220,876453.0,219786.0,219786.0,
190230,7606435.0,3748137.0,3748137.0,
190240,27700.0,11733.0,11733.0,
190300,1395491.0,2915653.0,2915653.0,
190410,16674730.0,5456193.0,5456193.0,
190420,1474686.0,642900.0,642900.0,
190490,1260786.0,454686.0,454686.0,
190510,484362.0,174758.0,174758.0,
190520,901.0,83.0,83.0,
190531,12442077.0,3617402.0,3617402.0,
190532,7898914.0,2320632.0,2320632.0,
190540,3244631.0,2062862.0,2062862.0,
190590,17398542.0,7731712.0,7731712.0,
200110,172963.0,110923.0,110923.0,
200190,1286115.0,2318806.0,2318806.0,
200210,523788.0,562530.0,562530.0,
200290,8740482.0,10059310.0,10059310.0,
200310,2636382.0,2494581.0,2494581.0,
200390,624701.0,444796.0,444796.0,
200410,22661985.0,21014851.0,21014851.0,
200490,6598887.0,5762543.0,5762543.0,
200510,221381.0,91292.0,91292.0,
200520,6383489.0,1053689.0,1053689.0,
200540,732962.0,1376820.0,1376820.0,
200551,464219.0,257919.0,257919.0,
200559,560777.0,497372.0,497372.0,
200560,701098.0,807529.0,807529.0,
200570,122693.0,52222.0,52222.0,
200580,1705652.0,2120101.0,2120101.0,
200591,64070.0,86112.0,86112.0,
200599,3136005.0,632629.0,632629.0,
200600,400236.0,202837.0,202837.0,
200710,2085433.0,737800.0,737800.0,
200791,147505.0,38793.0,38793.0,
200799,6977399.0,4952208.0,4952208.0,
200811,3438927.0,1201653.0,1201653.0,
200819,4452096.0,870577.0,870577.0,
200820,37952.0,44982.0,44982.0,
200830,4737634.0,4323133.0,4323133.0,
200840,49150.0,31653.0,31653.0,
200850,17267.0,11095.0,11095.0,
200860,885349.0,382471.0,382471.0,
200870,655107.0,418967.0,418967.0,
200880,15388.0,3951.0,3951.0,
200893,7287.0,2524.0,2524.0,
200897,900299.0,554239.0,554239.0,
200899,6595702.0,8408989.0,8408989.0,
200911,9144627.0,3702070.0,3702070.0,
200912,771586.0,632177.0,632177.0,
200919,736224.0,561281.0,561281.0,
200921,50442.0,64907.0,64907.0,
200929,1907028.0,482067.0,482067.0,
200931,64190.0,17878.0,17878.0,
200939,603258.0,140586.0,140586.0,
200941,47761.0,49590.0,49590.0,
200949,282285.0,154502.0,154502.0,
200950,173928.0,227968.0,227968.0,
200961,492697.0,419896.0,419896.0,
200969,1559517.0,523036.0,523036.0,
200971,485104.0,472090.0,472090.0,
200979,3067500.0,1302639.0,1302639.0,
200981,252271.0,128215.0,128215.0,
200989,2233885.0,1333031.0,1333031.0,
200990,7866975.0,3795606.0,3795606.0,
210111,64563415.0,9289573.0,9289573.0,
210112,2398617.0,496399.0,496399.0,
210120,9321231.0,1502813.0,1502813.0,
210130,60182.0,14111.0,14111.0,
210210,5953731.0,2209143.0,2209143.0,
210220,9614517.0,6138605.0,6138605.0,
210230,11284634.0,4586671.0,4586671.0,
210310,11494670.0,12558436.0,12558436.0,
210320,1029696.0,598974.0,598974.0,
210330,408333.0,139079.0,139079.0,
210390,41861122.0,16473651.0,16473651.0,
210410,1720756.0,669025.0,669025.0,
210420,224067.0,119662.0,119662.0,
210500,8254110.0,1910992.0,1910992.0,
210610,20066986.0,8572211.0,8572211.0,
210690,474530525.0,115646019.0,115646019.0,
220110,2938436.0,3608678.0,3608678.0,
220190,26642.0,53874.0,53874.0,
220210,20029251.0,29536412.0,29536412.0,
220290,45962255.0,61343331.0,61343331.0,
220300,311612.0,168241.0,168241.0,
220410,186739.0,13490.0,13490.0,
220421,760027.0,127816.0,127816.0,
220429,1.0,1.0,1.0,
220430,2028246.0,397702.0,397702.0,
220510,5975.0,430.0,430.0,
220600,86367.0,27744.0,27744.0,
220710,355030.0,106438.0,363249.0,
220720,38677.0,14975.0,38789.0,
220820,2215529.0,119062.0,128716.0,
220830,5559596.0,448286.0,484634.0,
220840,191664.0,22121.0,23915.0,
220850,377008.0,35642.0,38532.0,
220860,918625.0,88369.0,95534.0,
220870,748958.0,55338.0,59825.0,
220890,206308.0,15199.0,16431.0,
220900,1084714.0,989440.0,606321.0,
230110,49128955.0,64393685.0,64393685.0,
230120,104101426.0,94893788.0,94893788.0,
230210,5108863.0,6508693.0,6508693.0,
230230,5615250.0,16005363.0,16005363.0,
230240,22326.0,132506.0,132506.0,
230250,2228729.0,6809800.0,6809800.0,
230310,173462414.0,240930548.0,240930548.0,
230330,76863114.0,234849448.0,234849448.0,
230400,1828494152.0,3479611546.0,3479611546.0,
230500,160658.0,307185.0,307185.0,
230610,38836.0,40000.0,40000.0,
230620,6232.0,6000.0,6000.0,
230630,86767.0,306816.0,306816.0,
230641,25990195.0,92467494.0,92467494.0,
230649,19114019.0,64154265.0,64154265.0,
230650,24723.0,585000.0,585000.0,
230660,4649.0,46260.0,46260.0,
230690,23214014.0,49407882.0,49407882.0,
230800,431968.0,553082.0,553082.0,
230910,31080112.0,28211695.0,28211695.0,
230990,452872602.0,550338503.0,550338503.0,
240110,248758528.0,47536799.0,47536799.0,
240120,397714009.0,74165706.0,74165706.0,
240130,12449020.0,15723197.0,15723197.0,
240210,387986.0,31785.0,31785.0,
240220,11038875.0,657523.0,657523.0,
240290,805749.0,24718.0,24718.0,
240311,928629.0,199537.0,199537.0,
240319,88380810.0,11644611.0,11644611.0,
240391,4119861.0,995802.0,995802.0,
240399,978950.0,165813.0,165813.0,
250100,107957552.0,2223005755.0,2223005755.0,
250200,35527.0,94175.0,94175.0,
250300,71554327.0,317965934.0,317965934.0,
250410,4180798.0,10942325.0,10942325.0,
250490,1471611.0,801696.0,801696.0,
250510,7493669.0,43111747.0,43111747.0,
250590,2666050.0,3742607.0,3742607.0,
250610,1597374.0,11467685.0,11467685.0,
250620,679529.0,2153257.0,2153257.0,
250700,35685574.0,125844531.0,125844531.0,
250810,29315317.0,184161419.0,184161419.0,
250830,3539708.0,7894781.0,7894781.0,
250840,22839245.0,65700201.0,65700201.0,
250850,816597.0,1807924.0,1807924.0,
250860,1035356.0,2737800.0,2737800.0,
250870,823263.0,2000456.0,2000456.0,
250900,690811.0,1395495.0,1395495.0,
251010,175647685.0,1002708805.0,1002708805.0,
251020,894895.0,2474403.0,2474403.0,
251110,28295101.0,181747713.0,181747713.0,
251120,137.0,78.0,78.0,
251200,3037193.0,4531514.0,4531514.0,
251310,267015.0,94398.0,94398.0,
251320,10920050.0,31596740.0,31596740.0,
251400,384779.0,739085.0,739085.0,
251511,1097139.0,6552068.0,6552068.0,
251512,22851703.0,76190505.0,76190505.0,
251520,145131.0,72839.0,72839.0,
251611,171960.0,13000062.0,13000062.0,
251612,9691995.0,28433169.0,28433169.0,
251620,1145594.0,5072143.0,5072143.0,
251690,237745.0,687612.0,687612.0,
251710,5811860.0,457424641.0,457424641.0,
251720,1260.0,289.0,289.0,
251741,43001.0,221870.0,221870.0,
251749,679624.0,2119351.0,2119351.0,
251810,114754.0,1410471.0,1410471.0,
251820,1593719.0,9053225.0,9053225.0,
251830,241889.0,1125570.0,1125570.0,
251910,8352126.0,19885900.0,19885900.0,
251990,16071802.0,41910655.0,41910655.0,
252010,58421787.0,1843285625.0,1843285625.0,
252020,9157970.0,105915545.0,105915545.0,
252100,6762472.0,228278823.0,228278823.0,
252210,11399330.0,93129319.0,93129319.0,
252220,1941815.0,10729723.0,10729723.0,
252230,42764.0,164278.0,164278.0,
252310,103152052.0,1760923402.0,1760923402.0,
252321,3615184.0,49963729.0,49963729.0,
252329,70097242.0,1073643861.0,1073643861.0,
252330,4287657.0,5380490.0,5380490.0,
252390,32018975.0,445902104.0,445902104.0,
252490,93250009.0,162418194.0,162418194.0,
252510,94827.0,17374.0,17374.0,
252520,4819403.0,3735569.0,3735569.0,
252530,5807.0,10100.0,10100.0,
252610,413171.0,2334648.0,2334648.0,
252620,25558024.0,105709002.0,105709002.0,
252800,1279734.0,2036479.0,2036479.0,
252910,28190541.0,341026635.0,341026635.0,
252921,815391.0,2052282.0,2052282.0,
252922,757159.0,1215644.0,1215644.0,
252930,1212071.0,3078607.0,3078607.0,
253010,2569520.0,8321311.0,8321311.0,
253020,43866991.0,243754808.0,243754808.0,
253090,15909651.0,45843691.0,45843691.0,
260111,188850359.0,939729126.0,939729126.0,
260112,14267967.0,33670082.0,33670082.0,
260120,673193.0,1116882.0,1116882.0,
260200,1139206.0,8768399.0,8768399.0,
260300,102757536.0,39106694.0,39106694.0,
260400,20029.0,1487.0,1487.0,
260500,19400.0,20000.0,20000.0,
260600,716027.0,678872.0,678872.0,
260700,69283.0,189929.0,189929.0,
260800,213637.0,17629.0,17629.0,
260900,1612189.0,2290429.0,2290429.0,
261000,1980172.0,3845483.0,3845483.0,
261100,257996.0,4836.0,4836.0,
261220,27000.0,10000.0,10000.0,
261390,2090.0,5.0,5.0,
261400,12792034.0,5178142.0,5178142.0,
261510,26698849.0,10727350.0,10727350.0,
261590,1365203.0,347898.0,347898.0,
261690,160482.0,1226.0,1226.0,
261710,619360.0,95084.0,95084.0,
261790,550615.0,503904.0,503904.0,
261800,91194.0,392522.0,392522.0,
262019,8026.0,3450.0,3450.0,
262021,120.0,476.0,476.0,
262030,23773.0,2943.0,2943.0,
262040,65.0,4.0,4.0,
262060,404.0,12.0,12.0,
262091,4973.0,310.0,310.0,
262099,6424.0,2685.0,2685.0,
262110,2890.0,182.0,182.0,
262190,75605.0,256603.0,256603.0,
270111,20590627.0,64317029.0,64317029.0,
270112,749060.0,10943158.0,10943158.0,
270119,1598028.0,2525507.0,2525507.0,
270120,1476415.0,4678999.0,4678999.0,
270210,26036.0,23281.0,23281.0,
270220,505228.0,248666.0,248666.0,
270300,158634.0,424708.0,424708.0,
270400,41188501.0,106703790.0,106703790.0,
270500,37804.0,1688.0,1688.0,
270600,786395.0,1148760.0,1148760.0,
270720,118486.0,51199.0,51199.0,
270730,2792122.0,2036881.0,2036881.0,
270740,1834754.0,1097149.0,1097149.0,
270750,36748793.0,28580897.0,28580897.0,
270791,12297295.0,18307221.0,18307221.0,
270799,32211216.0,27703708.0,27703708.0,
270810,15235710.0,23298472.0,23298472.0,
270900,10803249662.0,12550087641.0,12550087641.0,
271012,15626705288.0,14862638231.0,14862638231.0,
271019,12411407669.0,12696104858.0,12696104858.0,
271020,35716.0,6422.0,6422.0,
271099,72917.0,49234.0,49234.0,
271111,26771.0,733.0,733.0,
271112,1307627129.0,1347656003.0,1347656003.0,
271113,1720362717.0,1777457202.0,1777457202.0,
271114,618122.0,206175.0,206175.0,
271119,28326263.0,22582722.0,22582722.0,
271121,23403185.0,22386314.0,22386314.0,
271129,1202977.0,100276.0,100276.0,
271210,6886711.0,3144103.0,3144103.0,
271220,12106361.0,8796373.0,8796373.0,
271290,32158524.0,17488188.0,17488188.0,
271311,14382587.0,74493800.0,74493800.0,
271312,35065071.0,56206783.0,56206783.0,
271320,537200448.0,813772155.0,813772155.0,
271390,1175.0,7.0,7.0,
271410,2156632.0,3661683.0,3661683.0,
271490,29181959.0,40446363.0,40446363.0,
271500,3402502.0,1782622.0,1782622.0,
271600,255409.0,,3865.0,
280110,2325325.0,3199552.0,3199552.0,
280120,739822.0,24519.0,24519.0,
280130,1037026.0,66384.0,66384.0,
280200,55753605.0,193276846.0,193276846.0,
280300,201282622.0,154115430.0,154115430.0,
280410,654418.0,1558133.0,,
280421,7634180.0,11087408.0,,
280429,4284486.0,2205068.0,,
280430,52618461.0,19792438.0,,
280440,7796309.0,22771419.0,,
280450,14208.0,5766.0,5766.0,
280461,17293626.0,188525.0,188525.0,
280469,20731159.0,9189000.0,9189000.0,
280470,17164261.0,318952.0,318952.0,
280480,180327.0,106007.0,106007.0,
280490,1951189.0,35720.0,35720.0,
280511,1487476.0,804706.0,804706.0,
280512,74563.0,70182.0,70182.0,
280519,8740119.0,1990177.0,1990177.0,
280530,3809.0,357.0,357.0,
280540,203582.0,994.0,994.0,
280610,2643447.0,10570886.0,10570886.0,
280620,1953.0,119.0,119.0,
280700,36073775.0,477420207.0,477420207.0,
280800,6710043.0,12990619.0,12990619.0,
280910,121110.0,48925.0,48925.0,
280920,338989444.0,355302814.0,355302814.0,
281000,4487541.0,4336127.0,4336127.0,
281111,1437279.0,1077957.0,1077957.0,
281119,2050433.0,4129242.0,4129242.0,
281121,4462130.0,7382754.0,7382754.0,
281122,47213272.0,49519191.0,49519191.0,
281129,2795002.0,1135607.0,1135607.0,
281210,375601.0,173415.0,173415.0,
281290,2727624.0,81043.0,81043.0,
281310,5130574.0,5777760.0,5777760.0,
281390,222329.0,28790.0,28790.0,
281410,206272179.0,338658927.0,338658927.0,
281420,337956.0,78434.0,78434.0,
281511,9761620.0,14733043.0,14733043.0,
281512,12506172.0,38371013.0,38371013.0,
281520,15857504.0,13629438.0,13629438.0,
281530,642549.0,133094.0,133094.0,
281610,2358698.0,769827.0,769827.0,
281640,1479042.0,339715.0,339715.0,
281700,18369877.0,8593207.0,8593207.0,
281810,3818243.0,4622963.0,4622963.0,
281820,199797681.0,518474227.0,518474227.0,
281830,32463878.0,99238092.0,99238092.0,
281910,3148759.0,739347.0,739347.0,
281990,2211060.0,386417.0,386417.0,
282010,33725051.0,20650679.0,20650679.0,
282090,2232357.0,1436436.0,1436436.0,
282110,17034566.0,13077945.0,13077945.0,
282120,67303.0,12624.0,12624.0,
282200,2153830.0,200415.0,200415.0,
282300,26701027.0,7503099.0,7503099.0,
282410,1136778.0,271952.0,271952.0,
282490,349901.0,125823.0,125823.0,
282510,5567324.0,1533448.0,1533448.0,
282520,532930.0,79455.0,79455.0,
282530,544792.0,33398.0,33398.0,
282540,3312203.0,217988.0,217988.0,
282550,6783864.0,1006704.0,1006704.0,
282560,60680.0,2580.0,2580.0,
282570,238823.0,21346.0,21346.0,
282580,8142501.0,816480.0,816480.0,
282590,2645721.0,2004238.0,2004238.0,
282612,114831.0,48696.0,48696.0,
282619,1286517.0,1362942.0,1362942.0,
282630,3536272.0,484956.0,484956.0,
282690,2717016.0,1524451.0,1524451.0,
282710,5047535.0,19690883.0,19690883.0,
282720,5673777.0,15931596.0,15931596.0,
282731,1013050.0,1161595.0,1161595.0,
282732,7236176.0,17956953.0,17956953.0,
282735,1331802.0,198859.0,198859.0,
282739,4553723.0,4408100.0,4408100.0,
282741,1542832.0,174105.0,174105.0,
282749,2336499.0,3675475.0,3675475.0,
282751,2814397.0,910800.0,910800.0,
282759,1013957.0,497939.0,497939.0,
282760,831971.0,31142.0,31142.0,
282810,2128667.0,1794586.0,1794586.0,
282890,2033163.0,2402717.0,2402717.0,
282911,9903645.0,13505137.0,13505137.0,
282919,3936204.0,3215621.0,3215621.0,
282990,1916023.0,276271.0,276271.0,
283010,6559864.0,9257810.0,9257810.0,
283090,340813.0,210027.0,210027.0,
283110,14252495.0,9240711.0,9240711.0,
283190,363429.0,142054.0,142054.0,
283210,10835241.0,23015912.0,23015912.0,
283220,707098.0,978686.0,978686.0,
283230,824560.0,1727224.0,1727224.0,
283311,27274466.0,206087538.0,206087538.0,
283319,6194828.0,48286111.0,48286111.0,
283321,2929632.0,11826325.0,11826325.0,
283322,158476.0,103798.0,103798.0,
283324,3813245.0,533914.0,533914.0,
283325,36206469.0,15154684.0,15154684.0,
283327,2424198.0,2486833.0,2486833.0,
283329,9224461.0,13816291.0,13816291.0,
283330,331385.0,241751.0,241751.0,
283340,1865033.0,1588768.0,1588768.0,
283410,1876222.0,3292164.0,3292164.0,
283421,1489916.0,1466416.0,1466416.0,
283429,2864600.0,2495318.0,2495318.0,
283510,1784024.0,495042.0,495042.0,
283522,2275700.0,2080156.0,2080156.0,
283524,8262376.0,4124325.0,4124325.0,
283525,44777225.0,75055650.0,75055650.0,
283526,13064760.0,18128339.0,18128339.0,
283529,3548068.0,3364253.0,3364253.0,
283531,18773136.0,17155273.0,17155273.0,
283539,14641982.0,7542788.0,7542788.0,
283620,222555797.0,872316489.0,872316489.0,
283630,29414590.0,86626669.0,86626669.0,
283640,9568486.0,8804786.0,8804786.0,
283650,26465095.0,121059767.0,121059767.0,
283660,3367913.0,5001181.0,5001181.0,
283691,81806.0,11809.0,11809.0,
283692,723611.0,979708.0,979708.0,
283699,9801211.0,10285502.0,10285502.0,
283711,26048634.0,8449085.0,8449085.0,
283719,372385.0,26708.0,26708.0,
283720,94325.0,216002.0,216002.0,
283911,1873060.0,4086840.0,4086840.0,
283919,16842624.0,46658654.0,46658654.0,
283990,10703127.0,9227418.0,9227418.0,
284011,30740.0,29438.0,29438.0,
284019,37073013.0,59655245.0,59655245.0,
284020,1311318.0,324837.0,324837.0,
284030,112514.0,33432.0,33432.0,
284130,699311.0,407945.0,407945.0,
284150,285021.0,51216.0,51216.0,
284161,1395931.0,517815.0,517815.0,
284169,755214.0,171413.0,171413.0,
284170,446601.0,26952.0,26952.0,
284180,110897.0,23901.0,23901.0,
284190,1154886.0,193399.0,193399.0,
284210,14631894.0,23103302.0,23103302.0,
284290,4429684.0,814954.0,814954.0,
284310,2849377.0,50236.0,50236.0,
284321,593696.0,9101.0,9101.0,
284329,2590275.0,16682.0,16682.0,
284330,2867260.0,4502.0,4502.0,
284390,1727696.0,20713.0,20713.0,
284410,20993.0,11.0,11.0,
284420,176.0,45.0,45.0,
284440,5856272.0,23484.0,23484.0,
284510,30763.0,11400.0,11400.0,
284590,32250.0,8615.0,8615.0,
284610,924485.0,42782.0,42782.0,
284690,2128499.0,84339.0,84339.0,
284700,12141168.0,23596808.0,23596808.0,
284800,499254.0,88029.0,88029.0,
284910,8042651.0,11688851.0,11688851.0,
284920,2481736.0,1211064.0,1211064.0,
284990,5197250.0,403845.0,403845.0,
285000,422440.0,30488.0,30488.0,
285210,177023.0,901.0,901.0,
285290,1102534.0,122167.0,122167.0,
285300,110672.0,12873.0,12873.0,
290110,18331443.0,11535493.0,11535493.0,
290121,879736575.0,716584951.0,716584951.0,
290122,375869312.0,292382805.0,292382805.0,
290123,43916760.0,29199763.0,29199763.0,
290124,113907638.0,42767903.0,42767903.0,
290129,19730337.0,12753046.0,12753046.0,
290211,722259.0,386344.0,386344.0,
290219,5749655.0,2739762.0,2739762.0,
290220,252520360.0,212959129.0,212959129.0,
290230,148778946.0,122441002.0,122441002.0,
290241,50856356.0,33879141.0,33879141.0,
290242,446.0,3.0,3.0,
290243,959504634.0,643406104.0,643406104.0,
290244,42015116.0,33137014.0,33137014.0,
290250,8133237.0,5354523.0,5354523.0,
290260,6831.0,251.0,251.0,
290270,4458622.0,2840196.0,2840196.0,
290290,18253726.0,8770325.0,8770325.0,
290311,1317561.0,886203.0,886203.0,
290312,7575138.0,10547176.0,10547176.0,
290313,221406.0,50464.0,50464.0,
290315,20751.0,1309.0,1309.0,
290319,2589942.0,2090916.0,2090916.0,
290321,114076959.0,128312688.0,128312688.0,
290322,2839900.0,3583626.0,3583626.0,
290323,1939059.0,1084790.0,1084790.0,
290329,1789755.0,394641.0,394641.0,
290331,717829.0,274115.0,274115.0,
290339,8211133.0,1796726.0,1796726.0,
290371,8415625.0,3478773.0,3478773.0,
290372,967088.0,137754.0,137754.0,
290373,2030670.0,875381.0,875381.0,
290374,1662457.0,300686.0,300686.0,
290375,488695.0,27105.0,27105.0,
290377,80600.0,20000.0,20000.0,
290378,511284.0,150563.0,150563.0,
290379,1509411.0,579253.0,579253.0,
290381,52650.0,650.0,650.0,
290382,420.0,6.0,6.0,
290389,461218.0,111315.0,111315.0,
290391,8909098.0,4970046.0,4970046.0,
290392,152.0,19.0,19.0,
290399,1265884.0,571168.0,571168.0,
290410,4628812.0,2464617.0,2464617.0,
290420,304400.0,142769.0,142769.0,
290490,1623853.0,601660.0,601660.0,
290511,103477092.0,261865693.0,261865693.0,
290512,30862166.0,22807778.0,22807778.0,
290513,48457131.0,35484402.0,35484402.0,
290514,9650271.0,7440805.0,7440805.0,
290516,70333118.0,42580580.0,42580580.0,
290517,2833160.0,1092599.0,1092599.0,
290519,11053905.0,6651646.0,6651646.0,
290522,16513801.0,1833619.0,1833619.0,
290529,1935776.0,189102.0,189102.0,
290531,457241093.0,396889510.0,396889510.0,
290532,63731386.0,36983281.0,36983281.0,
290539,13808916.0,3917754.0,3917754.0,
290541,2072716.0,809305.0,809305.0,
290542,7445295.0,4703739.0,4703739.0,
290543,1810176.0,348928.0,348928.0,
290544,2132942.0,2054980.0,2054980.0,
290545,2209137.0,2326726.0,2326726.0,
290549,4759181.0,2038652.0,2038652.0,
290551,735.0,451.0,451.0,
290559,2472372.0,437923.0,437923.0,
290611,25394117.0,829434.0,829434.0,
290612,80403.0,4698.0,4698.0,
290613,3522712.0,231601.0,231601.0,
290619,9446021.0,590611.0,590611.0,
290621,1401076.0,544740.0,544740.0,
290629,3730520.0,561799.0,561799.0,
290711,21790591.0,14593113.0,14593113.0,
290712,1686867.0,583109.0,583109.0,
290713,6702349.0,3000557.0,3000557.0,
290715,1167171.0,412242.0,412242.0,
290719,4519639.0,1504552.0,1504552.0,
290721,2386067.0,433918.0,433918.0,
290722,3230932.0,321624.0,321624.0,
290723,1022570.0,547074.0,547074.0,
290729,2551712.0,383696.0,383696.0,
290811,257958.0,28856.0,28856.0,
290819,1462208.0,170971.0,170971.0,
290891,906506.0,222172.0,222172.0,
290892,21149.0,2001.0,2001.0,
290899,726818.0,70221.0,70221.0,
290911,2224.0,218.0,218.0,
290919,1074355.0,69468.0,69468.0,
290920,2761652.0,43155.0,43155.0,
290930,9696093.0,1218206.0,1218206.0,
290941,2377174.0,2384114.0,2384114.0,
290943,28090555.0,17024679.0,17024679.0,
290944,15665567.0,7715784.0,7715784.0,
290949,20591954.0,6954347.0,6954347.0,
290950,2262953.0,134735.0,134735.0,
290960,4456568.0,1598003.0,1598003.0,
291010,200757.0,44116.0,44116.0,
291020,33911315.0,20357075.0,20357075.0,
291030,2430260.0,914815.0,914815.0,
291090,534933.0,65509.0,65509.0,
291100,904865.0,286206.0,286206.0,
291211,53631.0,83840.0,83840.0,
291212,513481.0,113472.0,113472.0,
291219,5082835.0,1375667.0,1375667.0,
291221,115165.0,33508.0,33508.0,
291229,11272477.0,1440569.0,1440569.0,
291241,5294238.0,407583.0,407583.0,
291242,4159479.0,223523.0,223523.0,
291249,1669019.0,182998.0,182998.0,
291250,193545.0,25931.0,25931.0,
291260,6680213.0,8231771.0,8231771.0,
291300,73008.0,29873.0,29873.0,
291411,21683427.0,21303282.0,21303282.0,
291412,36010476.0,27736057.0,27736057.0,
291413,6239875.0,3496743.0,3496743.0,
291419,851827.0,161607.0,161607.0,
291422,7952297.0,3897436.0,3897436.0,
291423,2720595.0,185865.0,185865.0,
291429,19229313.0,1664432.0,1664432.0,
291439,2103891.0,405743.0,405743.0,
291440,3669148.0,1139076.0,1139076.0,
291450,2879035.0,208825.0,208825.0,
291461,146205.0,35365.0,35365.0,
291469,770405.0,44238.0,44238.0,
291470,802822.0,54033.0,54033.0,
291511,2246601.0,2365040.0,2365040.0,
291512,903826.0,1452447.0,1452447.0,
291513,1186538.0,345429.0,345429.0,
291521,51519090.0,104975190.0,104975190.0,
291524,336613.0,205620.0,205620.0,
291529,10775486.0,3835779.0,3835779.0,
291531,35267651.0,34079649.0,34079649.0,
291532,50548150.0,49625975.0,49625975.0,
291533,8494589.0,6304771.0,6304771.0,
291536,12375.0,1217.0,1217.0,
291539,31433389.0,13033128.0,13033128.0,
291540,3982312.0,3767043.0,3767043.0,
291550,6306660.0,2534003.0,2534003.0,
291560,11013529.0,4066350.0,4066350.0,
291570,22309643.0,10740845.0,10740845.0,
291590,40728017.0,13984777.0,13984777.0,
291611,12694634.0,6169595.0,6169595.0,
291612,52380506.0,27342138.0,27342138.0,
291613,4304285.0,1557574.0,1557574.0,
291614,103092744.0,47628368.0,47628368.0,
291615,2634410.0,1352193.0,1352193.0,
291619,10280596.0,2070547.0,2070547.0,
291620,31906435.0,1097040.0,1097040.0,
291631,13534611.0,7084790.0,7084790.0,
291632,1220282.0,722435.0,722435.0,
291634,16178.0,1664.0,1664.0,
291639,14570983.0,2763410.0,2763410.0,
291711,1773149.0,1438517.0,1438517.0,
291712,8326504.0,4176422.0,4176422.0,
291713,1322544.0,299279.0,299279.0,
291714,3576609.0,2013084.0,2013084.0,
291719,5144254.0,1881493.0,1881493.0,
291720,2295156.0,932861.0,932861.0,
291732,10620491.0,6402919.0,6402919.0,
291733,3746211.0,1710590.0,1710590.0,
291734,6019751.0,2554230.0,2554230.0,
291735,51921546.0,34173051.0,34173051.0,
291736,83406413.0,72856193.0,72856193.0,
291737,414185.0,270922.0,270922.0,
291739,17578169.0,8788835.0,8788835.0,
291811,6766652.0,3159633.0,3159633.0,
291812,675711.0,222357.0,222357.0,
291813,1582698.0,609220.0,609220.0,
291814,42662092.0,40958017.0,40958017.0,
291815,13977570.0,9728522.0,9728522.0,
291816,5157870.0,5078298.0,5078298.0,
291818,3375.0,679.0,679.0,
291819,3745756.0,1444260.0,1444260.0,
291821,1501583.0,415513.0,415513.0,
291822,1341747.0,343042.0,343042.0,
291823,6794617.0,1951790.0,1951790.0,
291829,5303075.0,632574.0,632574.0,
291830,8649522.0,781785.0,781785.0,
291891,787139.0,425913.0,425913.0,
291899,7387039.0,1060533.0,1060533.0,
291910,379289.0,95138.0,95138.0,
291990,1108594.0,382671.0,382671.0,
292011,567267.0,71932.0,71932.0,
292019,916241.0,261902.0,261902.0,
292090,1250543.0,591529.0,591529.0,
292111,5525481.0,2709175.0,2709175.0,
292119,27959731.0,11742040.0,11742040.0,
292121,7369122.0,3366848.0,3366848.0,
292122,1343745.0,301071.0,301071.0,
292129,11119246.0,3492680.0,3492680.0,
292130,19332924.0,11571288.0,11571288.0,
292141,3217576.0,1074523.0,1074523.0,
292142,6187762.0,2072850.0,2072850.0,
292143,138553.0,16940.0,16940.0,
292144,685841.0,140786.0,140786.0,
292145,2966235.0,818883.0,818883.0,
292149,444722.0,98798.0,98798.0,
292151,11495760.0,3489013.0,3489013.0,
292159,16070960.0,3425057.0,3425057.0,
292211,2130326.0,1338138.0,1338138.0,
292212,3445679.0,2490850.0,2490850.0,
292213,3767267.0,1908666.0,1908666.0,
292219,10366797.0,887295.0,887295.0,
292221,7901905.0,2321275.0,2321275.0,
292229,4856554.0,624229.0,624229.0,
292231,101308.0,394.0,394.0,
292239,791649.0,79168.0,79168.0,
292241,17189429.0,7231502.0,7231502.0,
292242,38408853.0,29990315.0,29990315.0,
292243,30759.0,5821.0,5821.0,
292249,26907037.0,3879441.0,3879441.0,
292250,7824590.0,1584383.0,1584383.0,
292310,14865987.0,11628223.0,11628223.0,
292320,16825207.0,12410316.0,12410316.0,
292390,10173481.0,5139384.0,5139384.0,
292412,349262.0,61529.0,61529.0,
292419,10258560.0,3843895.0,3843895.0,
292421,2669515.0,478517.0,478517.0,
292423,15327.0,125.0,125.0,
292429,69528648.0,10683556.0,10683556.0,
292511,2965263.0,539826.0,539826.0,
292519,1035852.0,213858.0,213858.0,
292521,32200.0,7000.0,7000.0,
292529,3609184.0,389935.0,389935.0,
292610,15038156.0,7516292.0,7516292.0,
292620,3460668.0,563859.0,563859.0,
292690,35717099.0,1293626.0,1293626.0,
292700,18583384.0,6962651.0,6962651.0,
292800,3806706.0,759928.0,759928.0,
292910,140799292.0,61050659.0,61050659.0,
292990,1532472.0,659625.0,659625.0,
293020,12833212.0,3324007.0,3324007.0,
293030,624217.0,220675.0,220675.0,
293040,104595242.0,24733201.0,24733201.0,
293050,206.0,6.0,6.0,
293090,50812212.0,11755789.0,11755789.0,
293110,1184123.0,268483.0,268483.0,
293120,841098.0,195226.0,195226.0,
293190,113799356.0,29272043.0,29272043.0,
293211,1550938.0,373997.0,373997.0,
293212,683679.0,348263.0,348263.0,
293213,2305101.0,1050349.0,1050349.0,
293219,5100151.0,124430.0,124430.0,
293220,11416078.0,1372547.0,1372547.0,
293292,1314.0,57.0,57.0,
293293,1944681.0,71651.0,71651.0,
293295,90520.0,470.0,470.0,
293299,45740843.0,3335566.0,3335566.0,
293311,7955423.0,674865.0,674865.0,
293319,17021998.0,324936.0,324936.0,
293321,819958.0,254283.0,254283.0,
293329,11070198.0,588215.0,588215.0,
293331,5008906.0,1180091.0,1180091.0,
293332,1562.0,18.0,18.0,
293333,160465.0,124.0,124.0,
293339,105237212.0,23774941.0,23774941.0,
293349,11913598.0,343658.0,343658.0,
293352,12633.0,35.0,35.0,
293353,40912.0,929.0,929.0,
293354,16725.0,192.0,192.0,
293359,24207826.0,1077391.0,1077391.0,
293361,26240864.0,19988832.0,19988832.0,
293369,16227708.0,8876425.0,8876425.0,
293371,95702854.0,37155392.0,37155392.0,
293372,430762.0,40099.0,40099.0,
293379,4021486.0,360570.0,360570.0,
293391,1185207.0,4484.0,4484.0,
293399,23567131.0,968304.0,968304.0,
293410,3575444.0,150875.0,150875.0,
293420,7090733.0,1850541.0,1850541.0,
293430,2015144.0,175075.0,175075.0,
293491,51576.0,6175.0,6175.0,
293499,59531902.0,1853088.0,1853088.0,
293500,28882684.0,2175059.0,2175059.0,
293621,9517802.0,340946.0,340946.0,
293622,7334206.0,262048.0,262048.0,
293623,5309350.0,160514.0,160514.0,
293624,6060992.0,579952.0,579952.0,
293625,7422599.0,336261.0,336261.0,
293626,4474400.0,50011.0,50011.0,
293627,21232251.0,3188502.0,3188502.0,
293628,23864238.0,898897.0,898897.0,
293629,16081805.0,1452358.0,1452358.0,
293690,24341983.0,3187924.0,3187924.0,
293719,328810.0,906.0,906.0,
293721,4519277.0,6069.0,6069.0,
293722,8126015.0,3917.0,3917.0,
293723,13492587.0,7665.0,7665.0,
293729,5871598.0,2988.0,2988.0,
293750,107900.0,42.0,42.0,
293790,2699426.0,133299.0,133299.0,
293810,260972.0,4008.0,4008.0,
293890,3003202.0,61193.0,61193.0,
293911,32074.0,7.0,7.0,
293919,1262897.0,4988.0,4988.0,
293920,167658.0,1540.0,1540.0,
293930,5961670.0,693721.0,693721.0,
293941,514395.0,9279.0,9279.0,
293942,2890044.0,51594.0,51594.0,
293949,1264198.0,27947.0,27947.0,
293951,74500.0,1473.0,1473.0,
293959,3506539.0,312409.0,312409.0,
293962,45211.0,5.0,5.0,
293963,58096.0,7.0,7.0,
293969,374769.0,108.0,108.0,
293991,23075.0,250.0,250.0,
293999,4037311.0,35803.0,35803.0,
294000,9984937.0,2222784.0,2222784.0,
294110,45815687.0,1097530.0,1097530.0,
294120,442251.0,83769.0,83769.0,
294130,6130448.0,323305.0,323305.0,
294140,3772823.0,119601.0,119601.0,
294150,8562423.0,75883.0,75883.0,
294190,58315074.0,1497852.0,1497852.0,
294200,14359752.0,1696680.0,1696680.0,
300120,318156.0,3940.0,3940.0,
300190,123179.0,9061.0,9061.0,
300210,36857999.0,123195.0,123195.0,
300220,48512756.0,98960.0,98960.0,
300230,31755902.0,848106.0,848106.0,
300290,10378394.0,159152.0,159152.0,
300310,560264.0,249251.0,249251.0,
300320,1150816.0,17493.0,17493.0,
300339,1260137.0,45341.0,45341.0,
300340,2008584.0,5322.0,5322.0,
300390,10348335.0,650805.0,650805.0,
300410,7395738.0,192509.0,192509.0,
300420,17387251.0,647278.0,647278.0,
300431,27258871.0,58707.0,58707.0,
300432,2254893.0,21794.0,21794.0,
300439,20018859.0,345078.0,345078.0,
300440,6881907.0,159112.0,159112.0,
300450,11218008.0,398014.0,398014.0,
300490,306049071.0,120712807.0,120712807.0,
300510,2363346.0,174580.0,174580.0,
300590,8849046.0,805495.0,805495.0,
300610,11539015.0,83069.0,83069.0,
300620,2769930.0,15004.0,15004.0,
300630,4560309.0,85239.0,85239.0,
300640,812475.0,93751.0,93751.0,
300650,538846.0,55328.0,55328.0,
300660,1319758.0,29405.0,29405.0,
300670,4074057.0,52035.0,52035.0,
300691,280385.0,904.0,904.0,
300692,24065.0,1430.0,1430.0,
310100,3317384.0,4343079.0,4343079.0,
310210,61584125.0,145871724.0,145871724.0,
310221,203341643.0,820346119.0,820346119.0,
310229,1710769.0,5007443.0,5007443.0,
310230,219381341.0,371965384.0,371965384.0,
310240,790622.0,1952457.0,1952457.0,
310250,4106647.0,7986723.0,7986723.0,
310260,5021596.0,12687351.0,12687351.0,
310280,4480.0,500.0,500.0,
310290,4814479.0,10189894.0,10189894.0,
310310,291539026.0,715191869.0,715191869.0,
310390,176989792.0,1255929046.0,1255929046.0,
310420,1240580987.0,2476695782.0,2476695782.0,
310430,1257624.0,1829451.0,1829451.0,
310490,23310490.0,39231702.0,39231702.0,
310510,2829357.0,4741982.0,4741982.0,
310520,169487741.0,288599571.0,288599571.0,
310530,131405960.0,215808369.0,215808369.0,
310540,22831016.0,34313265.0,34313265.0,
310551,2127834.0,5040263.0,5040263.0,
310559,22397124.0,46775453.0,46775453.0,
310560,129702.0,123908.0,123908.0,
310590,30345477.0,58992597.0,58992597.0,
320110,604731.0,305765.0,305765.0,
320120,686782.0,450776.0,450776.0,
320190,380479.0,56398.0,56398.0,
320210,4900290.0,2810971.0,2810971.0,
320290,4250371.0,2873166.0,2873166.0,
320300,4930583.0,239477.0,239477.0,
320411,92808391.0,18849549.0,18849549.0,
320412,6997178.0,1115307.0,1115307.0,
320413,4004216.0,667682.0,667682.0,
320414,22746091.0,5363227.0,5363227.0,
320415,18714455.0,3034918.0,3034918.0,
320416,49925687.0,11293853.0,11293853.0,
320417,128529183.0,16003177.0,16003177.0,
320419,15662039.0,5549716.0,5549716.0,
320420,26790057.0,4492951.0,4492951.0,
320490,11876910.0,3275477.0,3275477.0,
320500,5857016.0,1490980.0,1490980.0,
320611,245478867.0,70549426.0,70549426.0,
320619,16541689.0,3260582.0,3260582.0,
320620,7826362.0,1659580.0,1659580.0,
320641,4008707.0,1927815.0,1927815.0,
320642,2542083.0,1124415.0,1124415.0,
320649,31781127.0,5944509.0,5944509.0,
320650,11856528.0,1608449.0,1608449.0,
320710,36730772.0,9429175.0,9429175.0,
320720,27950809.0,31690156.0,31690156.0,
320730,4114367.0,405027.0,405027.0,
320740,50864599.0,91846817.0,91846817.0,
320810,27686844.0,4981827.0,4981827.0,
320820,40349251.0,8117941.0,8117941.0,
320890,85187815.0,16190540.0,16190540.0,
320910,26932979.0,9808937.0,9808937.0,
320990,20698977.0,6276084.0,6276084.0,
321000,10530065.0,2163442.0,2163442.0,
321100,5488349.0,1698214.0,1698214.0,
321210,6530159.0,864431.0,864431.0,
321290,30658244.0,5747561.0,5747561.0,
321310,3454883.0,1259897.0,1259897.0,
321390,477478.0,260680.0,260680.0,
321410,19753175.0,5627717.0,5627717.0,
321490,23771529.0,10348567.0,10348567.0,
321511,86411023.0,3361069.0,3361069.0,
321519,59243625.0,8201163.0,8201163.0,
321590,15812097.0,1899297.0,1899297.0,
330112,6568086.0,677976.0,677976.0,
330113,3057304.0,115506.0,115506.0,
330119,2218917.0,95567.0,95567.0,
330124,1410318.0,77004.0,77004.0,
330125,1400931.0,138032.0,138032.0,
330129,41258457.0,13321855.0,13321855.0,
330130,2092885.0,133399.0,133399.0,
330190,10767435.0,704706.0,704706.0,
330210,35216559.0,2846837.0,2846837.0,
330290,318041703.0,19897304.0,19897304.0,
330300,84739634.0,1673855.0,1673855.0,
330410,8638913.0,345843.0,345843.0,
330420,15080465.0,597548.0,597548.0,
330430,970337.0,81966.0,81966.0,
330491,12548230.0,1188468.0,1188468.0,
330499,106872051.0,8818594.0,8818594.0,
330510,117250929.0,33778380.0,33778380.0,
330520,1499055.0,264273.0,264273.0,
330530,3278933.0,895831.0,895831.0,
330590,30016373.0,5943375.0,5943375.0,
330610,17099202.0,3007648.0,3007648.0,
330620,100401.0,4403.0,4403.0,
330690,1656710.0,774145.0,774145.0,
330710,693817.0,85742.0,85742.0,
330720,19544119.0,2004977.0,2004977.0,
330730,3841630.0,1734651.0,1734651.0,
330741,2715669.0,3166466.0,3166466.0,
330749,9052806.0,1424717.0,1424717.0,
330790,4106100.0,964433.0,964433.0,
340111,16863113.0,7693584.0,7693584.0,
340119,6348912.0,2127485.0,2127485.0,
340120,937297.0,507137.0,507137.0,
340130,6296996.0,478065.0,478065.0,
340211,34792328.0,14926794.0,14926794.0,
340212,32749946.0,11472584.0,11472584.0,
340213,77796737.0,28958098.0,28958098.0,
340219,32836091.0,13264771.0,13264771.0,
340220,21623924.0,9305879.0,9305879.0,
340290,95714493.0,38060612.0,38060612.0,
340311,15498669.0,4473538.0,4473538.0,
340319,113974426.0,40836663.0,40836663.0,
340391,36097552.0,11402615.0,11402615.0,
340399,28250236.0,6206793.0,6206793.0,
340420,11356484.0,4503285.0,4503285.0,
340490,40197052.0,14845385.0,14845385.0,
340510,1036201.0,198468.0,198468.0,
340520,189963.0,14013.0,14013.0,
340530,1886830.0,630958.0,630958.0,
340540,988096.0,179385.0,179385.0,
340590,2396060.0,744296.0,744296.0,
340600,1787931.0,1153705.0,1153705.0,
340700,2149217.0,297140.0,297140.0,
350110,26910542.0,3149602.0,3149602.0,
350190,23144769.0,2367035.0,2367035.0,
350211,804478.0,118950.0,118950.0,
350219,40163.0,4604.0,4604.0,
350220,3062957.0,349611.0,349611.0,
350290,94564.0,2162.0,2162.0,
350300,28291203.0,3916506.0,3916506.0,
350400,12153502.0,3296715.0,3296715.0,
350510,124457937.0,160120086.0,160120086.0,
350520,13481002.0,5919971.0,5919971.0,
350610,22118535.0,4185863.0,4185863.0,
350691,89734030.0,27192197.0,27192197.0,
350699,62869502.0,15998020.0,15998020.0,
350790,35437632.0,4636285.0,4636285.0,
360100,3007962.0,190213.0,190213.0,
360200,13521281.0,2046137.0,2046137.0,
360300,71383287.0,39548725.0,39548725.0,
360410,27353519.0,20695957.0,20695957.0,
360490,1348057.0,192691.0,192691.0,
360610,68332.0,80298.0,80298.0,
360690,2234427.0,262079.0,262079.0,
370110,11977160.0,496463.0,,
370120,1390954.0,44643.0,44643.0,
370130,20668852.0,3440515.0,,
370191,131904.0,16051.0,16051.0,
370199,1937583.0,2333564.0,,
370210,508514.0,16507.0,,
370231,4007.0,161.0,,
370232,53176.0,29289.0,,
370239,420939.0,21712.0,,
370241,1.0,1.0,,
370243,665828.0,33642.0,98477.0,
370244,1282323.0,158669.0,228727.0,
370252,7229.0,96.0,,
370253,6573.0,374.0,,
370254,116027.0,8738.0,113014.0,
370255,511848.0,10669.0,,
370256,3391.0,65.0,,
370296,598982.0,622802.0,,
370297,66043.0,3618.0,,
370298,41907.0,16514.0,,
370310,3397854.0,954890.0,954890.0,
370320,14579978.0,1953317.0,1953317.0,
370390,1199205.0,770044.0,770044.0,
370400,925129.0,168325.0,168325.0,
370510,196155.0,214180.0,214180.0,
370590,588207.0,118404.0,118404.0,
370610,1373542.0,19376.0,,
370690,1196.0,2424.0,,
370710,399030.0,100147.0,100147.0,
370790,18176336.0,3341451.0,3341451.0,
380110,10399250.0,5558794.0,5558794.0,
380120,409559.0,144729.0,144729.0,
380130,12050283.0,18223815.0,18223815.0,
380190,6115748.0,2665989.0,2665989.0,
380210,13069587.0,6650384.0,6650384.0,
380290,17053952.0,18220827.0,18220827.0,
380300,379950.0,187026.0,187026.0,
380400,13466717.0,8798525.0,8798525.0,
380510,395852.0,136915.0,136915.0,
380590,5422488.0,2150652.0,2150652.0,
380610,2189385.0,640846.0,640846.0,
380620,709725.0,202994.0,202994.0,
380630,5157453.0,1526861.0,1526861.0,
380690,13482038.0,6405488.0,6405488.0,
380700,275533.0,187780.0,187780.0,
380850,42537231.0,11166556.0,11166556.0,
380891,87972916.0,8605851.0,8605851.0,
380892,58202932.0,10198070.0,10198070.0,
380893,93391628.0,22680545.0,22680545.0,
380894,3491965.0,2823583.0,2823583.0,
380899,7365311.0,2588854.0,2588854.0,
380910,2666583.0,2550748.0,2550748.0,
380991,60768736.0,32367362.0,32367362.0,
380992,64311263.0,29801974.0,29801974.0,
380993,12414945.0,4275567.0,4275567.0,
381010,38503179.0,10433017.0,10433017.0,
381090,21092961.0,6092998.0,6092998.0,
381111,37713.0,8379.0,8379.0,
381119,6801080.0,1206776.0,1206776.0,
381121,171033355.0,43028510.0,43028510.0,
381129,6537275.0,2436285.0,2436285.0,
381190,50275687.0,13698902.0,13698902.0,
381210,59886050.0,20652920.0,20652920.0,
381220,34421287.0,14855066.0,14855066.0,
381230,84151320.0,30624363.0,30624363.0,
381300,6398680.0,3089169.0,3089169.0,
381400,22610739.0,8823426.0,8823426.0,
381511,10904787.0,744903.0,744903.0,
381512,19537255.0,569947.0,569947.0,
381519,67719632.0,10034317.0,10034317.0,
381590,50302719.0,11763881.0,11763881.0,
381600,40077167.0,41537351.0,41537351.0,
381700,143383548.0,75350598.0,75350598.0,
381800,5728064.0,369618.0,369618.0,
381900,8459773.0,3544817.0,3544817.0,
382000,8803833.0,4089794.0,4089794.0,
382100,4087753.0,143846.0,143846.0,
382200,80606358.0,2876514.0,2876514.0,
382311,6886212.0,5095440.0,5095440.0,
382312,722671.0,373750.0,373750.0,
382313,3194630.0,2044947.0,2044947.0,
382319,15955985.0,8241346.0,8241346.0,
382370,38424302.0,19617431.0,19617431.0,
382410,14110949.0,8900695.0,8900695.0,
382430,172804.0,38414.0,38414.0,
382440,67862176.0,37818491.0,37818491.0,
382450,1936152.0,1157912.0,1157912.0,
382460,3932406.0,5899156.0,5899156.0,
382471,608305.0,29346.0,29346.0,
382472,81560.0,24089.0,24089.0,
382473,80.0,2.0,2.0,
382474,330147.0,104611.0,104611.0,
382475,15821.0,330.0,330.0,
382476,9630.0,1462.0,1462.0,
382477,3780.0,94.0,94.0,
382478,869661.0,154595.0,154595.0,
382479,24310774.0,13072129.0,13072129.0,
382481,819551.0,279123.0,279123.0,
382482,2858826.0,293776.0,293776.0,
382483,399659.0,174825.0,174825.0,
382490,140231037.0,35120912.0,35120912.0,
382510,43687.0,18000.0,18000.0,
382530,3148.0,73.0,73.0,
382590,30129.0,1758.0,1758.0,
382600,4199397.0,4061759.0,4061759.0,
390110,499521954.0,343434041.0,343434041.0,
390120,368506858.0,258825006.0,258825006.0,
390130,71876492.0,42317423.0,42317423.0,
390190,204020978.0,128873850.0,128873850.0,
390210,861962769.0,587270803.0,587270803.0,
390220,8132682.0,2726290.0,2726290.0,
390230,420577334.0,256910364.0,256910364.0,
390290,24670867.0,7373389.0,7373389.0,
390311,41110067.0,20330900.0,20330900.0,
390319,104139950.0,58329704.0,58329704.0,
390320,23872592.0,10287280.0,10287280.0,
390330,245630720.0,107167481.0,107167481.0,
390390,15620823.0,5240200.0,5240200.0,
390410,84652673.0,76110724.0,76110724.0,
390421,3426450.0,2098059.0,2098059.0,
390422,11595072.0,7975711.0,7975711.0,
390430,6736997.0,2725598.0,2725598.0,
390440,4974845.0,1438220.0,1438220.0,
390450,12239967.0,5513080.0,5513080.0,
390461,1008061.0,45183.0,45183.0,
390469,1112494.0,101921.0,101921.0,
390490,667248.0,193546.0,193546.0,
390512,1215007.0,735036.0,735036.0,
390519,1126300.0,2504409.0,2504409.0,
390521,5258145.0,5237338.0,5237338.0,
390529,3782207.0,1454723.0,1454723.0,
390530,55865933.0,23091956.0,23091956.0,
390591,4136373.0,1225817.0,1225817.0,
390599,12947931.0,875297.0,875297.0,
390610,28474374.0,9533573.0,9533573.0,
390690,227242270.0,87622541.0,87622541.0,
390710,25193882.0,9636443.0,9636443.0,
390720,198348676.0,84122180.0,84122180.0,
390730,124836122.0,34809501.0,34809501.0,
390740,118035316.0,44224346.0,44224346.0,
390750,3825664.0,1130348.0,1130348.0,
390760,198759551.0,126853856.0,126853856.0,
390770,339117.0,114449.0,114449.0,
390791,55360503.0,16508482.0,16508482.0,
390799,105449069.0,50296704.0,50296704.0,
390810,225105015.0,66726725.0,66726725.0,
390890,18552031.0,5141182.0,5141182.0,
390910,27580354.0,15062998.0,15062998.0,
390920,14042793.0,5768495.0,5768495.0,
390930,31037055.0,12419914.0,12419914.0,
390940,39487372.0,17929048.0,17929048.0,
390950,109271537.0,29192168.0,29192168.0,
391000,72143316.0,15400668.0,15400668.0,
391110,59382542.0,22263153.0,22263153.0,
391190,45540140.0,13438644.0,13438644.0,
391211,713301.0,83570.0,83570.0,
391212,940055.0,152182.0,152182.0,
391220,15368759.0,4964093.0,4964093.0,
391231,28085555.0,8118664.0,8118664.0,
391239,38456911.0,5227841.0,5227841.0,
391290,20893240.0,4457197.0,4457197.0,
391310,7039823.0,1412959.0,1412959.0,
391390,21525598.0,5926509.0,5926509.0,
391400,17701454.0,5358897.0,5358897.0,
391510,5624619.0,22891149.0,22891149.0,
391520,185883.0,338347.0,338347.0,
391530,10228.0,24.0,24.0,
391590,60856876.0,83764527.0,83764527.0,
391610,1049547.0,122571.0,122571.0,
391620,5032446.0,2670234.0,2670234.0,
391690,10936921.0,3469602.0,3469602.0,
391710,16356409.0,4277559.0,4277559.0,
391721,5747492.0,1251299.0,1251299.0,
391722,5107575.0,731892.0,731892.0,
391723,3443002.0,1477958.0,1477958.0,
391729,14844141.0,3175286.0,3175286.0,
391731,10567790.0,1787345.0,1787345.0,
391732,31513255.0,3836036.0,3836036.0,
391733,1474868.0,538059.0,538059.0,
391739,17109432.0,6480142.0,6480142.0,
391740,29254572.0,5906861.0,5906861.0,
391810,26588771.0,29111451.0,29111451.0,
391890,24158325.0,11426169.0,11426169.0,
391910,94761114.0,24752195.0,24752195.0,
391990,154979306.0,61126459.0,61126459.0,
392010,85485755.0,42741000.0,42741000.0,
392020,103418635.0,44097585.0,44097585.0,
392030,9542151.0,2028923.0,2028923.0,
392043,17105463.0,11232284.0,11232284.0,
392049,34038254.0,20418962.0,20418962.0,
392051,616119.0,183036.0,183036.0,
392059,1430633.0,604745.0,604745.0,
392061,16933117.0,4953389.0,4953389.0,
392062,53995368.0,28271197.0,28271197.0,
392063,542968.0,286891.0,286891.0,
392069,36197357.0,9522217.0,9522217.0,
392071,13710459.0,2615942.0,2615942.0,
392073,64542.0,16076.0,16076.0,
392079,9933.0,2856.0,2856.0,
392091,11211249.0,2741359.0,2741359.0,
392092,10108250.0,2110888.0,2110888.0,
392093,1013912.0,180585.0,180585.0,
392094,2617498.0,1661988.0,1661988.0,
392099,11161712.0,4581531.0,4581531.0,
392111,3603337.0,572840.0,572840.0,
392112,39915721.0,41412922.0,41412922.0,
392113,20486733.0,2413069.0,2413069.0,
392114,1167297.0,307405.0,307405.0,
392119,36489970.0,30399223.0,30399223.0,
392190,119599175.0,52024597.0,52024597.0,
392210,9709358.0,1715835.0,1715835.0,
392220,4892964.0,1085403.0,1085403.0,
392290,8619743.0,3053066.0,3053066.0,
392310,85409268.0,24118312.0,24118312.0,
392321,45826627.0,12371550.0,12371550.0,
392329,48590095.0,8710385.0,8710385.0,
392330,35677394.0,8998996.0,8998996.0,
392340,13901097.0,2042866.0,2042866.0,
392350,58983135.0,10831624.0,10831624.0,
392390,60767431.0,19309953.0,19309953.0,
392410,9437592.0,2247464.0,2247464.0,
392490,66352066.0,16219810.0,16219810.0,
392510,154525.0,66315.0,66315.0,
392520,3728613.0,2939556.0,2939556.0,
392530,3202914.0,1749836.0,1749836.0,
392590,9047897.0,3106688.0,3106688.0,
392610,7491720.0,3407303.0,3407303.0,
392620,52564850.0,8353262.0,8353262.0,
392630,7074092.0,2101879.0,2101879.0,
392640,5292417.0,1752859.0,1752859.0,
392690,325017411.0,54804409.0,54804409.0,
400110,38966407.0,17450658.0,17450658.0,
400121,4715848.0,1552221.0,1552221.0,
400122,24530924.0,7358488.0,7358488.0,
400129,2274944.0,762236.0,762236.0,
400130,196645.0,51120.0,51120.0,
400211,23001473.0,12262780.0,12262780.0,
400219,377091344.0,136737064.0,136737064.0,
400220,242809118.0,72006757.0,72006757.0,
400231,57203861.0,13998756.0,13998756.0,
400239,44337594.0,8469264.0,8469264.0,
400241,8125040.0,2918280.0,2918280.0,
400249,29932471.0,5870829.0,5870829.0,
400251,23560640.0,12748952.0,12748952.0,
400259,17056546.0,4564431.0,4564431.0,
400260,6760147.0,1616146.0,1616146.0,
400270,41506133.0,9295986.0,9295986.0,
400280,8496793.0,2617757.0,2617757.0,
400291,12313937.0,8048277.0,8048277.0,
400299,18491147.0,4668554.0,4668554.0,
400300,8836115.0,12913777.0,12913777.0,
400400,5413670.0,9987705.0,9987705.0,
400510,25910735.0,3880398.0,3880398.0,
400520,1718235.0,998576.0,998576.0,
400591,16619442.0,3818973.0,3818973.0,
400599,12813777.0,4950918.0,4950918.0,
400610,1921361.0,1286129.0,1286129.0,
400690,14373981.0,991722.0,991722.0,
400700,20568073.0,6400469.0,6400469.0,
400811,10009827.0,3101346.0,3101346.0,
400819,8120864.0,1275361.0,1275361.0,
400821,11299556.0,2576884.0,2576884.0,
400829,6795037.0,808328.0,808328.0,
400911,15098287.0,3518481.0,3518481.0,
400912,4834548.0,1007193.0,1007193.0,
400921,25298385.0,2631135.0,2631135.0,
400922,21305047.0,1448785.0,1448785.0,
400931,46656341.0,5618428.0,5618428.0,
400932,11874400.0,993264.0,993264.0,
400941,18150440.0,4624239.0,4624239.0,
400942,61084647.0,4376732.0,4376732.0,
401011,31692903.0,4550649.0,4550649.0,
401012,14053610.0,4476421.0,4476421.0,
401019,28382610.0,5789650.0,5789650.0,
401031,6521965.0,412868.0,412868.0,
401032,1017267.0,64165.0,64165.0,
401033,299129.0,22390.0,22390.0,
401034,335658.0,13566.0,13566.0,
401035,272479.0,12897.0,12897.0,
401036,26435.0,1576.0,1576.0,
401039,38961318.0,3713565.0,3713565.0,
401110,61798059.0,18607744.0,970540.0,
401120,130896079.0,52725981.0,650246.0,
401130,8431181.0,840684.0,11722.0,
401140,4714055.0,1273136.0,134329.0,
401150,5989316.0,4232372.0,1233345.0,
401161,6491124.0,2182044.0,14753.0,
401162,2931753.0,908718.0,10192.0,
401163,8616727.0,1647696.0,,
401169,49728725.0,6256194.0,,
401192,399287.0,94872.0,,
401193,20952273.0,6404520.0,,
401194,291165367.0,31074629.0,,
401199,141550427.0,15393570.0,,
401211,757.0,95.0,19.0,
401212,29409.0,16206.0,161.0,
401213,1944602.0,339905.0,3927.0,
401219,936014.0,787189.0,,
401220,24611.0,19537.0,562.0,
401290,11781167.0,3671431.0,3671431.0,
401310,5027429.0,2864929.0,710473.0,
401320,2317144.0,1365693.0,1855359.0,
401390,3487805.0,3539767.0,654759.0,
401410,9612201.0,733129.0,733129.0,
401490,12287918.0,828988.0,828988.0,
401511,10605480.0,1578158.0,1578158.0,
401519,7233893.0,1078124.0,1078124.0,
401590,3071155.0,329642.0,329642.0,
401610,6253783.0,734744.0,734744.0,
401691,5517667.0,2590505.0,2590505.0,
401692,5560255.0,1786492.0,1786492.0,
401693,165198062.0,23079344.0,23079344.0,
401694,7965630.0,2219375.0,2219375.0,
401695,6377014.0,1357810.0,1357810.0,
401699,167793435.0,22115534.0,22115534.0,
401700,5917930.0,514911.0,514911.0,
410120,4739993.0,8327259.0,8327259.0,
410150,1147519.0,1182650.0,1182650.0,
410190,1513028.0,2027586.0,2027586.0,
410210,255362.0,284507.0,284507.0,
410221,1042519.0,77897.0,77897.0,
410229,93199.0,253559.0,253559.0,
410320,27075.0,1540.0,1540.0,
410330,33164.0,2222.0,2222.0,
410390,361908.0,483101.0,483101.0,
410411,16225931.0,9657094.0,9657094.0,
410419,8203984.0,3811568.0,3811568.0,
410441,41571780.0,2312738.0,2312738.0,
410449,64938528.0,4966559.0,4966559.0,
410510,8432280.0,824511.0,824511.0,
410530,2689129.0,33418.0,33418.0,
410621,2091228.0,246469.0,246469.0,
410622,316121.0,10165.0,10165.0,
410632,101399.0,5040.0,5040.0,
410640,6098.0,309.0,309.0,
410692,1213659.0,11929.0,11929.0,
410711,18562796.0,857289.0,857289.0,
410712,4590058.0,265726.0,265726.0,
410719,70637796.0,4167012.0,4167012.0,
410791,1872348.0,94608.0,94608.0,
410792,38727866.0,1558102.0,1558102.0,
410799,68336419.0,6111401.0,6111401.0,
411200,9340307.0,434425.0,434425.0,
411310,15751735.0,443374.0,443374.0,
411320,9139322.0,462263.0,462263.0,
411330,61309.0,194.0,194.0,
411390,3733535.0,155687.0,155687.0,
411410,31079.0,2180.0,2180.0,
411420,7397848.0,645842.0,645842.0,
411510,5494564.0,190795.0,190795.0,
411520,3695.0,1359.0,1359.0,
420100,63402.0,24817.0,24817.0,
420211,14747811.0,1810958.0,,
420212,38289769.0,8937581.0,2441212.0,
420219,8536060.0,1886092.0,,
420221,11669860.0,335769.0,,
420222,28485208.0,4899684.0,,
420229,38784970.0,9356026.0,,
420231,5932908.0,233149.0,233149.0,
420232,7408578.0,2010282.0,2010282.0,
420239,4287523.0,831273.0,831273.0,
420291,4607704.0,999130.0,999130.0,
420292,14222046.0,1202352.0,1202352.0,
420299,3813021.0,1178395.0,1178395.0,
420310,1459186.0,18071.0,18071.0,
420321,258678.0,12079.0,12079.0,
420329,2027019.0,488090.0,488090.0,
420330,8510844.0,1150110.0,1150110.0,
420340,1751515.0,114701.0,114701.0,
420500,5873812.0,561959.0,561959.0,
420600,45078.0,346.0,346.0,
430110,13901.0,2857.0,2857.0,
430130,652.0,10.0,10.0,
430160,8.0,1.0,1.0,
430180,80031.0,450.0,450.0,
430211,437.0,78.0,78.0,
430219,1991178.0,35227.0,35227.0,
430220,1753.0,4.0,4.0,
430230,1558.0,11.0,11.0,
430310,449650.0,10511.0,10511.0,
430390,283974.0,5931.0,5931.0,
430400,499996.0,52373.0,52373.0,
440110,2365805.0,5927074.0,5927074.0,
440121,462392.0,4835587.0,4835587.0,
440122,175291.0,134238.0,134238.0,
440131,48511.0,37840.0,37840.0,
440139,290844.0,426894.0,426894.0,
440290,123946.0,47217.0,47217.0,
440310,3150827.0,4317653.0,8748.0,
440320,1621714.0,6012126.0,15497.0,
440341,238161.0,2771260.0,302.0,
440349,29049.0,37348.0,63.0,
440391,8755823.0,23226898.0,20328.0,
440392,1998625.0,68363073.0,10828.0,
440399,2389809.0,6130256.0,10330.0,
440410,17355.0,58127.0,58127.0,
440420,99902.0,120766.0,120766.0,
440500,2471169.0,5690333.0,5690333.0,
440690,237942.0,364184.0,611.0,
440710,35537963.0,61085484.0,126253.0,
440721,65756.0,30304.0,56.0,
440725,2799212.0,4059664.0,2872.0,
440726,15301.0,8300.0,17.0,
440727,3822592.0,7039606.0,4042.0,
440728,915059.0,946563.0,844.0,
440729,1632908.0,3591220.0,1648.0,
440791,15925007.0,21387618.0,18292.0,
440792,2789695.0,5050433.0,5530.0,
440793,5834574.0,4390171.0,6626.0,
440794,20466.0,22604.0,19.0,
440795,1729364.0,836563.0,2310.0,
440799,24639480.0,34958889.0,34332.0,
440810,13094327.0,13662030.0,13662030.0,
440831,184574.0,74115.0,74115.0,
440839,5117535.0,2497257.0,2497257.0,
440890,17186239.0,10147801.0,10147801.0,
440910,1315540.0,1443361.0,1443361.0,
440921,196186.0,213370.0,213370.0,
440929,1607928.0,912458.0,912458.0,
441011,69875236.0,262015608.0,262015608.0,
441012,656.0,580.0,580.0,
441019,4947429.0,13250373.0,13250373.0,
441090,1290455.0,2951254.0,2951254.0,
441112,20519890.0,41034585.0,41034585.0,
441113,9249343.0,15348688.0,15348688.0,
441114,26681121.0,56499563.0,56499563.0,
441192,3794273.0,4064957.0,4064957.0,
441193,7564033.0,17435671.0,17435671.0,
441194,1450651.0,3340056.0,3340056.0,
441210,298170.0,283367.0,490.0,
441231,1841828.0,2727796.0,2622.0,
441232,6341199.0,8952808.0,9349.0,
441239,51804675.0,91804367.0,103725.0,
441294,765646.0,652857.0,652857.0,
441299,9769115.0,12296713.0,12296713.0,
441300,1420279.0,1065964.0,1065964.0,
441400,388402.0,126336.0,126336.0,
441510,957207.0,375407.0,,
441520,1482536.0,2252881.0,155311.0,
441600,193036.0,49748.0,49748.0,
441700,2179222.0,1180120.0,1180120.0,
441810,1543.0,853.0,853.0,
441820,1345960.0,842453.0,842453.0,
441840,502910.0,325638.0,325638.0,
441850,4825.0,327.0,327.0,
441860,19855.0,10005.0,10005.0,
441871,13513.0,4840.0,4840.0,
441872,292469.0,160327.0,160327.0,
441879,394107.0,337753.0,337753.0,
441890,2867687.0,2973365.0,2973365.0,
441900,552904.0,312715.0,312715.0,
442010,147448.0,26637.0,26637.0,
442090,2436637.0,539828.0,539828.0,
442110,2948047.0,287858.0,287858.0,
442190,7994117.0,4338764.0,4338764.0,
450110,40149.0,20840.0,20840.0,
450190,95056.0,27551.0,27551.0,
450200,99968.0,32534.0,32534.0,
450310,826962.0,62205.0,62205.0,
450390,455732.0,183950.0,183950.0,
450410,1093440.0,3098855.0,3098855.0,
450490,1933712.0,484008.0,484008.0,
460121,435315.0,232511.0,232511.0,
460122,1960.0,1656.0,1656.0,
460129,120607.0,33133.0,33133.0,
460192,26257.0,17188.0,17188.0,
460193,2927.0,33.0,33.0,
460194,50836.0,11461.0,11461.0,
460199,55226.0,8241.0,8241.0,
460211,131109.0,136686.0,136686.0,
460212,80851.0,17141.0,17141.0,
460219,127353.0,34688.0,34688.0,
460290,88382.0,13030.0,13030.0,
470100,123041671.0,212204715.0,212204715.0,
470200,422183714.0,432229012.0,432229012.0,
470311,23020683.0,36135573.0,36135573.0,
470321,354727288.0,494978528.0,494978528.0,
470329,48940705.0,79097253.0,79097253.0,
470411,2141638.0,3879420.0,3879420.0,
470419,63360.0,11598.0,11598.0,
470421,15736361.0,20694009.0,20694009.0,
470429,3426137.0,5087440.0,5087440.0,
470500,28163941.0,50512794.0,50512794.0,
470610,7758400.0,2827789.0,2827789.0,
470620,292043.0,242001.0,242001.0,
470630,85174.0,14008.0,14008.0,
470691,5839597.0,7839202.0,7839202.0,
470692,3973960.0,2599045.0,2599045.0,
470693,11684316.0,14964967.0,14964967.0,
470710,324912986.0,1512884439.0,1512884439.0,
470720,20822520.0,68482851.0,68482851.0,
470730,129684679.0,566187626.0,566187626.0,
470790,24874089.0,144933507.0,144933507.0,
480100,9347153.0,15023281.0,15023281.0,
480210,1326877.0,669459.0,669459.0,
480220,2092509.0,1818165.0,1818165.0,
480240,402363.0,198725.0,198725.0,
480254,6848742.0,4674484.0,4674484.0,
480255,22735348.0,22268975.0,22268975.0,
480256,1206559.0,1259539.0,1259539.0,
480257,6891020.0,5447138.0,5447138.0,
480258,4828241.0,2966403.0,2966403.0,
480261,7497367.0,8722014.0,8722014.0,
480262,1794229.0,366052.0,366052.0,
480269,3268527.0,2555947.0,2555947.0,
480300,5672079.0,1473420.0,1473420.0,
480411,9288299.0,16820104.0,16820104.0,
480419,11949935.0,21222465.0,21222465.0,
480421,109682851.0,103234732.0,103234732.0,
480429,2365297.0,3221498.0,3221498.0,
480431,19453211.0,16276253.0,16276253.0,
480439,3909982.0,3730369.0,3730369.0,
480441,12176407.0,14731520.0,14731520.0,
480442,2443891.0,1405380.0,1405380.0,
480449,822773.0,263693.0,263693.0,
480451,3762691.0,5925148.0,5925148.0,
480452,218298.0,157454.0,157454.0,
480459,1351572.0,507982.0,507982.0,
480511,4252732.0,9951144.0,9951144.0,
480512,975733.0,133425.0,133425.0,
480519,1534642.0,1293216.0,1293216.0,
480524,3440412.0,7364762.0,7364762.0,
480525,14019345.0,25359266.0,25359266.0,
480530,2578645.0,3366729.0,3366729.0,
480540,22495411.0,5950724.0,5950724.0,
480550,1092778.0,242582.0,242582.0,
480591,1629712.0,1045549.0,1045549.0,
480592,19469585.0,31015721.0,31015721.0,
480593,6941532.0,8250344.0,8250344.0,
480610,2073508.0,815259.0,815259.0,
480620,1351637.0,718148.0,718148.0,
480630,595472.0,269217.0,269217.0,
480640,13908544.0,9454809.0,9454809.0,
480700,7269654.0,9237989.0,9237989.0,
480810,4673640.0,5040558.0,5040558.0,
480840,6144121.0,5267092.0,5267092.0,
480890,4766279.0,1776924.0,1776924.0,
480920,2982891.0,2234039.0,2234039.0,
480990,5655748.0,5353735.0,5353735.0,
481013,79052870.0,40289916.0,40289916.0,
481014,1618060.0,1054624.0,1054624.0,
481019,17667963.0,16093980.0,16093980.0,
481022,21195738.0,14012396.0,14012396.0,
481029,9079492.0,8669038.0,8669038.0,
481031,230242.0,80903.0,80903.0,
481032,13576484.0,12466801.0,12466801.0,
481039,2808978.0,1995657.0,1995657.0,
481092,15939926.0,19497101.0,19497101.0,
481099,7320926.0,6057607.0,6057607.0,
481110,6262065.0,2613063.0,2613063.0,
481141,42413331.0,16915485.0,16915485.0,
481149,10012536.0,4876843.0,4876843.0,
481151,25953629.0,13682963.0,13682963.0,
481159,147605718.0,40669888.0,40669888.0,
481160,3385586.0,2024606.0,2024606.0,
481190,45449846.0,28610296.0,28610296.0,
481200,1738630.0,322840.0,322840.0,
481310,6693114.0,1176504.0,1176504.0,
481320,10594319.0,2692327.0,2692327.0,
481390,44630658.0,9911605.0,9911605.0,
481420,7902641.0,3861991.0,3861991.0,
481490,8849122.0,5033636.0,5033636.0,
481620,206576.0,98000.0,98000.0,
481690,3745710.0,2629721.0,2629721.0,
481710,3048537.0,462431.0,462431.0,
481720,108366.0,48264.0,48264.0,
481730,884249.0,229707.0,229707.0,
481810,531695.0,273305.0,273305.0,
481820,4774514.0,1942024.0,1942024.0,
481830,110351.0,32862.0,32862.0,
481850,305469.0,33856.0,33856.0,
481890,13789003.0,5181477.0,5181477.0,
481910,67618534.0,26848031.0,26848031.0,
481920,90439710.0,27116153.0,27116153.0,
481930,6521715.0,3522990.0,3522990.0,
481940,5364384.0,1679073.0,1679073.0,
481950,25032937.0,6220114.0,6220114.0,
481960,3986818.0,4833133.0,4833133.0,
482010,2761094.0,626368.0,626368.0,
482020,1340749.0,839659.0,839659.0,
482030,2083284.0,387613.0,387613.0,
482040,102223.0,26929.0,26929.0,
482050,411228.0,95666.0,95666.0,
482090,2052328.0,713408.0,713408.0,
482110,130372465.0,9776445.0,9776445.0,
482190,24189111.0,3104456.0,3104456.0,
482210,506223.0,237415.0,237415.0,
482290,4727979.0,1650354.0,1650354.0,
482320,23324969.0,9037563.0,9037563.0,
482340,2393917.0,585600.0,585600.0,
482361,20604.0,7753.0,7753.0,
482369,2214717.0,574080.0,574080.0,
482370,6435347.0,1211209.0,1211209.0,
482390,18549815.0,6462972.0,6462972.0,
490110,38437271.0,1163151.0,1163151.0,
490191,146102.0,14814.0,14814.0,
490199,25088068.0,2961296.0,2961296.0,
490210,7580.0,940.0,940.0,
490290,512355.0,94479.0,94479.0,
490300,134069.0,56247.0,56247.0,
490400,840051.0,40040.0,40040.0,
490510,74955.0,10340.0,10340.0,
490591,6644.0,793.0,793.0,
490599,142436.0,7906.0,7906.0,
490600,903605.0,37547.0,37547.0,
490700,7746091.0,22159.0,22159.0,
490810,5966006.0,274550.0,274550.0,
490890,11531820.0,712576.0,712576.0,
490900,92309.0,35131.0,35131.0,
491000,517371.0,202486.0,202486.0,
491110,6332247.0,785944.0,785944.0,
491191,1422869.0,361966.0,361966.0,
491199,6917196.0,701643.0,701643.0,
500100,37229.0,11473.0,11473.0,
500200,6.0,1.0,1.0,
500300,1010.0,96.0,96.0,
500400,529854.0,171785.0,171785.0,
500500,372323.0,68866.0,68866.0,
500600,907.0,20.0,20.0,
500710,1378439.0,62842.0,62842.0,
500720,1064354.0,122902.0,122902.0,
500790,1219085.0,10603.0,10603.0,
510111,4032798.0,146556.0,146556.0,
510119,57027.0,2546.0,2546.0,
510121,204568.0,57958.0,57958.0,
510129,76.0,14.0,14.0,
510130,195.0,14.0,14.0,
510211,441760.0,6107.0,6107.0,
510220,30812.0,4056.0,4056.0,
510310,62336.0,5450.0,5450.0,
510400,9143.0,242.0,242.0,
510510,528975.0,108977.0,108977.0,
510521,3759.0,110.0,110.0,
510529,11707556.0,944639.0,944639.0,
510531,34758.0,181.0,181.0,
510539,101.0,11.0,11.0,
510540,3375.0,1068.0,1068.0,
510610,3892196.0,176625.0,176625.0,
510620,4667886.0,269783.0,269783.0,
510710,405652.0,45388.0,45388.0,
510720,497076.0,44289.0,44289.0,
510820,112525.0,3601.0,3601.0,
510910,10764555.0,331092.0,331092.0,
510990,6623.0,221.0,221.0,
511111,1170720.0,42284.0,42284.0,
511119,92941.0,4403.0,4403.0,
511120,857339.0,47519.0,47519.0,
511130,2232420.0,152954.0,152954.0,
511190,182864.0,26437.0,26437.0,
511211,25932898.0,724129.0,724129.0,
511219,5602732.0,254523.0,254523.0,
511220,7627449.0,219002.0,219002.0,
511230,2027681.0,80415.0,80415.0,
511290,7559703.0,440027.0,440027.0,
511300,134292.0,19725.0,19725.0,
520100,1333135110.0,610773526.0,610773526.0,
520210,940.0,123.0,123.0,
520291,25.0,3.0,3.0,
520299,962353.0,139075.0,139075.0,
520300,3660338.0,1234702.0,1234702.0,
520411,3587564.0,921066.0,921066.0,
520419,6036095.0,643824.0,643824.0,
520420,935570.0,547896.0,547896.0,
520511,8593840.0,2118076.0,2118076.0,
520512,13846205.0,3879835.0,3879835.0,
520513,1960865.0,511213.0,511213.0,
520514,3673175.0,575786.0,575786.0,
520515,103537.0,91072.0,91072.0,
520521,918816.0,212824.0,212824.0,
520522,6492392.0,1725587.0,1725587.0,
520523,25299863.0,6477952.0,6477952.0,
520524,11557875.0,3384446.0,3384446.0,
520526,31925.0,5645.0,5645.0,
520528,53018.0,6557.0,6557.0,
520531,395393.0,36370.0,36370.0,
520532,242208.0,41328.0,41328.0,
520533,16442.0,14077.0,14077.0,
520541,1779587.0,812771.0,812771.0,
520542,2258710.0,522753.0,522753.0,
520544,3054416.0,342973.0,342973.0,
520547,15758.0,1189.0,1189.0,
520548,262652.0,31120.0,31120.0,
520611,2974777.0,605741.0,605741.0,
520612,80583.0,20996.0,20996.0,
520613,12514.0,335.0,335.0,
520614,153581.0,24476.0,24476.0,
520621,31304.0,2868.0,2868.0,
520622,8567752.0,2360732.0,2360732.0,
520623,478567.0,131273.0,131273.0,
520624,422197.0,83775.0,83775.0,
520632,332104.0,17669.0,17669.0,
520633,19597.0,2125.0,2125.0,
520634,9.0,17.0,17.0,
520642,193020.0,19229.0,19229.0,
520644,202859.0,15596.0,15596.0,
520645,1513.0,170.0,170.0,
520710,2009860.0,235960.0,235960.0,
520790,414388.0,80328.0,80328.0,
520811,23441984.0,2620964.0,2620964.0,
520812,19308632.0,1785961.0,1785961.0,
520813,815669.0,82228.0,82228.0,
520819,83036248.0,7256098.0,7256098.0,
520821,14154883.0,2259428.0,2259428.0,
520822,16703542.0,1895356.0,1895356.0,
520823,86314.0,6537.0,6537.0,
520829,36574086.0,3424271.0,3424271.0,
520831,14469810.0,1292901.0,1292901.0,
520832,97433129.0,7058624.0,7058624.0,
520833,2882730.0,192721.0,192721.0,
520839,26391665.0,2460358.0,2460358.0,
520841,8060458.0,415487.0,415487.0,
520842,130570829.0,9454195.0,9454195.0,
520843,14554340.0,1258676.0,1258676.0,
520849,6343698.0,632075.0,632075.0,
520851,1347526.0,146364.0,146364.0,
520852,4965463.0,380514.0,380514.0,
520859,1807198.0,287245.0,287245.0,
520911,21392919.0,2223924.0,2223924.0,
520912,147643.0,14584.0,14584.0,
520919,70006757.0,7413587.0,7413587.0,
520921,452709.0,57851.0,57851.0,
520922,265617.0,29389.0,29389.0,
520929,15019429.0,1158872.0,1158872.0,
520931,35086065.0,3579080.0,3579080.0,
520932,26175067.0,3112732.0,3112732.0,
520939,37234503.0,4666078.0,4666078.0,
520941,746538.0,88250.0,88250.0,
520942,26296007.0,4454749.0,4454749.0,
520943,620265.0,122955.0,122955.0,
520949,11997280.0,1607197.0,1607197.0,
520951,486423.0,41880.0,41880.0,
520952,399210.0,34454.0,34454.0,
520959,1984547.0,178898.0,178898.0,
521011,59960879.0,7175133.0,7175133.0,
521019,41306688.0,4420883.0,4420883.0,
521021,2495230.0,178118.0,178118.0,
521029,840627.0,56208.0,56208.0,
521031,22804665.0,1255199.0,1255199.0,
521032,460982.0,33314.0,33314.0,
521039,8235839.0,432072.0,432072.0,
521041,8664138.0,643557.0,643557.0,
521049,1361783.0,109547.0,109547.0,
521051,468586.0,45708.0,45708.0,
521059,9508694.0,971070.0,971070.0,
521111,462461.0,34205.0,34205.0,
521112,76440.0,6020.0,6020.0,
521119,28056657.0,3375771.0,3375771.0,
521120,344821.0,7822.0,7822.0,
521131,2722902.0,224976.0,224976.0,
521132,3632491.0,521247.0,521247.0,
521139,16699013.0,2184002.0,2184002.0,
521141,637002.0,160140.0,160140.0,
521142,7467434.0,2397913.0,2397913.0,
521143,45612.0,4922.0,4922.0,
521149,11279217.0,1489312.0,1489312.0,
521151,676.0,60.0,60.0,
521152,1876.0,62.0,62.0,
521159,9367514.0,1347802.0,1347802.0,
521211,4674656.0,377680.0,377680.0,
521212,857787.0,184341.0,184341.0,
521213,3251823.0,306121.0,306121.0,
521214,17293844.0,2501497.0,2501497.0,
521215,201226.0,38049.0,38049.0,
521221,54266526.0,5467577.0,5467577.0,
521222,30578.0,2520.0,2520.0,
521223,116957.0,6022.0,6022.0,
521224,7797.0,220.0,220.0,
521225,205069.0,14251.0,14251.0,
530110,56920.0,10671.0,10671.0,
530129,11425.0,2125.0,2125.0,
530290,1094.0,66.0,66.0,
530310,4111059.0,2793076.0,2793076.0,
530390,1422.0,9.0,9.0,
530500,1832814.0,1788777.0,1788777.0,
530610,135275.0,11976.0,11976.0,
530620,260473.0,6100.0,6100.0,
530710,414081.0,518414.0,518414.0,
530720,19023483.0,19923690.0,19923690.0,
530810,7157.0,491.0,491.0,
530820,107367.0,6612.0,6612.0,
530890,295691.0,114925.0,114925.0,
530911,670141.0,36495.0,36495.0,
530919,5504090.0,296851.0,296851.0,
530921,926411.0,60707.0,60707.0,
530929,1883554.0,100340.0,100340.0,
531010,868123.0,679853.0,679853.0,
531090,309058.0,17004.0,17004.0,
531100,1385656.0,142716.0,142716.0,
540110,19996396.0,6795347.0,6795347.0,
540120,1405341.0,192676.0,192676.0,
540211,3786636.0,172996.0,172996.0,
540219,29022788.0,5188003.0,5188003.0,
540220,31440547.0,11836282.0,11836282.0,
540231,19447002.0,2825746.0,2825746.0,
540232,3109193.0,763795.0,763795.0,
540233,59233121.0,23925763.0,23925763.0,
540234,4682185.0,1908176.0,1908176.0,
540239,4732909.0,1778402.0,1778402.0,
540244,46449821.0,7261675.0,7261675.0,
540245,14313125.0,3740687.0,3740687.0,
540246,36077416.0,21193935.0,21193935.0,
540247,57382062.0,25125398.0,25125398.0,
540248,5532802.0,3132563.0,3132563.0,
540249,29560371.0,4917042.0,4917042.0,
540251,1086358.0,124120.0,124120.0,
540252,1073260.0,466766.0,466766.0,
540259,384656.0,50969.0,50969.0,
540261,3012779.0,602540.0,602540.0,
540262,13403512.0,1763622.0,1763622.0,
540269,3009465.0,1221543.0,1221543.0,
540310,690149.0,83322.0,83322.0,
540331,6976219.0,1980950.0,1980950.0,
540332,56080.0,67802.0,67802.0,
540333,145582.0,20754.0,20754.0,
540339,1091477.0,363125.0,363125.0,
540341,3807118.0,925329.0,925329.0,
540342,2256853.0,193830.0,193830.0,
540349,1897764.0,453717.0,453717.0,
540411,1500380.0,415758.0,415758.0,
540412,753306.0,280725.0,280725.0,
540419,12436172.0,1805006.0,1805006.0,
540490,2434221.0,1740867.0,1740867.0,
540500,20727.0,977.0,977.0,
540600,268252.0,37886.0,37886.0,
540710,25735406.0,2065018.0,2065018.0,
540720,3587093.0,1239164.0,1239164.0,
540730,2027484.0,118570.0,118570.0,
540741,41123642.0,9187452.0,9187452.0,
540742,75756964.0,4637385.0,4637385.0,
540743,84551.0,6446.0,6446.0,
540744,724715.0,32880.0,32880.0,
540751,70824564.0,12086047.0,12086047.0,
540752,172408417.0,16728741.0,16728741.0,
540753,1334332.0,341155.0,341155.0,
540754,19735771.0,1805142.0,1805142.0,
540761,132463632.0,22598887.0,22598887.0,
540769,118187462.0,10932105.0,10932105.0,
540771,27584947.0,4774313.0,4774313.0,
540772,9719124.0,893609.0,893609.0,
540773,193014.0,30746.0,30746.0,
540774,1506075.0,307902.0,307902.0,
540781,903257.0,110341.0,110341.0,
540782,9579978.0,930165.0,930165.0,
540783,352838.0,110546.0,110546.0,
540784,1811023.0,130539.0,130539.0,
540791,2665195.0,436227.0,436227.0,
540792,7551718.0,696990.0,696990.0,
540793,142264.0,16926.0,16926.0,
540794,378577.0,37351.0,37351.0,
540810,20646312.0,2419007.0,2419007.0,
540821,2831641.0,201536.0,201536.0,
540822,4820186.0,396691.0,396691.0,
540823,48113.0,9642.0,9642.0,
540824,7276705.0,873893.0,873893.0,
540831,4979.0,193.0,193.0,
540832,918243.0,47337.0,47337.0,
540833,240554.0,2460.0,2460.0,
540834,88724.0,13608.0,13608.0,
550110,3794198.0,471724.0,471724.0,
550120,8953106.0,1330644.0,1330644.0,
550130,92121825.0,33127303.0,33127303.0,
550140,389171.0,156560.0,156560.0,
550190,2444787.0,754098.0,754098.0,
550200,185990221.0,33250999.0,33250999.0,
550311,3113725.0,362248.0,362248.0,
550319,1609052.0,548754.0,548754.0,
550320,170370321.0,103530748.0,103530748.0,
550330,74357605.0,26197087.0,26197087.0,
550340,16174732.0,6900766.0,6900766.0,
550390,9673868.0,2357997.0,2357997.0,
550410,251069272.0,107370286.0,107370286.0,
550490,4004757.0,942859.0,942859.0,
550510,568023.0,623721.0,623721.0,
550520,33621.0,108037.0,108037.0,
550610,1978361.0,330269.0,330269.0,
550620,21434675.0,3154507.0,3154507.0,
550630,2414063.0,714352.0,714352.0,
550690,2578417.0,407053.0,407053.0,
550700,178773.0,31682.0,31682.0,
550810,18201998.0,6100781.0,6100781.0,
550820,891553.0,203339.0,203339.0,
550911,1234314.0,207810.0,207810.0,
550912,943684.0,112011.0,112011.0,
550921,11358781.0,4734795.0,4734795.0,
550922,5226647.0,1509422.0,1509422.0,
550931,474893.0,121018.0,121018.0,
550932,1057229.0,173691.0,173691.0,
550941,1023016.0,36944.0,36944.0,
550942,1011624.0,104712.0,104712.0,
550951,454472.0,130704.0,130704.0,
550952,33610.0,3162.0,3162.0,
550953,3920706.0,1324001.0,1324001.0,
550959,329896.0,95535.0,95535.0,
550961,1400133.0,110665.0,110665.0,
550962,505869.0,41992.0,41992.0,
550969,764955.0,183264.0,183264.0,
550991,760.0,32.0,32.0,
550992,15467.0,3611.0,3611.0,
550999,69949.0,29680.0,29680.0,
551011,17179249.0,7053110.0,7053110.0,
551012,633315.0,59158.0,59158.0,
551020,226778.0,7141.0,7141.0,
551030,2871627.0,302135.0,302135.0,
551090,2492369.0,311270.0,311270.0,
551110,2873235.0,471804.0,471804.0,
551120,20409.0,6490.0,6490.0,
551130,321602.0,22650.0,22650.0,
551211,9379890.0,1417081.0,1417081.0,
551219,24117943.0,2910671.0,2910671.0,
551221,642606.0,78746.0,78746.0,
551229,12262432.0,1133717.0,1133717.0,
551291,367775.0,26505.0,26505.0,
551299,4116617.0,303806.0,303806.0,
551311,23247120.0,2099569.0,2099569.0,
551312,621922.0,40500.0,40500.0,
551313,63969695.0,7146706.0,7146706.0,
551319,4786612.0,431424.0,431424.0,
551321,25281367.0,5011411.0,5011411.0,
551323,834501.0,239757.0,239757.0,
551329,25714847.0,2396342.0,2396342.0,
551331,3382827.0,507663.0,507663.0,
551339,1282614.0,218459.0,218459.0,
551341,11467297.0,8975837.0,8975837.0,
551349,1179821.0,119164.0,119164.0,
551411,1285499.0,197480.0,197480.0,
551412,497914.0,48067.0,48067.0,
551419,22244506.0,1837414.0,1837414.0,
551421,459266.0,56356.0,56356.0,
551422,4407995.0,328492.0,328492.0,
551423,4749855.0,2014002.0,2014002.0,
551429,9181691.0,3624949.0,3624949.0,
551430,924750.0,746097.0,746097.0,
551441,6829174.0,669054.0,669054.0,
551442,2261226.0,296455.0,296455.0,
551443,4550675.0,535123.0,535123.0,
551449,3228956.0,258408.0,258408.0,
551511,58930640.0,5925016.0,5925016.0,
551512,4770297.0,1466220.0,1466220.0,
551513,5583679.0,288647.0,288647.0,
551519,16282158.0,1191992.0,1191992.0,
551521,407224.0,24324.0,24324.0,
551522,92767.0,7670.0,7670.0,
551529,369564.0,31874.0,31874.0,
551591,564769.0,19892.0,19892.0,
551599,746874.0,59353.0,59353.0,
551611,3721275.0,468823.0,468823.0,
551612,5389903.0,304909.0,304909.0,
551613,67796.0,4388.0,4388.0,
551614,5562802.0,365834.0,365834.0,
551621,1157402.0,108931.0,108931.0,
551622,5818623.0,338296.0,338296.0,
551623,19143.0,7665.0,7665.0,
551624,320191.0,13869.0,13869.0,
551631,40399.0,2633.0,2633.0,
551632,80812.0,11889.0,11889.0,
551633,22139.0,854.0,854.0,
551634,17421.0,773.0,773.0,
551641,141095.0,11639.0,11639.0,
551642,141628.0,8887.0,8887.0,
551643,328932.0,35677.0,35677.0,
551644,91023.0,5448.0,5448.0,
551691,216538.0,19243.0,19243.0,
551692,542105.0,35073.0,35073.0,
551693,31488.0,3936.0,3936.0,
551694,8923120.0,722162.0,722162.0,
560121,4212116.0,366559.0,366559.0,
560122,4386314.0,467022.0,467022.0,
560129,2748763.0,454224.0,454224.0,
560130,1356056.0,146785.0,146785.0,
560210,2247075.0,662314.0,662314.0,
560221,5958065.0,216124.0,216124.0,
560229,1163860.0,303787.0,303787.0,
560290,6531046.0,1380126.0,1380126.0,
560311,46434053.0,27131511.0,27131511.0,
560312,51906053.0,13538363.0,13538363.0,
560313,18219049.0,6782610.0,6782610.0,
560314,43358743.0,9054518.0,9054518.0,
560391,14691923.0,7706396.0,7706396.0,
560392,20929328.0,5284941.0,5284941.0,
560393,5239618.0,1761138.0,1761138.0,
560394,36388752.0,6267788.0,6267788.0,
560410,10601751.0,774927.0,774927.0,
560490,4255983.0,927301.0,927301.0,
560500,1409486.0,192033.0,192033.0,
560600,3230470.0,1238742.0,1238742.0,
560721,250335.0,263844.0,263844.0,
560729,3450824.0,922152.0,922152.0,
560741,124118.0,39904.0,39904.0,
560749,20000443.0,11966932.0,11966932.0,
560750,7134137.0,1132781.0,1132781.0,
560790,4944291.0,1332405.0,1332405.0,
560811,7807306.0,5534543.0,5534543.0,
560819,2419602.0,775544.0,775544.0,
560890,2935016.0,908184.0,908184.0,
560900,10222864.0,2696532.0,2696532.0,
570110,21944.0,1102.0,195.0,
570190,411438.0,196979.0,,
570210,299601.0,73149.0,8264.0,
570220,74030.0,39873.0,8404.0,
570231,745292.0,57496.0,18588.0,
570232,32560.0,3244.0,2125.0,
570239,221425.0,24208.0,23747.0,
570241,88244.0,24485.0,2718.0,
570242,2934292.0,1343808.0,270686.0,
570249,60065.0,29688.0,7253.0,
570250,119539.0,50721.0,6884.0,
570291,8230.0,297.0,229.0,
570292,1231025.0,743891.0,126685.0,
570299,29391.0,35001.0,3354.0,
570310,190177.0,64191.0,,
570320,6593628.0,1825815.0,496977.0,
570330,8547106.0,4118492.0,928344.0,
570390,6893481.0,769332.0,628632.0,
570410,8208.0,2662.0,545.0,
570490,6339488.0,5108463.0,1714272.0,
570500,3382016.0,3172603.0,322655.0,
580110,1403791.0,124192.0,124192.0,
580121,419845.0,41839.0,41839.0,
580122,3175848.0,286705.0,286705.0,
580123,50080.0,8207.0,8207.0,
580126,152762.0,12017.0,12017.0,
580127,184038.0,14494.0,14494.0,
580131,40880.0,5252.0,5252.0,
580132,4116871.0,389403.0,389403.0,
580133,53393.0,4668.0,4668.0,
580136,658975.0,265689.0,265689.0,
580137,830876.0,130877.0,130877.0,
580190,1524594.0,192838.0,192838.0,
580211,2612059.0,218803.0,218803.0,
580219,66584.0,5376.0,5376.0,
580220,729823.0,60175.0,60175.0,
580230,7035332.0,990614.0,990614.0,
580300,211604.0,18004.0,18004.0,
580410,6392586.0,430695.0,430695.0,
580421,17680674.0,1220586.0,1220586.0,
580429,7887751.0,451242.0,451242.0,
580430,1449164.0,54196.0,54196.0,
580500,616037.0,38550.0,38550.0,
580610,6694391.0,421704.0,421704.0,
580620,22323655.0,2143592.0,2143592.0,
580631,5644096.0,329508.0,329508.0,
580632,27527320.0,4880350.0,4880350.0,
580639,5269784.0,632758.0,632758.0,
580640,388625.0,33467.0,33467.0,
580710,84196654.0,4753645.0,4753645.0,
580790,22913027.0,1178815.0,1178815.0,
580810,1487542.0,302431.0,302431.0,
580890,6658263.0,1136882.0,1136882.0,
580900,136500.0,21708.0,21708.0,
581010,783020.0,73599.0,73599.0,
581091,13370939.0,1006380.0,1006380.0,
581092,976014.0,125998.0,125998.0,
581099,14636578.0,988840.0,988840.0,
581100,5908983.0,380644.0,380644.0,
590110,223244.0,18239.0,18239.0,
590190,2121904.0,351792.0,351792.0,
590210,90655884.0,17211730.0,17211730.0,
590220,36995877.0,8094008.0,8094008.0,
590290,812613.0,68396.0,68396.0,
590310,47745592.0,33861786.0,33861786.0,
590320,157412399.0,19124455.0,19124455.0,
590390,67478681.0,7235355.0,7235355.0,
590410,281345.0,65253.0,24775.0,
590490,1012710.0,232885.0,190624.0,
590500,70869.0,8611.0,3977.0,
590610,7908929.0,589726.0,589726.0,
590691,6111043.0,956708.0,956708.0,
590699,5082819.0,877571.0,877571.0,
590700,2373813.0,326756.0,326756.0,
590800,72625.0,10099.0,10099.0,
590900,4019587.0,1056494.0,1056494.0,
591000,8340484.0,418082.0,418082.0,
591110,72158797.0,6966260.0,6966260.0,
591120,712231.0,65162.0,65162.0,
591131,10953406.0,66374.0,66374.0,
591132,40343226.0,753851.0,753851.0,
591140,1504381.0,98396.0,98396.0,
591190,22374986.0,4348626.0,4348626.0,
600110,5792614.0,782414.0,782414.0,
600121,10172011.0,1176836.0,1176836.0,
600122,7982672.0,1095909.0,1095909.0,
600129,2774870.0,321237.0,321237.0,
600191,5062596.0,889521.0,889521.0,
600192,50169615.0,5498940.0,5498940.0,
600199,14068095.0,790346.0,790346.0,
600240,27460985.0,4544485.0,4544485.0,
600290,219045885.0,23353130.0,23353130.0,
600310,145023.0,9577.0,9577.0,
600320,13074808.0,1530212.0,1530212.0,
600330,4851898.0,452227.0,452227.0,
600340,441939.0,29984.0,29984.0,
600390,1205591.0,297799.0,297799.0,
600410,193562110.0,31294160.0,31294160.0,
600490,34608288.0,2999672.0,2999672.0,
600521,3889000.0,518503.0,518503.0,
600522,5455734.0,673557.0,673557.0,
600523,7041198.0,868812.0,868812.0,
600524,604027.0,45905.0,45905.0,
600531,27420204.0,2860374.0,2860374.0,
600532,29486065.0,4846632.0,4846632.0,
600533,4572915.0,280178.0,280178.0,
600534,3118938.0,294774.0,294774.0,
600542,3337030.0,286680.0,286680.0,
600543,657842.0,86760.0,86760.0,
600544,453.0,106.0,106.0,
600590,3969934.0,370439.0,370439.0,
600610,1089960.0,102897.0,102897.0,
600621,6193111.0,717381.0,717381.0,
600622,376653249.0,45251232.0,45251232.0,
600623,1326887.0,176383.0,176383.0,
600624,9958116.0,1053728.0,1053728.0,
600631,47100674.0,4183843.0,4183843.0,
600632,77867484.0,8176593.0,8176593.0,
600633,807209.0,103461.0,103461.0,
600634,3459123.0,298263.0,298263.0,
600641,136492.0,15693.0,15693.0,
600642,10921202.0,1363870.0,1363870.0,
600643,100037.0,10152.0,10152.0,
600644,186038.0,12064.0,12064.0,
600690,77494404.0,9548219.0,9548219.0,
610120,5879046.0,648740.0,385726.0,
610130,252907.0,7965.0,13906.0,
610190,89404.0,9785.0,,
610210,1098291.0,74589.0,17803.0,
610220,154946.0,7627.0,11517.0,
610230,176371.0,6162.0,10845.0,
610290,53251.0,3343.0,2003.0,
610310,50301.0,8464.0,,
610322,98852.0,39531.0,14170.0,
610323,18138.0,4685.0,2627.0,
610329,20586.0,1254.0,,
610331,4474.0,28.0,,
610332,300595.0,39605.0,15892.0,
610333,651585.0,24319.0,34713.0,
610339,657612.0,52546.0,,
610341,1379.0,34.0,83.0,
610342,1363471.0,42458.0,167847.0,
610343,1452378.0,37216.0,195500.0,
610349,73135.0,5369.0,,
610413,206732.0,79215.0,,
610419,558305.0,197576.0,,
610422,3569.0,455.0,449.0,
610423,1178.0,52.0,182.0,
610429,2161.0,47.0,,
610431,29241.0,110.0,415.0,
610432,459932.0,122519.0,35547.0,
610433,342739.0,28889.0,22609.0,
610439,102645.0,2187.0,4651.0,
610441,55506.0,328.0,,
610442,3371280.0,1075607.0,369780.0,
610443,3574500.0,677621.0,262967.0,
610444,1367242.0,30545.0,79143.0,
610449,303436.0,17680.0,,
610451,575.0,6.0,18.0,
610452,449233.0,114770.0,84247.0,
610453,652421.0,108931.0,83711.0,
610459,605957.0,45920.0,63216.0,
610461,3310.0,48.0,167.0,
610462,4031116.0,1395165.0,694410.0,
610463,3301633.0,1080771.0,403332.0,
610469,567656.0,20208.0,65967.0,
610510,13134195.0,2445156.0,1414545.0,
610520,1910024.0,43593.0,227920.0,
610590,473389.0,75276.0,42874.0,
610610,11489772.0,2545943.0,1779028.0,
610620,13097363.0,1758008.0,1790713.0,
610690,3472436.0,632756.0,313536.0,
610711,2263405.0,207469.0,823631.0,
610712,460136.0,42241.0,112795.0,
610719,137037.0,3338.0,,
610721,407326.0,120332.0,73938.0,
610722,43506.0,9169.0,9654.0,
610729,16017.0,3859.0,2883.0,
610791,3653.0,187.0,475.0,
610799,51350.0,8092.0,7222.0,
610811,110995.0,2347.0,17072.0,
610819,83850.0,4060.0,17557.0,
610821,5730113.0,2379611.0,3610704.0,
610822,1583033.0,398815.0,536583.0,
610829,152490.0,16484.0,,
610831,1412981.0,511773.0,232422.0,
610832,292338.0,80424.0,43501.0,
610839,115272.0,7129.0,16488.0,
610891,71766.0,5251.0,11859.0,
610892,122014.0,9871.0,18000.0,
610899,40001.0,2117.0,4211.0,
610910,21531489.0,2053389.0,4256403.0,
610990,11304777.0,554813.0,1634748.0,
611011,1165861.0,45862.0,43308.0,
611012,88463.0,2325.0,1256.0,
611019,351320.0,40572.0,15189.0,
611020,5601123.0,295740.0,544937.0,
611030,5074081.0,140012.0,480970.0,
611090,1552835.0,109226.0,88218.0,
611120,3148089.0,179499.0,179499.0,
611130,289600.0,94061.0,94061.0,
611190,716843.0,69847.0,69847.0,
611211,1220.0,41.0,94.0,
611212,21994.0,717.0,1536.0,
611219,189.0,10.0,,
611220,105.0,2.0,,
611231,606835.0,13339.0,108319.0,
611239,26678.0,509.0,4067.0,
611241,1787891.0,39698.0,194590.0,
611249,49517.0,3130.0,7007.0,
611300,996235.0,102474.0,102474.0,
611420,324818.0,13451.0,13451.0,
611430,735475.0,12467.0,12467.0,
611490,313301.0,36322.0,36322.0,
611510,129887.0,17424.0,17424.0,
611521,44378.0,7410.0,7410.0,
611522,194356.0,15890.0,15890.0,
611529,337523.0,65429.0,65429.0,
611530,178104.0,12810.0,12810.0,
611594,27083.0,996.0,996.0,
611595,1521556.0,78022.0,78022.0,
611596,1757794.0,278881.0,278881.0,
611599,118886.0,6256.0,6256.0,
611610,1805065.0,153841.0,153841.0,
611691,77905.0,17009.0,17009.0,
611692,123674.0,76269.0,76269.0,
611693,626566.0,63375.0,63375.0,
611699,11804.0,1047.0,1047.0,
611710,1172548.0,88919.0,228047.0,
611780,4733746.0,326785.0,326785.0,
611790,8258432.0,799109.0,799109.0,
620111,200435.0,3949.0,2290.0,
620112,149115.0,3624.0,3238.0,
620113,615626.0,90110.0,16346.0,
620119,1923127.0,108776.0,,
620191,15373.0,243.0,212.0,
620192,475592.0,28911.0,15342.0,
620193,1357306.0,111874.0,40761.0,
620199,1192633.0,52658.0,31715.0,
620211,516284.0,6271.0,6083.0,
620212,381502.0,7777.0,9705.0,
620213,683722.0,14467.0,17558.0,
620219,45279.0,4173.0,1045.0,
620291,90299.0,1322.0,1530.0,
620292,476855.0,11508.0,20990.0,
620293,715780.0,31230.0,24122.0,
620299,79246.0,1939.0,2760.0,
620311,96320.0,6375.0,519.0,
620312,131230.0,5385.0,4166.0,
620319,270277.0,47026.0,,
620322,7398.0,78.0,421.0,
620323,5914.0,1249.0,466.0,
620329,2238.0,507.0,,
620331,626318.0,14201.0,6916.0,
620332,1084960.0,148520.0,28926.0,
620333,1961488.0,211543.0,64715.0,
620339,352131.0,13386.0,6960.0,
620341,369619.0,5503.0,11652.0,
620342,22375177.0,3166272.0,1524987.0,
620343,4182380.0,118806.0,318151.0,
620349,621516.0,43791.0,50112.0,
620411,6684.0,118.0,,
620412,333364.0,117177.0,21000.0,
620413,89163.0,32870.0,4495.0,
620419,147122.0,80482.0,,
620421,1486.0,5.0,,
620422,4430.0,113.0,,
620423,4060.0,1078.0,397.0,
620429,1207.0,9.0,,
620431,192579.0,1420.0,2121.0,
620432,1531312.0,66561.0,59360.0,
620433,1869889.0,119241.0,72717.0,
620439,731355.0,11121.0,23111.0,
620441,52108.0,568.0,,
620442,3861750.0,880186.0,259349.0,
620443,6341674.0,552518.0,319156.0,
620444,2195292.0,39212.0,107373.0,
620449,1053343.0,34330.0,,
620451,38763.0,216.0,,
620452,1441106.0,195592.0,142761.0,
620453,1864147.0,101255.0,155251.0,
620459,440183.0,7358.0,26932.0,
620461,107093.0,700.0,2678.0,
620462,18664375.0,1747049.0,1451748.0,
620463,2564764.0,175104.0,225550.0,
620469,2923156.0,505675.0,207568.0,
620520,10426198.0,437109.0,773272.0,
620530,624093.0,26671.0,81662.0,
620590,533129.0,23962.0,40400.0,
620610,1181187.0,11986.0,26733.0,
620620,3489.0,48.0,,
620630,7693784.0,915329.0,740819.0,
620640,9513615.0,469743.0,938750.0,
620690,4926219.0,729428.0,,
620711,153889.0,3645.0,48738.0,
620719,81010.0,9198.0,,
620721,63712.0,12605.0,8739.0,
620722,8415.0,213.0,1466.0,
620729,1632.0,110.0,334.0,
620791,21830.0,3198.0,3198.0,
620799,15614.0,574.0,574.0,
620811,3876.0,102.0,702.0,
620819,3500.0,904.0,276.0,
620821,159974.0,52547.0,25849.0,
620822,82507.0,20883.0,13018.0,
620829,66909.0,21001.0,,
620891,132433.0,29030.0,29030.0,
620892,78714.0,17569.0,17569.0,
620899,19927.0,3719.0,3719.0,
620920,1734034.0,166690.0,166690.0,
620930,1141903.0,99214.0,99214.0,
620990,56899.0,3621.0,3621.0,
621010,688921.0,32389.0,32389.0,
621020,290774.0,12634.0,,
621030,288444.0,20735.0,11203.0,
621040,920029.0,14820.0,14820.0,
621050,756485.0,23165.0,23165.0,
621111,1212178.0,31935.0,152911.0,
621112,676026.0,41099.0,82330.0,
621120,415.0,5.0,14.0,
621132,86950.0,24557.0,24557.0,
621133,157869.0,8237.0,8237.0,
621139,22863.0,1326.0,1326.0,
621142,343880.0,14306.0,14306.0,
621143,1218389.0,80912.0,80912.0,
621149,116900.0,1111.0,1111.0,
621210,25118397.0,5077100.0,5077100.0,
621220,916793.0,35907.0,35907.0,
621230,515274.0,29081.0,29081.0,
621290,12042313.0,603611.0,603611.0,
621320,416180.0,132691.0,132691.0,
621390,2593.0,110.0,110.0,
621410,414793.0,1501.0,,
621420,159070.0,4501.0,,
621430,1418334.0,418131.0,453073.0,
621440,320291.0,5994.0,78745.0,
621490,636543.0,45931.0,146508.0,
621510,281415.0,4950.0,4950.0,
621520,105342.0,9401.0,9401.0,
621590,40035.0,1108.0,1108.0,
621600,1301739.0,146012.0,146012.0,
621710,14652003.0,823402.0,823402.0,
621790,21454559.0,1149481.0,1149481.0,
630110,222277.0,12381.0,11836.0,
630120,234296.0,16341.0,16341.0,
630130,1528230.0,246814.0,246814.0,
630140,6780766.0,3504432.0,3504432.0,
630190,680234.0,470663.0,470663.0,
630210,75720.0,26183.0,26183.0,
630221,1688430.0,133450.0,133450.0,
630222,858851.0,183997.0,183997.0,
630229,114559.0,5390.0,5390.0,
630231,5366042.0,424141.0,424141.0,
630232,878877.0,191898.0,191898.0,
630239,12483.0,1917.0,1917.0,
630240,40912.0,8825.0,8825.0,
630251,48217.0,14604.0,14604.0,
630253,298900.0,39748.0,39748.0,
630259,245727.0,33984.0,33984.0,
630260,5563199.0,3302949.0,3302949.0,
630291,233930.0,32637.0,32637.0,
630293,1205164.0,203107.0,203107.0,
630299,266333.0,48269.0,48269.0,
630312,603576.0,72161.0,72161.0,
630319,107051.0,10738.0,10738.0,
630391,2571.0,78.0,78.0,
630392,735562.0,79872.0,79872.0,
630399,110626.0,25205.0,25205.0,
630419,44730.0,4680.0,4680.0,
630491,1079100.0,166095.0,166095.0,
630492,58759.0,4667.0,4667.0,
630493,629070.0,98749.0,98749.0,
630499,80538.0,17144.0,17144.0,
630510,12257076.0,14409018.0,14409018.0,
630520,1087330.0,64638.0,64638.0,
630532,2704468.0,697667.0,697667.0,
630533,1546730.0,494792.0,494792.0,
630539,107578.0,15857.0,15857.0,
630590,22781.0,13928.0,13928.0,
630612,850486.0,240814.0,240814.0,
630619,568143.0,199484.0,199484.0,
630622,926552.0,221300.0,221300.0,
630629,38831.0,11692.0,11692.0,
630630,25427.0,940.0,940.0,
630640,426681.0,129399.0,129399.0,
630690,182474.0,26168.0,26168.0,
630710,4475015.0,493408.0,493408.0,
630720,609303.0,122586.0,122586.0,
630790,8120480.0,770676.0,770676.0,
630800,770204.0,71633.0,71633.0,
630900,352553.0,43965.0,43965.0,
631010,3534824.0,4445027.0,4445027.0,
631090,2166577.0,238341.0,238341.0,
640110,715885.0,410504.0,32379.0,
640192,48451.0,19788.0,4280.0,
640199,2995110.0,2077915.0,331878.0,
640212,1948720.0,336406.0,23837.0,
640219,23188656.0,1607906.0,1174354.0,
640220,1126397.0,215223.0,300877.0,
640291,1383272.0,103793.0,83953.0,
640299,79159673.0,25786631.0,7321540.0,
640312,143.0,4.0,3.0,
640319,6859429.0,340939.0,224130.0,
640320,92809.0,2052.0,3264.0,
640340,22053567.0,2110508.0,795908.0,
640351,123406.0,3831.0,2124.0,
640359,532667.0,10571.0,10791.0,
640391,2241934.0,185998.0,61866.0,
640399,26786753.0,1366001.0,1033417.0,
640411,10275670.0,660031.0,514534.0,
640419,17919284.0,1685851.0,1384782.0,
640420,133581.0,9156.0,,
640510,2391567.0,22426.0,105569.0,
640520,498167.0,19097.0,94202.0,
640590,2350749.0,724462.0,167429.0,
640610,30131890.0,2778769.0,2778769.0,
640620,80477810.0,12400378.0,12400378.0,
640690,73580618.0,7673064.0,7673064.0,
650100,17569.0,1623.0,1623.0,
650200,26199.0,468.0,468.0,
650400,616855.0,107245.0,107245.0,
650500,4111160.0,306001.0,306001.0,
650610,4741179.0,657142.0,,
650691,834433.0,211022.0,211022.0,
650699,469343.0,144717.0,144717.0,
650700,2701821.0,492315.0,492315.0,
660110,709257.0,330190.0,,
660191,1235263.0,764782.0,394183.0,
660199,12855919.0,9516712.0,3665444.0,
660200,428242.0,116584.0,77525.0,
660320,1268818.0,788536.0,788536.0,
660390,390387.0,253926.0,253926.0,
670100,1587039.0,81981.0,81981.0,
670210,5536608.0,2156982.0,2156982.0,
670290,1937223.0,506705.0,506705.0,
670300,10792236.0,296100.0,296100.0,
670411,174557.0,14887.0,14887.0,
670419,616665.0,39530.0,39530.0,
670420,130790.0,12293.0,12293.0,
670490,1858977.0,156841.0,156841.0,
680100,151587.0,554712.0,554712.0,
680210,278512.0,795195.0,795195.0,
680221,3980064.0,18065488.0,18065488.0,
680223,4094591.0,17926605.0,17926605.0,
680229,147708.0,460382.0,460382.0,
680291,4333557.0,13836483.0,13836483.0,
680293,2870597.0,11377187.0,11377187.0,
680299,2218955.0,5990330.0,5990330.0,
680300,106710.0,248999.0,248999.0,
680410,18518983.0,7747138.0,7747138.0,
680421,5927639.0,1235967.0,1235967.0,
680422,24242973.0,10356188.0,10356188.0,
680423,2320744.0,1296780.0,1296780.0,
680430,2091004.0,2490502.0,2490502.0,
680510,15209428.0,4858466.0,4858466.0,
680520,7625897.0,2776999.0,2776999.0,
680530,7354681.0,1777619.0,1777619.0,
680610,15883388.0,12807991.0,12807991.0,
680620,1068557.0,1110665.0,1110665.0,
680690,50384507.0,6327301.0,6327301.0,
680710,5635068.0,7430559.0,7430559.0,
680790,10968807.0,14412876.0,14412876.0,
680800,4273217.0,4416507.0,4416507.0,
680911,9793321.0,54761151.0,54761151.0,
680919,4876931.0,14748633.0,14748633.0,
680990,187615.0,163686.0,163686.0,
681011,11918347.0,16556684.0,16556684.0,
681019,3496457.0,1989642.0,1989642.0,
681091,14085012.0,101561333.0,101561333.0,
681099,2324415.0,4706385.0,4706385.0,
681140,1041510.0,1315917.0,1315917.0,
681181,5165.0,829.0,829.0,
681182,5583545.0,19024254.0,19024254.0,
681189,2879910.0,177200.0,177200.0,
681280,5595817.0,675353.0,675353.0,
681291,249673.0,16895.0,16895.0,
681292,1510607.0,19922.0,19922.0,
681293,690285.0,550245.0,550245.0,
681299,4583703.0,1499000.0,1499000.0,
681320,2670964.0,843832.0,843832.0,
681381,17100660.0,1279861.0,1279861.0,
681389,20522077.0,1095713.0,1095713.0,
681410,1432499.0,413110.0,413110.0,
681490,712155.0,28593.0,28593.0,
681510,7108934.0,715525.0,715525.0,
681520,35230.0,13764.0,13764.0,
681591,864588.0,1438073.0,1438073.0,
681599,3239966.0,2153399.0,2153399.0,
690100,68369.0,67564.0,67564.0,
690210,35890550.0,29748877.0,29748877.0,
690220,76132123.0,68446998.0,68446998.0,
690290,9271247.0,12090934.0,12090934.0,
690310,1130516.0,248510.0,248510.0,
690320,5528613.0,1516987.0,1516987.0,
690390,30751086.0,7800130.0,7800130.0,
690410,86050.0,470286.0,202.0,
690490,361393.0,749729.0,749729.0,
690510,491060.0,1433490.0,1433490.0,
690590,97929.0,81364.0,81364.0,
690600,2543.0,111.0,111.0,
690710,416694.0,1926917.0,35954.0,
690790,160716180.0,570156714.0,12630380.0,
690810,143924.0,255528.0,15823.0,
690890,31893865.0,103611991.0,3660136.0,
690911,656581.0,136150.0,136150.0,
690912,8599932.0,7256653.0,7256653.0,
690919,4797199.0,1114523.0,1114523.0,
690990,693002.0,386130.0,386130.0,
691010,15071642.0,14818931.0,333312.0,
691090,3519191.0,2769379.0,85585.0,
691110,11114104.0,20449231.0,20449231.0,
691190,750799.0,367482.0,367482.0,
691200,2022940.0,1540325.0,1540325.0,
691310,7444561.0,1208301.0,1208301.0,
691390,544890.0,236451.0,236451.0,
691410,415143.0,288556.0,288556.0,
691490,16824422.0,11075286.0,11075286.0,
700100,5799495.0,43576021.0,43576021.0,
700210,232888.0,72736.0,72736.0,
700220,147345.0,43177.0,43177.0,
700231,16854046.0,7449134.0,7449134.0,
700232,1477657.0,494243.0,494243.0,
700239,346089.0,130391.0,130391.0,
700312,4043683.0,823515.0,,
700319,5968230.0,11249069.0,,
700320,279114.0,128138.0,29222.0,
700330,58775.0,13480.0,,
700420,647539.0,17713.0,,
700490,1929307.0,5191186.0,,
700510,749506.0,919820.0,88611.0,
700521,4676898.0,9422227.0,718759.0,
700529,3764436.0,11324746.0,788488.0,
700530,78040.0,37380.0,,
700600,763002.0,675527.0,675527.0,
700711,13161894.0,1776539.0,1776539.0,
700719,3753116.0,3510139.0,,
700721,2310611.0,532160.0,532160.0,
700729,1098841.0,540099.0,,
700800,9824028.0,4481960.0,4481960.0,
700910,26583645.0,3086848.0,3086848.0,
700991,11537085.0,13676389.0,13676389.0,
700992,3939435.0,1631098.0,1631098.0,
701010,1865892.0,503567.0,503567.0,
701020,296111.0,137709.0,137709.0,
701090,66347811.0,109300205.0,109300205.0,
701110,8797575.0,6562841.0,6562841.0,
701120,58413627.0,71884769.0,71884769.0,
701190,1066517.0,456194.0,456194.0,
701310,3558480.0,2102523.0,2102523.0,
701322,8721.0,1557.0,1557.0,
701328,1401353.0,874027.0,874027.0,
701333,1430.0,82.0,82.0,
701337,4879415.0,3333757.0,3333757.0,
701341,145.0,8.0,8.0,
701342,400167.0,352726.0,352726.0,
701349,7474297.0,4788831.0,4788831.0,
701391,34934.0,6651.0,6651.0,
701399,14044650.0,12686002.0,12686002.0,
701400,557635.0,72348.0,72348.0,
701510,4270349.0,177408.0,177408.0,
701590,550956.0,1759051.0,1759051.0,
701610,2073492.0,1514550.0,1514550.0,
701690,10813954.0,18624478.0,18624478.0,
701710,6363957.0,413440.0,413440.0,
701720,1629998.0,132977.0,132977.0,
701790,1087744.0,89376.0,89376.0,
701810,6661237.0,3403047.0,3403047.0,
701820,1097167.0,952546.0,952546.0,
701890,2159319.0,1203174.0,1203174.0,
701911,9546972.0,1982267.0,1982267.0,
701912,5508535.0,5854499.0,5854499.0,
701919,5042366.0,3005438.0,3005438.0,
701931,11798709.0,8099441.0,8099441.0,
701932,723131.0,269259.0,269259.0,
701939,10003807.0,7395899.0,7395899.0,
701940,3797890.0,3485507.0,3485507.0,
701951,218089.0,48916.0,48916.0,
701952,121409.0,17952.0,17952.0,
701959,1389473.0,389588.0,389588.0,
701990,9703897.0,4488319.0,4488319.0,
702000,14808060.0,6295080.0,6295080.0,
710110,684.0,20.0,20.0,
710122,7270.0,8.0,8.0,
710221,213688.0,6.0,,
710229,16073.0,2.0,,
710310,29819.0,3127.0,3127.0,
710399,124504.0,11296.0,,
710410,578526.0,20372.0,20372.0,
710420,503.0,26.0,26.0,
710490,268640.0,16304.0,16304.0,
710510,280456.0,5643.0,,
710590,7159.0,366.0,366.0,
710610,794144.0,50942.0,50942.0,
710691,10757360.0,24866.0,24866.0,
710692,7551196.0,210617.0,210617.0,
710700,1124394.0,5222.0,5222.0,
710811,123235.0,249.0,249.0,
710812,34401985.0,6108.0,6108.0,
710813,6080455.0,965.0,965.0,
710900,1922279.0,546.0,546.0,
711011,279755.0,2102.0,2102.0,
711019,37382.0,1012.0,1012.0,
711021,13294.0,2003.0,2003.0,
711029,47391.0,450.0,450.0,
711031,7.0,3.0,3.0,
711039,9.0,1.0,1.0,
711041,215208.0,17167.0,17167.0,
711049,2923.0,14.0,14.0,
711299,22925.0,3218.0,3218.0,
711311,9891701.0,91468.0,91468.0,
711319,921192.0,73120.0,73120.0,
711320,21869.0,739.0,739.0,
711411,682425.0,1214.0,1214.0,
711419,14186.0,44.0,44.0,
711420,6372.0,669.0,669.0,
711510,37129.0,8010.0,8010.0,
711590,16856385.0,270004.0,270004.0,
711610,1037.0,5.0,5.0,
711620,595723.0,1075.0,1075.0,
711711,664345.0,65148.0,65148.0,
711719,11066757.0,3412643.0,3412643.0,
711790,7443242.0,2051039.0,2051039.0,
711810,3460.0,371.0,371.0,
720110,13667522.0,26542856.0,26542856.0,
720150,76057888.0,156459559.0,156459559.0,
720211,9066778.0,10355157.0,10355157.0,
720219,13833218.0,9641192.0,9641192.0,
720221,25316530.0,18100932.0,18100932.0,
720229,9957408.0,3970512.0,3970512.0,
720230,17238745.0,33262285.0,33262285.0,
720241,2943921.0,1613545.0,1613545.0,
720249,786956.0,250111.0,250111.0,
720250,1618.0,72.0,72.0,
720260,1230828.0,63047.0,63047.0,
720270,5202150.0,303961.0,303961.0,
720280,27720.0,844.0,844.0,
720291,333294.0,50560.0,50560.0,
720292,689933.0,30028.0,30028.0,
720293,1696896.0,68317.0,68317.0,
720299,6900138.0,2433494.0,2433494.0,
720310,155508548.0,349520921.0,349520921.0,
720390,34758339.0,80355653.0,80355653.0,
720410,4715354.0,10655619.0,10655619.0,
720421,472425.0,923485.0,923485.0,
720429,98554243.0,224085326.0,224085326.0,
720430,5115554.0,9381364.0,9381364.0,
720441,32979122.0,75549961.0,75549961.0,
720449,712479405.0,1623246780.0,1623246780.0,
720450,2197.0,2010.0,2010.0,
720510,12083101.0,11312031.0,11312031.0,
720521,3809720.0,771617.0,771617.0,
720529,8821088.0,3672892.0,3672892.0,
720610,8095566.0,6378310.0,6378310.0,
720690,2326003.0,838493.0,838493.0,
720711,615328443.0,986049679.0,986049679.0,
720712,1382245559.0,2343339456.0,2343339456.0,
720719,200765335.0,292402799.0,292402799.0,
720720,93959108.0,134810222.0,134810222.0,
720810,3662440.0,3625321.0,3625321.0,
720825,39960630.0,43094037.0,43094037.0,
720826,117649875.0,134391172.0,134391172.0,
720827,194895706.0,214983117.0,214983117.0,
720836,94750977.0,136469774.0,136469774.0,
720837,104393212.0,143326932.0,143326932.0,
720838,107328071.0,157836560.0,157836560.0,
720839,477046675.0,745988147.0,745988147.0,
720840,15745662.0,22633556.0,22633556.0,
720851,392168023.0,425158543.0,425158543.0,
720852,237525149.0,286437000.0,286437000.0,
720853,2126611.0,2031092.0,2031092.0,
720854,1648447.0,1156029.0,1156029.0,
720890,90139067.0,52085691.0,52085691.0,
720915,5604502.0,5963895.0,5963895.0,
720916,176849778.0,192818606.0,192818606.0,
720917,407467261.0,455104455.0,455104455.0,
720918,432444480.0,548823607.0,548823607.0,
720925,6961497.0,7548299.0,7548299.0,
720926,344157.0,213934.0,213934.0,
720927,1585818.0,398773.0,398773.0,
720928,40443.0,20848.0,20848.0,
720990,2248759.0,1655226.0,1655226.0,
721011,31323886.0,7492834.0,7492834.0,
721012,119189245.0,102332004.0,102332004.0,
721020,6952692.0,3906177.0,3906177.0,
721030,108203688.0,116331491.0,116331491.0,
721041,118368.0,25397.0,25397.0,
721049,211654410.0,203407396.0,203407396.0,
721050,30365124.0,26635365.0,26635365.0,
721061,237040633.0,255187824.0,255187824.0,
721069,8803178.0,7567187.0,7567187.0,
721070,151429554.0,129249627.0,129249627.0,
721090,10778835.0,7593657.0,7593657.0,
721113,954556.0,565124.0,565124.0,
721114,7640011.0,5880209.0,5880209.0,
721119,7986684.0,8294343.0,8294343.0,
721123,6783572.0,5120135.0,5120135.0,
721129,10633987.0,4378788.0,4378788.0,
721190,4354265.0,2238623.0,2238623.0,
721210,1122090.0,2732086.0,2732086.0,
721220,10607562.0,7567772.0,7567772.0,
721230,4396585.0,3837155.0,3837155.0,
721240,46293787.0,30411801.0,30411801.0,
721250,7974465.0,4659072.0,4659072.0,
721260,7142042.0,2876574.0,2876574.0,
721310,1020064.0,1018142.0,1018142.0,
721320,4871566.0,3498836.0,3498836.0,
721391,109578862.0,127980477.0,127980477.0,
721399,19072117.0,16867235.0,16867235.0,
721410,21391056.0,32736328.0,32736328.0,
721420,3093059.0,3790002.0,3790002.0,
721430,2720954.0,1888542.0,1888542.0,
721491,44877140.0,51084660.0,51084660.0,
721499,80222793.0,65836806.0,65836806.0,
721510,10006800.0,5007117.0,5007117.0,
721550,9620811.0,9504936.0,9504936.0,
721590,24426120.0,9916003.0,9916003.0,
721610,9685671.0,5104314.0,5104314.0,
721621,5614937.0,5846633.0,5846633.0,
721622,392074.0,490218.0,490218.0,
721631,6765184.0,6978899.0,6978899.0,
721632,15827710.0,18709920.0,18709920.0,
721633,39909548.0,44540843.0,44540843.0,
721640,54447025.0,69434400.0,69434400.0,
721650,38266761.0,36664748.0,36664748.0,
721661,56359.0,18347.0,18347.0,
721669,5685043.0,4309418.0,4309418.0,
721691,1063090.0,885077.0,885077.0,
721699,16948455.0,16400973.0,16400973.0,
721710,49131029.0,51275391.0,51275391.0,
721720,21647849.0,23280372.0,23280372.0,
721730,52509179.0,35045903.0,35045903.0,
721790,3702740.0,967758.0,967758.0,
721810,2068167.0,537856.0,537856.0,
721891,368507.0,340987.0,340987.0,
721899,30496817.0,3366022.0,3366022.0,
721911,5743435.0,1616531.0,1616531.0,
721912,11861428.0,6109808.0,6109808.0,
721913,116078075.0,62011062.0,62011062.0,
721914,83488718.0,55892316.0,55892316.0,
721921,20247332.0,8863803.0,8863803.0,
721922,32462448.0,13321855.0,13321855.0,
721923,25789413.0,10316989.0,10316989.0,
721924,2427694.0,1447369.0,1447369.0,
721931,1457245.0,584614.0,584614.0,
721932,7396758.0,2851411.0,2851411.0,
721933,38521712.0,18846371.0,18846371.0,
721934,33387675.0,16659470.0,16659470.0,
721935,26040577.0,12745676.0,12745676.0,
721990,5128838.0,4335575.0,4335575.0,
722011,3686087.0,1754993.0,1754993.0,
722012,12047603.0,2020259.0,2020259.0,
722020,15030806.0,5935330.0,5935330.0,
722090,20836301.0,8410245.0,8410245.0,
722100,7344513.0,20422258.0,20422258.0,
722211,7742757.0,3826612.0,3826612.0,
722219,13420975.0,10097269.0,10097269.0,
722220,18479260.0,5318839.0,5318839.0,
722230,8387802.0,4746566.0,4746566.0,
722240,5084005.0,2578928.0,2578928.0,
722300,45589391.0,10713856.0,10713856.0,
722410,2883788.0,1771668.0,1771668.0,
722490,56549935.0,47885502.0,47885502.0,
722511,41707897.0,19608794.0,19608794.0,
722519,25451014.0,22390432.0,22390432.0,
722530,35291423.0,35479153.0,35479153.0,
722540,127401525.0,113014221.0,113014221.0,
722550,31015958.0,30528139.0,30528139.0,
722591,10416972.0,8979534.0,8979534.0,
722592,32201609.0,32121592.0,32121592.0,
722599,51716797.0,57717259.0,57717259.0,
722611,26181289.0,9739818.0,9739818.0,
722619,7912562.0,3492247.0,3492247.0,
722620,161188.0,33296.0,33296.0,
722691,10827055.0,10599410.0,10599410.0,
722692,10153513.0,16769294.0,16769294.0,
722699,3684530.0,2507217.0,2507217.0,
722710,57515.0,116658.0,116658.0,
722720,14541037.0,19582662.0,19582662.0,
722790,209601093.0,299853817.0,299853817.0,
722810,7170622.0,3489160.0,3489160.0,
722820,21826273.0,16705944.0,16705944.0,
722830,278825205.0,242768618.0,242768618.0,
722840,15681717.0,9499487.0,9499487.0,
722850,26863338.0,10809623.0,10809623.0,
722860,21015043.0,19002122.0,19002122.0,
722870,219782826.0,348477237.0,348477237.0,
722880,15994137.0,7726761.0,7726761.0,
722920,11366617.0,8215062.0,8215062.0,
722990,68134358.0,38500046.0,38500046.0,
730110,27102644.0,32926047.0,32926047.0,
730120,2454028.0,1440520.0,1440520.0,
730210,71101141.0,55603155.0,55603155.0,
730230,11412910.0,3386329.0,3386329.0,
730240,4971107.0,4134329.0,4134329.0,
730290,11017075.0,4843298.0,4843298.0,
730300,100150375.0,49753924.0,49753924.0,
730411,56674326.0,16060309.0,16060309.0,
730419,300347572.0,236095965.0,236095965.0,
730422,19801835.0,8423651.0,8423651.0,
730423,29907865.0,7409065.0,7409065.0,
730424,11225144.0,1722478.0,1722478.0,
730429,678252900.0,395025918.0,395025918.0,
730431,49213523.0,21838987.0,21838987.0,
730439,64819643.0,30603243.0,30603243.0,
730441,17701244.0,4050383.0,4050383.0,
730449,19368853.0,5650892.0,5650892.0,
730451,4268617.0,925063.0,925063.0,
730459,86150244.0,18277786.0,18277786.0,
730490,17038324.0,6515866.0,6515866.0,
730511,460313849.0,293846782.0,293846782.0,
730512,15155843.0,2372485.0,2372485.0,
730519,16693661.0,11130796.0,11130796.0,
730520,26655168.0,15315524.0,15315524.0,
730531,2891553.0,610446.0,610446.0,
730539,333432.0,23915.0,23915.0,
730590,3798234.0,276066.0,276066.0,
730611,11460277.0,3455544.0,3455544.0,
730619,33077866.0,23554594.0,23554594.0,
730621,588810.0,107612.0,107612.0,
730629,13289659.0,7478050.0,7478050.0,
730630,59417909.0,36885091.0,36885091.0,
730640,42544569.0,14388494.0,14388494.0,
730650,11619684.0,4690373.0,4690373.0,
730661,11524057.0,14845709.0,14845709.0,
730669,31223.0,31623.0,31623.0,
730690,33668844.0,12609016.0,12609016.0,
730711,3223668.0,925120.0,925120.0,
730719,6175807.0,1713024.0,1713024.0,
730721,15638217.0,3607118.0,3607118.0,
730722,10690102.0,1296469.0,1296469.0,
730723,26458202.0,4332160.0,4332160.0,
730729,46800298.0,6772355.0,6772355.0,
730791,42409770.0,18350469.0,18350469.0,
730792,15905684.0,3405999.0,3405999.0,
730793,38195731.0,11966964.0,11966964.0,
730799,151034380.0,19629675.0,19629675.0,
730810,14869595.0,5768241.0,5768241.0,
730820,69365709.0,35205061.0,35205061.0,
730830,5731068.0,1671372.0,1671372.0,
730840,21519634.0,10931016.0,10931016.0,
730890,275050571.0,116682873.0,116682873.0,
730900,70470041.0,14824654.0,14824654.0,
731010,19985271.0,8314772.0,8314772.0,
731021,9023736.0,2790151.0,2790151.0,
731029,15634721.0,3320223.0,3320223.0,
731100,45040785.0,16760611.0,16760611.0,
731210,58282447.0,21895084.0,21895084.0,
731290,14958387.0,10828202.0,10828202.0,
731300,2662648.0,2339327.0,2339327.0,
731412,1531460.0,68530.0,68530.0,
731414,5606580.0,845558.0,845558.0,
731419,1329904.0,294411.0,294411.0,
731420,2729746.0,2073668.0,2073668.0,
731431,11027181.0,10633402.0,10633402.0,
731439,7350683.0,6689682.0,6689682.0,
731441,4310055.0,4784080.0,4784080.0,
731442,772932.0,1214052.0,1214052.0,
731449,6784307.0,3653757.0,3653757.0,
731450,1256879.0,1426378.0,1426378.0,
731511,46451204.0,17498621.0,17498621.0,
731512,32565381.0,10595438.0,10595438.0,
731519,6294977.0,651267.0,651267.0,
731520,2532282.0,581309.0,581309.0,
731581,9023967.0,4694665.0,4694665.0,
731582,3229471.0,2761992.0,2761992.0,
731589,26827133.0,4518777.0,4518777.0,
731590,11416268.0,2675203.0,2675203.0,
731600,18554573.0,5970101.0,5970101.0,
731700,20907390.0,38692893.0,38692893.0,
731811,5146549.0,1679648.0,1679648.0,
731812,2892036.0,1476898.0,1476898.0,
731813,12226822.0,792331.0,792331.0,
731814,7154519.0,3175080.0,3175080.0,
731815,257461434.0,42042585.0,42042585.0,
731816,98186156.0,16456559.0,16456559.0,
731819,34618457.0,7044807.0,7044807.0,
731821,11683423.0,931711.0,931711.0,
731822,73354450.0,4598538.0,4598538.0,
731823,5769651.0,655943.0,655943.0,
731824,33623937.0,3491041.0,3491041.0,
731829,118271363.0,17594106.0,17594106.0,
731940,24811785.0,1976092.0,1976092.0,
731990,4742374.0,610187.0,610187.0,
732010,16871005.0,2467883.0,2467883.0,
732020,41609222.0,3821866.0,3821866.0,
732090,28016213.0,2731257.0,2731257.0,
732111,9851315.0,2409806.0,66652.0,
732112,261147.0,123502.0,,
732119,613853.0,168339.0,,
732181,1757342.0,1200805.0,,
732182,15247.0,5222.0,,
732189,186594.0,50032.0,425.0,
732190,33228804.0,10914374.0,10914374.0,
732211,379986.0,71787.0,71787.0,
732219,11801507.0,764392.0,764392.0,
732290,4393894.0,426774.0,426774.0,
732310,2522106.0,1479038.0,1479038.0,
732391,4308616.0,2247054.0,2247054.0,
732392,310203.0,306415.0,306415.0,
732393,38724117.0,20288171.0,20288171.0,
732394,4419657.0,4276141.0,4276141.0,
732399,14286058.0,6495387.0,6495387.0,
732410,8879488.0,4130225.0,4130225.0,
732421,502213.0,94772.0,94772.0,
732429,1017977.0,275389.0,275389.0,
732490,5913000.0,2679319.0,2679319.0,
732510,2615288.0,1035303.0,1035303.0,
732591,39741770.0,28006658.0,28006658.0,
732599,11821726.0,2476670.0,2476670.0,
732611,39370653.0,30633401.0,30633401.0,
732619,44941994.0,3972996.0,3972996.0,
732620,17193259.0,8272924.0,8272924.0,
732690,288446582.0,62421524.0,62421524.0,
740100,265371.0,15941.0,15941.0,
740200,320587.0,20829.0,20829.0,
740311,735489928.0,90940236.0,90940236.0,
740312,878777.0,840167.0,840167.0,
740313,20094089.0,32634529.0,32634529.0,
740319,4982586.0,428038.0,428038.0,
740321,31439988.0,3587936.0,3587936.0,
740322,8554884.0,1210873.0,1210873.0,
740329,10494336.0,105132.0,105132.0,
740400,111474286.0,16252343.0,16252343.0,
740500,683970.0,97373.0,97373.0,
740610,3006699.0,257593.0,257593.0,
740620,7656791.0,621434.0,621434.0,
740710,27986353.0,3617006.0,3617006.0,
740721,17409603.0,2811230.0,2811230.0,
740729,8482838.0,1419693.0,1419693.0,
740811,11020734.0,1395932.0,1395932.0,
740819,82253725.0,13045597.0,13045597.0,
740821,9955555.0,2019702.0,2019702.0,
740822,1096136.0,67953.0,67953.0,
740829,32281632.0,1206239.0,1206239.0,
740911,18536573.0,2066821.0,2066821.0,
740919,22442789.0,6756170.0,6756170.0,
740921,51837061.0,5348048.0,5348048.0,
740929,7761376.0,1303350.0,1303350.0,
740931,30141478.0,3188834.0,3188834.0,
740939,1909044.0,783821.0,783821.0,
740940,17349182.0,556942.0,556942.0,
740990,642578.0,83616.0,83616.0,
741011,12463106.0,1279524.0,1279524.0,
741012,7702174.0,835806.0,835806.0,
741021,41311160.0,6586682.0,6586682.0,
741022,499302.0,54970.0,54970.0,
741110,52339606.0,5529346.0,5529346.0,
741121,12088592.0,1411614.0,1411614.0,
741122,862563.0,52816.0,52816.0,
741129,25709354.0,7718876.0,7718876.0,
741210,1198476.0,230699.0,230699.0,
741220,13052797.0,1524692.0,1524692.0,
741300,13095251.0,6105673.0,6105673.0,
741510,1823496.0,505565.0,505565.0,
741521,3093975.0,463593.0,463593.0,
741529,1834585.0,154121.0,154121.0,
741533,19638229.0,7173987.0,7173987.0,
741539,2425861.0,203620.0,203620.0,
741810,674059.0,169566.0,169566.0,
741820,3452152.0,428368.0,428368.0,
741910,621426.0,186546.0,186546.0,
741991,32168812.0,1475306.0,1475306.0,
741999,13535104.0,1497365.0,1497365.0,
750120,1468.0,50.0,50.0,
750210,5653386.0,348206.0,348206.0,
750220,343999.0,41255.0,41255.0,
750400,896203.0,63228.0,63228.0,
750511,396438.0,79036.0,79036.0,
750512,3213353.0,99454.0,99454.0,
750521,1657269.0,80368.0,80368.0,
750522,5615248.0,319894.0,319894.0,
750610,829363.0,31331.0,31331.0,
750620,13452845.0,1512803.0,1512803.0,
750711,1407566.0,21939.0,21939.0,
750712,7940182.0,301770.0,301770.0,
750720,1552397.0,177298.0,177298.0,
750810,663035.0,19245.0,19245.0,
750890,7756840.0,619564.0,619564.0,
760110,548606102.0,252545087.0,252545087.0,
760120,448948189.0,188114839.0,188114839.0,
760200,65083144.0,37822485.0,37822485.0,
760310,3954643.0,1295144.0,1295144.0,
760320,2031621.0,371158.0,371158.0,
760410,26523743.0,6265143.0,6265143.0,
760421,18600904.0,5451169.0,5451169.0,
760429,50333856.0,4542337.0,4542337.0,
760511,1531000.0,325667.0,325667.0,
760519,9423970.0,3311023.0,3311023.0,
760521,891065.0,217778.0,217778.0,
760529,3212433.0,582695.0,582695.0,
760611,114027847.0,34597527.0,34597527.0,
760612,262801937.0,68452002.0,68452002.0,
760691,14392078.0,4613639.0,4613639.0,
760692,11041907.0,7081961.0,7081961.0,
760711,46513747.0,12108554.0,12108554.0,
760719,37000350.0,4787184.0,4787184.0,
760720,25589226.0,4919694.0,4919694.0,
760810,4609791.0,1003636.0,1003636.0,
760820,10355744.0,2082013.0,2082013.0,
760900,12697682.0,1231607.0,1231607.0,
761010,5803931.0,1964061.0,1964061.0,
761090,25860802.0,17167727.0,17167727.0,
761100,945883.0,158902.0,158902.0,
761210,2344057.0,180094.0,180094.0,
761290,42925743.0,7849180.0,7849180.0,
761300,4704383.0,365943.0,365943.0,
761410,23254580.0,8945973.0,8945973.0,
761490,4556917.0,940810.0,940810.0,
761510,21331011.0,5432373.0,5432373.0,
761520,2192389.0,522128.0,522128.0,
761610,32855611.0,3584164.0,3584164.0,
761691,1052967.0,693758.0,693758.0,
761699,30734445.0,7819858.0,7819858.0,
780110,126011021.0,58840069.0,58840069.0,
780191,29938902.0,14903913.0,14903913.0,
780199,33678926.0,14513285.0,14513285.0,
780411,500939.0,15716.0,15716.0,
780419,3972890.0,444627.0,444627.0,
780420,129585.0,25746.0,25746.0,
780600,3402686.0,900473.0,900473.0,
790111,172119604.0,83630526.0,83630526.0,
790112,74596731.0,36160011.0,36160011.0,
790120,36656345.0,16405469.0,16405469.0,
790310,4220808.0,1603399.0,1603399.0,
790390,5383014.0,1601983.0,1601983.0,
790400,1561340.0,200831.0,200831.0,
790500,4698908.0,4817120.0,4817120.0,
790700,20142791.0,8891092.0,8891092.0,
800110,958358.0,96012.0,96012.0,
800120,5972723.0,213774.0,213774.0,
800200,143.0,1.0,1.0,
800300,18724209.0,1018498.0,1018498.0,
800700,5003078.0,1456830.0,1456830.0,
810110,561485.0,13089.0,13089.0,
810194,593947.0,4618.0,4618.0,
810196,2703678.0,79208.0,79208.0,
810199,775389.0,14303.0,14303.0,
810210,172541.0,5878.0,5878.0,
810295,16893.0,16440.0,16440.0,
810296,747181.0,32746.0,32746.0,
810299,34527.0,2275.0,2275.0,
810320,81142945.0,353976.0,353976.0,
810390,16688.0,35.0,35.0,
810411,8705171.0,2778819.0,2778819.0,
810419,111981.0,41287.0,41287.0,
810430,404445.0,48533.0,48533.0,
810490,730490.0,106999.0,106999.0,
810520,1376584.0,48237.0,48237.0,
810590,755230.0,6599.0,6599.0,
810600,98336.0,3271.0,3271.0,
810720,5481.0,38.0,38.0,
810790,2507.0,120.0,120.0,
810820,130885.0,19726.0,19726.0,
810830,74.0,11.0,11.0,
810890,17980422.0,569732.0,569732.0,
810920,66534.0,45413.0,45413.0,
810990,128269.0,34338.0,34338.0,
811010,7150447.0,546466.0,546466.0,
811090,727910.0,69698.0,69698.0,
811100,258705.0,68956.0,68956.0,
811212,135795.0,58313.0,58313.0,
811219,805449.0,50808.0,50808.0,
811221,699175.0,49528.0,49528.0,
811229,251573.0,37183.0,37183.0,
811299,3037.0,122.0,122.0,
811300,5119.0,2963.0,2963.0,
820110,98752.0,108867.0,108867.0,
820130,74748.0,65446.0,65446.0,
820140,32203.0,31251.0,31251.0,
820150,232021.0,104094.0,104094.0,
820160,134.0,15.0,15.0,
820190,146920.0,23528.0,23528.0,
820210,2966537.0,2265536.0,2265536.0,
820220,4823734.0,1232068.0,1232068.0,
820231,1804284.0,299712.0,299712.0,
820239,2622937.0,695740.0,695740.0,
820240,2236312.0,830270.0,830270.0,
820291,371899.0,67505.0,67505.0,
820299,3490785.0,950558.0,950558.0,
820310,1702897.0,855727.0,855727.0,
820320,8121825.0,4363923.0,4363923.0,
820330,2330793.0,794357.0,794357.0,
820340,2806770.0,615957.0,615957.0,
820411,11838212.0,5854096.0,5854096.0,
820412,8851489.0,2820596.0,2820596.0,
820420,5928201.0,2394970.0,2394970.0,
820510,6396873.0,1630191.0,1630191.0,
820520,7025469.0,6084967.0,6084967.0,
820530,2497420.0,1750439.0,1750439.0,
820540,5967074.0,2983279.0,2983279.0,
820551,1018678.0,179360.0,179360.0,
820559,16633182.0,20702294.0,20702294.0,
820560,52153.0,21957.0,21957.0,
820570,12722180.0,2749204.0,2749204.0,
820590,21214985.0,1656655.0,1656655.0,
820600,11330706.0,1631311.0,1631311.0,
820713,6922925.0,268462.0,268462.0,
820719,74610740.0,1384322.0,1384322.0,
820720,25499001.0,1033399.0,1033399.0,
820730,135805395.0,7821668.0,7821668.0,
820740,10579636.0,373325.0,373325.0,
820750,16006342.0,1550165.0,1550165.0,
820760,4382119.0,140703.0,140703.0,
820770,8041967.0,270120.0,270120.0,
820780,9271849.0,325215.0,325215.0,
820790,47747734.0,2437400.0,2437400.0,
820810,9499127.0,250008.0,250008.0,
820820,10104750.0,1427889.0,1427889.0,
820830,942564.0,80263.0,80263.0,
820840,423844.0,90810.0,90810.0,
820890,25376550.0,2200766.0,2200766.0,
820900,15386402.0,661701.0,661701.0,
821000,1351612.0,1015553.0,1015553.0,
821110,470755.0,131658.0,,
821191,1480093.0,446705.0,,
821192,1414219.0,292412.0,302887.0,
821193,215696.0,81921.0,,
821194,1953228.0,247759.0,247759.0,
821195,622785.0,120574.0,120574.0,
821210,12424819.0,699184.0,,
821220,12206342.0,1126314.0,,
821290,239958.0,71042.0,71042.0,
821300,3285184.0,1976865.0,1976865.0,
821410,2828287.0,1557886.0,1557886.0,
821420,1718680.0,770345.0,770345.0,
821490,2378990.0,1316512.0,1316512.0,
821510,38138.0,19201.0,19201.0,
821520,2285043.0,1203542.0,1203542.0,
821591,66104.0,14360.0,14360.0,
821599,10936783.0,6929731.0,6929731.0,
830110,9864663.0,5785068.0,5785068.0,
830120,35114548.0,3038971.0,3038971.0,
830130,7354211.0,5406489.0,5406489.0,
830140,21278066.0,12503375.0,12503375.0,
830150,1998307.0,159040.0,159040.0,
830160,33507968.0,5132028.0,5132028.0,
830170,3795927.0,406836.0,406836.0,
830210,24167169.0,19603545.0,19603545.0,
830220,10586976.0,5727259.0,5727259.0,
830230,57831085.0,6886841.0,6886841.0,
830241,26065083.0,14912141.0,14912141.0,
830242,40762838.0,23900827.0,23900827.0,
830249,10115130.0,4691725.0,4691725.0,
830250,9313249.0,1665020.0,1665020.0,
830260,4707558.0,1060767.0,1060767.0,
830300,10749242.0,5250581.0,5250581.0,
830400,17472699.0,4353672.0,4353672.0,
830510,7682477.0,3302199.0,3302199.0,
830520,5442708.0,3128259.0,3128259.0,
830590,6689021.0,2572603.0,2572603.0,
830610,341933.0,129070.0,129070.0,
830621,79001.0,16177.0,16177.0,
830629,588016.0,174613.0,174613.0,
830630,1414966.0,388442.0,388442.0,
830710,23697090.0,3572084.0,3572084.0,
830790,2817755.0,477561.0,477561.0,
830810,41967611.0,4357913.0,4357913.0,
830820,5210633.0,425814.0,425814.0,
830890,39314807.0,4436230.0,4436230.0,
830910,1010203.0,175964.0,175964.0,
830990,56347545.0,10671835.0,10671835.0,
831000,4546568.0,390562.0,390562.0,
831110,79045810.0,34297848.0,34297848.0,
831120,20543703.0,11131135.0,11131135.0,
831130,36390852.0,13395135.0,13395135.0,
831190,13782679.0,9769821.0,9769821.0,
840110,159986.0,15325.0,15325.0,
840120,118042.0,7146.0,7146.0,
840130,94632.0,4244.0,4244.0,
840140,469.0,111.0,111.0,
840211,31417554.0,7528943.0,7528943.0,
840212,91946187.0,22455854.0,22455854.0,
840219,33224616.0,10892160.0,10892160.0,
840220,5973833.0,1311555.0,1311555.0,
840290,247178156.0,30709308.0,30709308.0,
840310,19064274.0,4157815.0,,
840390,8439233.0,2366724.0,2366724.0,
840410,120327379.0,14108665.0,14108665.0,
840420,24796417.0,2382233.0,2382233.0,
840490,57632434.0,8213515.0,8213515.0,
840510,31917526.0,1750535.0,1750535.0,
840590,73635717.0,2906565.0,2906565.0,
840610,6111300.0,849030.0,,
840681,212597263.0,17528281.0,,
840682,62641619.0,30850167.0,,
840690,158356425.0,12107612.0,12107612.0,
840710,16994157.0,33169.0,,
840721,43383722.0,1763559.0,14095.0,
840729,6950964.0,1059898.0,965.0,
840731,28776.0,4226.0,,
840732,6089697.0,995386.0,,
840733,166180.0,13543.0,,
840734,149258651.0,14488168.0,65427.0,
840790,42495269.0,9396170.0,,
840810,109117572.0,11644675.0,,
840820,225057814.0,21931656.0,,
840890,184239010.0,43881632.0,,
840910,1006997.0,6366.0,6366.0,
840991,748637003.0,55296926.0,55296926.0,
840999,566499757.0,47031192.0,47031192.0,
841011,1550164.0,289666.0,,
841012,3017319.0,265825.0,,
841013,490667.0,87746.0,,
841090,9885158.0,2138592.0,2138592.0,
841111,12835539.0,602223.0,,
841112,246522742.0,442371.0,80.0,
841121,4159606.0,60125.0,23.0,
841122,14652761.0,88584.0,,
841181,17157194.0,353541.0,96.0,
841182,150544080.0,2289023.0,,
841191,12692139.0,30608.0,30608.0,
841199,272126718.0,73609174.0,73609174.0,
841210,953121.0,264448.0,,
841221,29705582.0,2713642.0,,
841229,42066771.0,3167568.0,,
841231,5285229.0,372696.0,,
841239,6370397.0,443156.0,,
841280,17692122.0,1273046.0,,
841290,30045878.0,3018909.0,3018909.0,
841311,6656885.0,651281.0,,
841319,47364936.0,2726450.0,,
841320,6262624.0,1561090.0,,
841330,425095035.0,18159965.0,,
841340,4537594.0,657094.0,90.0,
841350,49502941.0,3410374.0,,
841360,38027021.0,2896479.0,,
841370,175834755.0,18282445.0,,
841381,104977608.0,16244974.0,,
841382,54901242.0,7373287.0,,
841391,185397886.0,26525091.0,26525091.0,
841392,4378288.0,2158048.0,2158048.0,
841410,21067192.0,1185131.0,,
841420,19226987.0,3411260.0,4266883.0,
841430,275248655.0,58845389.0,,
841440,28027320.0,6724258.0,,
841451,5874260.0,915101.0,265684.0,
841459,72525732.0,6354519.0,,
841460,7621449.0,1725436.0,81315.0,
841480,202731123.0,13125096.0,,
841490,153054808.0,21944072.0,21944072.0,
841510,434841230.0,71193699.0,1178168.0,
841520,1333793.0,336139.0,,
841581,9069597.0,1439447.0,,
841582,38625949.0,3993628.0,,
841583,29278480.0,4394182.0,,
841590,131757379.0,12828783.0,12828783.0,
841610,3076076.0,281694.0,281694.0,
841620,21166342.0,1861141.0,1861141.0,
841630,7466649.0,1894903.0,1894903.0,
841690,53717487.0,8260235.0,8260235.0,
841710,32772967.0,4603960.0,,
841720,9232588.0,1353864.0,826.0,
841780,44678591.0,10365845.0,,
841790,59584242.0,8658457.0,8658457.0,
841810,41249252.0,8306700.0,114609.0,
841821,9030686.0,1804926.0,36530.0,
841829,2326892.0,416996.0,8718.0,
841830,18509217.0,5087462.0,78823.0,
841840,4374222.0,870282.0,,
841850,64950692.0,13505331.0,50878.0,
841861,5521053.0,986018.0,,
841869,68441396.0,7677841.0,7677841.0,
841891,7533093.0,1134875.0,1134875.0,
841899,95345646.0,24874652.0,24874652.0,
841911,9395257.0,1127942.0,,
841919,4225135.0,640805.0,9996.0,
841920,10088972.0,338961.0,,
841931,45449418.0,4014982.0,,
841932,17723895.0,1346598.0,,
841939,95890026.0,7861411.0,,
841940,40769076.0,1684014.0,,
841950,200316278.0,13033511.0,,
841960,52708736.0,2594670.0,,
841981,9692244.0,819657.0,,
841989,134221646.0,13769942.0,,
841990,74063086.0,6898375.0,6898375.0,
842010,17552478.0,1103017.0,,
842091,2333351.0,276492.0,276492.0,
842099,2927412.0,138255.0,138255.0,
842111,6093595.0,202200.0,92.0,
842112,770853.0,124035.0,2989.0,
842119,30150683.0,2116204.0,,
842121,95630824.0,10135980.0,,
842122,10429658.0,1951230.0,,
842123,80285867.0,5862036.0,9636087.0,
842129,94479679.0,6322084.0,,
842131,41302921.0,2658767.0,2386392.0,
842139,149224508.0,15906937.0,,
842191,5276114.0,141957.0,141957.0,
842199,140337693.0,8793533.0,8793533.0,
842211,402333.0,68738.0,1432.0,
842219,3832255.0,223418.0,1453.0,
842220,4605049.0,265319.0,,
842230,133561990.0,4448175.0,,
842240,199439163.0,4976618.0,,
842290,86748977.0,1599478.0,1599478.0,
842310,3854680.0,1308285.0,430205.0,
842320,12315700.0,2893656.0,585.0,
842330,11184400.0,1221306.0,386.0,
842381,10232302.0,2181376.0,,
842382,4882969.0,668381.0,,
842389,7035793.0,1374041.0,,
842390,10536822.0,984620.0,984620.0,
842410,4172301.0,673822.0,,
842420,6020343.0,799797.0,,
842430,23399297.0,2044923.0,,
842481,18267059.0,2864596.0,,
842489,32079925.0,4374523.0,,
842490,50493525.0,5509348.0,5509348.0,
842511,31433468.0,3370674.0,,
842519,23194033.0,5752186.0,,
842531,12618415.0,1896456.0,,
842539,32884824.0,5792429.0,,
842541,6273990.0,1718348.0,2356.0,
842542,23724652.0,8705189.0,,
842549,7916102.0,2239191.0,,
842611,29257231.0,6447243.0,674.0,
842612,44916497.0,10166819.0,,
842619,206895907.0,46779887.0,,
842620,38816753.0,13717237.0,404.0,
842630,45417182.0,13613802.0,,
842641,66795986.0,9087987.0,292.0,
842649,71635211.0,12591561.0,,
842691,9864046.0,3339376.0,380.0,
842699,27739656.0,4194401.0,,
842710,56529473.0,8666900.0,3249.0,
842720,145715545.0,30052312.0,4740.0,
842790,19206713.0,5011793.0,,
842810,67758749.0,16138029.0,2868.0,
842820,55701141.0,5144114.0,,
842831,3152169.0,1017997.0,,
842832,29903611.0,4646853.0,,
842833,17652836.0,3485458.0,,
842839,95445864.0,11634959.0,,
842840,15868743.0,6377547.0,451.0,
842860,496938.0,32841.0,,
842890,69919153.0,10168385.0,,
842911,359109454.0,38786525.0,2348.0,
842919,55651233.0,6721951.0,825.0,
842920,199742754.0,17602119.0,1428.0,
842930,2188790.0,162313.0,,
842940,60272714.0,12828066.0,1359.0,
842951,169382969.0,28605322.0,2686.0,
842952,1254506634.0,237609543.0,15129.0,
842959,92744757.0,12307849.0,1472.0,
843010,27273249.0,18500141.0,,
843020,4050928.0,568319.0,,
843031,12267785.0,530267.0,40.0,
843039,42756138.0,1628275.0,,
843041,75102490.0,5542659.0,295.0,
843049,34409331.0,3397328.0,,
843050,76154076.0,6244575.0,,
843061,1908104.0,459085.0,728.0,
843069,10200492.0,1698898.0,,
843110,97042701.0,7888456.0,7888456.0,
843120,11324798.0,1540088.0,1540088.0,
843131,25940522.0,7058304.0,7058304.0,
843139,124875209.0,11223113.0,11223113.0,
843141,34904398.0,5524756.0,5524756.0,
843142,35809722.0,6178993.0,6178993.0,
843143,443172550.0,430454409.0,430454409.0,
843149,886507004.0,158489302.0,158489302.0,
843210,239024.0,69536.0,19.0,
843221,231606.0,54462.0,13.0,
843229,864281.0,136763.0,,
843230,494090.0,72818.0,20.0,
843240,1149105.0,221973.0,,
843280,3670425.0,559956.0,,
843290,3969138.0,1178647.0,1178647.0,
843311,6548951.0,1920945.0,,
843319,4118027.0,3211232.0,,
843320,1565301.0,178065.0,231.0,
843330,122775.0,9349.0,14.0,
843340,224170.0,14545.0,8.0,
843351,13077375.0,2537557.0,113.0,
843352,709116.0,144395.0,23.0,
843353,32193.0,7331.0,1.0,
843359,3642153.0,218397.0,,
843360,31911727.0,1286668.0,565.0,
843390,1865077.0,663069.0,663069.0,
843410,258369.0,19913.0,,
843420,24494637.0,501992.0,,
843490,3555047.0,106244.0,106244.0,
843510,7862444.0,1281259.0,,
843590,1418756.0,191710.0,191710.0,
843610,32831736.0,5133330.0,1278.0,
843621,33174356.0,4485422.0,,
843629,13704247.0,4122043.0,,
843680,6274689.0,1247735.0,,
843691,7612477.0,1318105.0,1318105.0,
843699,9591274.0,1991976.0,1991976.0,
843710,34550226.0,3203762.0,1000.0,
843780,14787703.0,4483038.0,,
843790,9112994.0,3279622.0,3279622.0,
843810,58072352.0,4197637.0,,
843820,54494810.0,1935392.0,,
843830,60411402.0,5522014.0,,
843840,106341.0,6574.0,,
843850,15765514.0,853129.0,,
843860,10095724.0,797825.0,,
843880,57058288.0,4111517.0,,
843890,55736049.0,4559806.0,4559806.0,
843910,1885298.0,346159.0,,
843920,147285395.0,5335085.0,,
843930,31136713.0,1879894.0,,
843991,68684350.0,3014677.0,3014677.0,
843999,116836791.0,5749207.0,5749207.0,
844010,6302525.0,660454.0,,
844090,523656.0,7386.0,7386.0,
844110,51641559.0,5028246.0,,
844120,4420208.0,595602.0,,
844130,19071708.0,1961469.0,268.0,
844140,19657440.0,1468248.0,,
844180,122298339.0,6321743.0,,
844190,19676074.0,1744578.0,1744578.0,
844230,15808474.0,878038.0,397.0,
844240,6458123.0,953976.0,953976.0,
844250,11255631.0,971547.0,971547.0,
844311,21357893.0,2333266.0,,
844312,533317.0,335849.0,,
844313,62883502.0,5750984.0,,
844314,1845632.0,322020.0,,
844315,767915.0,236378.0,,
844316,33877024.0,1869576.0,,
844317,20417623.0,1419624.0,,
844319,4446904.0,511904.0,,
844331,118027785.0,8974338.0,,
844332,159823255.0,9769250.0,,
844339,12488523.0,5015175.0,,
844391,656592722.0,22670048.0,22670048.0,
844399,164080473.0,5462140.0,5462140.0,
844400,33535844.0,2327433.0,,
844511,33637124.0,4768734.0,573.0,
844512,4008220.0,767399.0,32.0,
844513,34374951.0,4265987.0,602.0,
844519,28629138.0,1739622.0,662.0,
844520,84799872.0,14510121.0,,
844530,7257014.0,1578734.0,163.0,
844540,64710430.0,3625419.0,,
844590,11916717.0,864972.0,,
844610,4612750.0,952685.0,198.0,
844621,11344649.0,2081684.0,364.0,
844629,38380093.0,6769714.0,,
844630,66409052.0,8589163.0,2223.0,
844711,15549385.0,1375568.0,829.0,
844712,20458534.0,1883639.0,532.0,
844720,34507908.0,2721415.0,1264.0,
844790,34815271.0,5289361.0,,
844811,7598324.0,543773.0,543773.0,
844819,9976115.0,896482.0,896482.0,
844820,17780719.0,1237704.0,1237704.0,
844831,6728695.0,394548.0,394548.0,
844832,2875585.0,305290.0,305290.0,
844833,8223487.0,477164.0,477164.0,
844839,43528000.0,3273797.0,3273797.0,
844842,3814918.0,135152.0,135152.0,
844849,11435262.0,815614.0,815614.0,
844851,11280129.0,168559.0,168559.0,
844859,6439169.0,615954.0,615954.0,
844900,41579826.0,1324578.0,1324578.0,
845011,114546006.0,26962490.0,459654.0,
845012,53826596.0,13797755.0,,
845019,159845.0,17240.0,931.0,
845020,14284502.0,2492984.0,,
845090,20185905.0,5986282.0,5986282.0,
845110,3716657.0,641128.0,130.0,
845121,1338108.0,279615.0,3542.0,
845129,15161917.0,2443659.0,,
845130,5799371.0,572735.0,,
845140,34056540.0,2981308.0,,
845150,8114747.0,822442.0,,
845180,36653844.0,4074526.0,,
845190,8888756.0,836944.0,836944.0,
845210,7297156.0,2019775.0,75237.0,
845221,27761906.0,2833991.0,,
845229,41565873.0,4669920.0,,
845230,1125285.0,281333.0,281333.0,
845290,17946637.0,5325021.0,5325021.0,
845310,11171498.0,1182757.0,304.0,
845320,39972512.0,4703277.0,5574.0,
845380,20757186.0,2661118.0,,
845390,7014848.0,585589.0,585589.0,
845410,13139983.0,6102178.0,,
845420,22811046.0,1203600.0,,
845430,42906697.0,4065853.0,,
845490,41493854.0,5714118.0,5714118.0,
845510,3333258.0,155112.0,,
845521,8570461.0,5140126.0,,
845522,5121221.0,961442.0,,
845530,25882456.0,7457810.0,,
845590,44466422.0,9352480.0,9352480.0,
845610,15026449.0,563871.0,,
845620,1663230.0,32671.0,,
845630,13500916.0,762908.0,199.0,
845690,7864564.0,455987.0,,
845710,117588686.0,7207024.0,1036.0,
845720,3859914.0,222962.0,44.0,
845730,1448696.0,55798.0,,
845811,96469130.0,4083154.0,1034.0,
845819,25653097.0,4299641.0,,
845891,12103827.0,796464.0,115.0,
845899,28300447.0,3494131.0,,
845910,12151229.0,692892.0,,
845921,14481729.0,556012.0,143.0,
845929,11632057.0,2142816.0,,
845931,6564992.0,470496.0,,
845939,4304075.0,667342.0,,
845940,20679544.0,1417611.0,,
845951,262388.0,26095.0,,
845959,2120822.0,566372.0,,
845961,4394153.0,309966.0,,
845969,8830797.0,1334825.0,,
845970,10790320.0,572274.0,,
846011,13787995.0,356333.0,,
846019,17468625.0,1112066.0,604.0,
846021,19877271.0,463198.0,103.0,
846029,16469883.0,1463719.0,,
846031,3642810.0,284966.0,35.0,
846039,3124194.0,431802.0,,
846040,10261345.0,326702.0,,
846090,8096293.0,731671.0,,
846120,15168956.0,993696.0,,
846130,8617484.0,243939.0,,
846140,19616903.0,518870.0,,
846150,19462775.0,2345371.0,,
846190,7332193.0,999240.0,,
846210,195757023.0,21972185.0,,
846221,32321652.0,2852282.0,474.0,
846229,28922153.0,6245816.0,,
846231,4306911.0,629795.0,,
846239,39179231.0,5265211.0,,
846241,9348653.0,698870.0,79.0,
846249,15309032.0,2175630.0,,
846291,24784219.0,4184562.0,,
846299,44279567.0,6238181.0,,
846310,10253432.0,1496654.0,,
846320,10443806.0,3839131.0,271.0,
846330,28292993.0,2622206.0,547.0,
846390,21036964.0,2153967.0,,
846410,3669938.0,722742.0,,
846420,4263835.0,1297572.0,,
846490,19701630.0,3610697.0,,
846510,5030931.0,928962.0,,
846591,12458541.0,2724271.0,,
846592,10144301.0,2063214.0,,
846593,15135462.0,1112549.0,,
846594,5074728.0,473860.0,191.0,
846595,4741697.0,950449.0,,
846596,11940227.0,1591810.0,,
846599,26224188.0,3166893.0,,
846610,27476668.0,100764780.0,100764780.0,
846620,21589895.0,728938.0,728938.0,
846630,6237777.0,226449.0,226449.0,
846691,7522633.0,2348557.0,2348557.0,
846692,12093997.0,829926.0,829926.0,
846693,49412694.0,104553383.0,104553383.0,
846694,47582078.0,2614283.0,2614283.0,
846711,9367995.0,355614.0,,
846719,3907504.0,494857.0,,
846721,12444875.0,3241934.0,138925.0,
846722,4124332.0,1090655.0,55749.0,
846729,32284031.0,10678027.0,385185.0,
846781,7658463.0,2620308.0,37770.0,
846789,4623532.0,701162.0,,
846791,4377186.0,2771749.0,2771749.0,
846792,1242469.0,125842.0,125842.0,
846799,5096067.0,1833596.0,1833596.0,
846810,111979.0,46462.0,,
846820,10099027.0,1825445.0,,
846880,7707902.0,872509.0,,
846890,17229101.0,1448454.0,1448454.0,
846900,983689.0,112666.0,,
847010,5324137.0,998437.0,,
847021,307134.0,8964.0,,
847029,2334098.0,272421.0,,
847030,4580438.0,1261532.0,,
847050,42714689.0,593354.0,124291.0,
847090,138638.0,22418.0,,
847130,1307913593.0,14570591.0,2547291.0,
847141,110860664.0,2982012.0,,
847149,134979929.0,2642611.0,,
847150,312885989.0,6689484.0,,
847160,62318826.0,4983707.0,,
847170,251440366.0,6449943.0,,
847180,48622219.0,2610440.0,,
847190,70405936.0,3161627.0,,
847210,184007.0,24625.0,134.0,
847230,1148257.0,47703.0,,
847290,125040404.0,10579934.0,,
847310,4049387.0,23457140.0,23457140.0,
847321,776702.0,20101.0,20101.0,
847329,2391493.0,100015.0,100015.0,
847330,289675056.0,11948999.0,11948999.0,
847340,7827374.0,783846.0,783846.0,
847350,3000702.0,358085.0,358085.0,
847410,34641371.0,6640382.0,,
847420,170513217.0,29709437.0,,
847431,23092390.0,8063007.0,,
847432,15585555.0,6031085.0,,
847439,25662310.0,2901805.0,,
847480,53547004.0,10566210.0,,
847490,155879621.0,22768582.0,22768582.0,
847510,6989517.0,177046.0,,
847521,1176.0,151.0,,
847529,6835438.0,478495.0,,
847590,13427480.0,459338.0,459338.0,
847621,543918.0,24857.0,272.0,
847629,12653.0,2127.0,8.0,
847681,885.0,66.0,0.0,
847689,699083.0,45028.0,,
847690,13966238.0,689698.0,689698.0,
847710,229306952.0,33989826.0,3374.0,
847720,119527488.0,7890715.0,,
847730,83281485.0,4983117.0,,
847740,89767654.0,6050145.0,,
847751,28756660.0,1397765.0,,
847759,28858386.0,3373519.0,,
847780,221718289.0,18055855.0,,
847790,105382141.0,6889742.0,6889742.0,
847810,144725733.0,5752960.0,,
847890,57563533.0,1773040.0,1773040.0,
847910,16044642.0,3634734.0,,
847920,244920042.0,31565653.0,,
847930,8088867.0,3025166.0,,
847940,13544786.0,2039065.0,,
847950,76142980.0,1500916.0,2346.0,
847960,19636128.0,2679971.0,,
847971,165228.0,31368.0,,
847979,9353244.0,875699.0,,
847981,31169212.0,2458939.0,,
847982,153319715.0,9013025.0,,
847989,206238826.0,8914804.0,,
847990,153838391.0,9119728.0,9119728.0,
848010,14078852.0,805796.0,805796.0,
848020,33701133.0,3599089.0,3599089.0,
848030,29023673.0,2475497.0,2475497.0,
848041,27162120.0,1283158.0,1283158.0,
848049,31169981.0,2218327.0,2218327.0,
848050,5548344.0,188169.0,188169.0,
848060,27280392.0,7824256.0,7824256.0,
848071,155469922.0,7218020.0,7218020.0,
848079,14168944.0,1478145.0,1478145.0,
848110,68195455.0,5499510.0,5499510.0,
848120,56587762.0,2961461.0,2961461.0,
848130,61334009.0,4603564.0,4603564.0,
848140,51196018.0,14756417.0,14756417.0,
848180,511503475.0,44111971.0,44111971.0,
848190,81146451.0,6625154.0,6625154.0,
848210,215340210.0,20850423.0,,
848220,40876710.0,2755440.0,,
848230,14876060.0,2443681.0,,
848240,30729033.0,1273465.0,,
848250,34511494.0,1559835.0,,
848280,103453264.0,12668540.0,,
848291,22813500.0,2236416.0,2236416.0,
848299,58849175.0,7079650.0,7079650.0,
848310,381462527.0,37597031.0,,
848320,15607424.0,3044305.0,,
848330,46863713.0,4630703.0,,
848340,442688527.0,34597675.0,,
848350,67697736.0,6684287.0,,
848360,58478683.0,5155059.0,,
848390,119641134.0,12494691.0,12494691.0,
848410,69388262.0,3700207.0,3700207.0,
848420,31928238.0,826195.0,826195.0,
848490,64499683.0,3704949.0,3704949.0,
848610,8639959.0,314870.0,,
848620,7504919.0,167789.0,,
848630,397141.0,13676.0,,
848640,10975150.0,153910.0,,
848690,13418482.0,500317.0,500317.0,
848710,17399226.0,1469359.0,1469359.0,
848790,55197997.0,3016906.0,3016906.0,
850110,104827213.0,7026453.0,,
850120,5507875.0,2304490.0,,
850131,40669571.0,3871891.0,,
850132,11620016.0,1783907.0,,
850133,2547011.0,249752.0,,
850134,2707424.0,378171.0,,
850140,58339717.0,20394702.0,,
850151,8772294.0,2726328.0,,
850152,50235868.0,13183334.0,47071.0,
850153,26926374.0,3244018.0,,
850161,17033622.0,5835938.0,,
850162,6080128.0,1077207.0,,
850163,1421734.0,343030.0,,
850164,26153882.0,2173137.0,448.0,
850211,46034629.0,10873622.0,5943.0,
850212,40602654.0,6875261.0,1933.0,
850213,315651322.0,26110500.0,3778.0,
850220,110240224.0,24049476.0,,
850231,2548461.0,83864.0,,
850239,152629284.0,12241380.0,,
850240,3298268.0,124503.0,,
850300,174786620.0,17365573.0,17365573.0,
850410,21968663.0,3675351.0,,
850421,42796229.0,6564535.0,6698.0,
850422,13955828.0,1740300.0,421.0,
850423,106584888.0,14587029.0,215.0,
850431,76491430.0,7898912.0,,
850432,7071981.0,606689.0,,
850433,9180584.0,703528.0,,
850434,22390657.0,1973611.0,,
850440,218921458.0,15562708.0,,
850450,84669030.0,1875467.0,,
850490,88287963.0,13172114.0,13172114.0,
850511,61483243.0,5429077.0,5429077.0,
850519,62537075.0,10957409.0,10957409.0,
850520,9391421.0,672986.0,672986.0,
850590,40451961.0,2774990.0,2774990.0,
850610,21356734.0,2389781.0,63325653.0,
850630,1601.0,17.0,,
850640,401671.0,7658.0,1312407.0,
850650,6779522.0,88702.0,,
850660,452449.0,73374.0,,
850680,64304572.0,2110680.0,,
850690,11315784.0,754951.0,754951.0,
850710,23947314.0,6725262.0,471963.0,
850720,106288227.0,25318339.0,,
850730,2083303.0,276528.0,,
850740,3641152.0,78150.0,,
850750,170046.0,7992.0,,
850760,24476303.0,323735.0,827850.0,
850780,20451149.0,2957867.0,,
850790,36883623.0,5100559.0,5100559.0,
850811,6781656.0,1177710.0,82284.0,
850819,1959148.0,321844.0,26638.0,
850860,4122361.0,414969.0,,
850870,1662968.0,87202.0,87202.0,
850940,32146164.0,5461857.0,1067517.0,
850980,4289864.0,778830.0,173635.0,
850990,10145444.0,4902600.0,4902600.0,
851010,1679286.0,90142.0,64293.0,
851020,573225.0,104995.0,39694.0,
851030,57268.0,2755.0,2570.0,
851090,92889.0,18356.0,18356.0,
851110,10749815.0,873897.0,4867986.0,
851120,10451750.0,871020.0,,
851130,46845195.0,2350813.0,2798993.0,
851140,86761009.0,6474843.0,,
851150,75504187.0,6018786.0,,
851180,15823057.0,1832157.0,,
851190,94921237.0,7168755.0,7168755.0,
851210,1323014.0,170850.0,302232.0,
851220,132490882.0,9390601.0,,
851230,27574923.0,1442920.0,,
851240,16881599.0,1492758.0,,
851290,42475865.0,2337963.0,2337963.0,
851310,35745711.0,9261684.0,,
851390,6298691.0,1845038.0,1845038.0,
851410,14855535.0,2206631.0,,
851420,13431653.0,1225403.0,,
851430,26113500.0,2256112.0,,
851440,9139887.0,550778.0,,
851490,25933445.0,3797069.0,3797069.0,
851511,1328155.0,352148.0,,
851519,8689955.0,389007.0,,
851521,21874515.0,1315843.0,,
851529,18041059.0,2094583.0,,
851531,11573114.0,748115.0,,
851539,30811845.0,3915773.0,,
851580,20191098.0,1619339.0,,
851590,48400289.0,4815573.0,4815573.0,
851610,26961068.0,3968833.0,408219.0,
851621,10847.0,1417.0,,
851629,1008773.0,112024.0,,
851631,2042762.0,214351.0,165119.0,
851632,2270767.0,316574.0,165370.0,
851633,758384.0,71527.0,6252.0,
851640,3779107.0,495395.0,165694.0,
851650,6120559.0,1238695.0,,
851660,86075339.0,21907466.0,478197.0,
851671,2914391.0,245829.0,,
851672,2417470.0,421695.0,180561.0,
851679,16816597.0,3048314.0,,
851680,16530710.0,1319724.0,,
851690,72301180.0,11662749.0,11662749.0,
851711,2762844.0,61655.0,84845.0,
851712,2598017884.0,18309889.0,15331139.0,
851718,10306693.0,517906.0,92530.0,
851761,294731971.0,4776415.0,,
851762,840755222.0,9431330.0,,
851769,12259784.0,104423.0,,
851770,1354570759.0,17828652.0,17828652.0,
851810,9924086.0,926323.0,,
851821,10851967.0,2003027.0,,
851822,15072831.0,3259919.0,,
851829,41227423.0,7155744.0,,
851830,34315941.0,7098808.0,,
851840,14137741.0,1928982.0,,
851850,1164770.0,216667.0,,
851890,72837862.0,14258188.0,14258188.0,
851920,54499.0,3636.0,,
851930,675.0,57.0,9.0,
851950,3011.0,2641.0,,
851981,1353770.0,145942.0,,
851989,3827462.0,192797.0,,
852110,70814.0,2561.0,,
852190,38455340.0,1603630.0,,
852210,1539089.0,48787.0,48787.0,
852290,184976246.0,10122357.0,10122357.0,
852321,2383403.0,86900.0,,
852329,14598639.0,1134213.0,,
852341,6336694.0,2120207.0,,
852349,6657884.0,23377.0,,
852351,49885984.0,432574.0,,
852352,70104180.0,1064177.0,,
852359,2001505.0,184180.0,,
852380,20855254.0,631893.0,,
852550,1191004.0,17476.0,,
852560,11202084.0,193135.0,,
852580,76030120.0,1999301.0,,
852610,15178062.0,379973.0,,
852691,17144273.0,126092.0,,
852692,3017297.0,209847.0,,
852712,1465.0,214.0,,
852713,2777338.0,111435.0,74860.0,
852719,301604.0,69978.0,,
852721,42781612.0,833143.0,419524.0,
852729,14241191.0,370300.0,153647.0,
852791,7279636.0,694744.0,65645.0,
852792,1951969.0,258553.0,68048.0,
852799,296556.0,34231.0,,
852841,1862717.0,299584.0,,
852849,832012.0,36184.0,,
852851,83080289.0,3429954.0,,
852859,10951286.0,750544.0,,
852861,7482571.0,183090.0,,
852869,12026272.0,218931.0,,
852871,7530126.0,246938.0,103578.0,
852872,180314181.0,7407472.0,557292.0,
852873,2863.0,134.0,,
852910,101093871.0,17475584.0,17475584.0,
852990,1377632438.0,42551794.0,42551794.0,
853010,1258035.0,129884.0,,
853080,2633768.0,132657.0,,
853090,2136203.0,30335.0,30335.0,
853110,25220007.0,1499327.0,,
853120,127651534.0,2377787.0,,
853180,14400841.0,692508.0,,
853190,21133089.0,611293.0,611293.0,
853210,47095739.0,1730014.0,1730014.0,
853221,3288004.0,51876.0,51876.0,
853222,66646702.0,2287454.0,2287454.0,
853223,29023088.0,1085545.0,1085545.0,
853224,42491689.0,835156.0,835156.0,
853225,6090002.0,427679.0,427679.0,
853229,83296564.0,2883420.0,2883420.0,
853230,13493609.0,537889.0,537889.0,
853290,139034129.0,3295538.0,3295538.0,
853310,73102888.0,1519896.0,1519896.0,
853321,15440057.0,357523.0,357523.0,
853329,24564294.0,530120.0,530120.0,
853331,145194.0,19334.0,19334.0,
853339,4357191.0,300733.0,300733.0,
853340,18758566.0,397633.0,397633.0,
853390,44354031.0,1647007.0,1647007.0,
853400,427061022.0,9029824.0,9029824.0,
853510,9964322.0,826069.0,826069.0,
853521,43875679.0,1796159.0,1796159.0,
853529,27592664.0,1794068.0,1794068.0,
853530,49046781.0,4099485.0,4099485.0,
853540,20748116.0,1650911.0,1650911.0,
853590,52540006.0,3437927.0,3437927.0,
853610,35443470.0,2076687.0,2076687.0,
853620,20086137.0,1275419.0,1275419.0,
853630,26042778.0,1035501.0,1035501.0,
853641,35496741.0,1254670.0,1254670.0,
853649,59747476.0,1683962.0,1683962.0,
853650,176576840.0,8186678.0,8186678.0,
853661,5189208.0,2165408.0,2165408.0,
853669,36235236.0,3251698.0,3251698.0,
853670,29892217.0,940619.0,940619.0,
853690,621943932.0,28165523.0,28165523.0,
853710,199659020.0,10400553.0,10400553.0,
853720,321242332.0,15039347.0,15039347.0,
853810,26690706.0,1614652.0,1614652.0,
853890,300910127.0,10900915.0,10900915.0,
853910,10569305.0,1241742.0,,
853921,18686677.0,1003715.0,13374194.0,
853922,5909973.0,932961.0,17676283.0,
853929,45335340.0,4100694.0,,
853931,223658744.0,17468646.0,127903253.0,
853932,7404285.0,425661.0,592014.0,
853939,6139375.0,1070787.0,,
853941,497117.0,2406.0,,
853949,19617468.0,599324.0,,
853990,59479589.0,7628205.0,7628205.0,
854011,63619484.0,30454706.0,2020063.0,
854012,1450.0,401.0,,
854020,13215714.0,2371.0,7730.0,
854040,170755.0,4255.0,,
854060,88257.0,3184.0,,
854071,270186.0,1133.0,,
854079,68813.0,145.0,2.0,
854081,944222.0,20956.0,,
854089,727705.0,57980.0,,
854091,12728249.0,892731.0,892731.0,
854099,1184204.0,57282.0,57282.0,
854110,140595357.0,2103307.0,,
854121,24034071.0,200734.0,,
854129,94186777.0,2264607.0,,
854130,16586107.0,111214.0,,
854140,152718631.0,2495184.0,,
854150,28516557.0,331401.0,,
854160,17340911.0,231844.0,,
854190,11790239.0,209123.0,209123.0,
854231,329200477.0,3140271.0,,
854232,94319536.0,928741.0,,
854233,6994299.0,217253.0,11816672.0,
854239,1345566592.0,4991682.0,,
854290,65185871.0,1502424.0,1502424.0,
854310,885996.0,31079.0,,
854320,3436835.0,51326.0,,
854330,108984100.0,5750537.0,,
854370,127326411.0,9836935.0,,
854390,71999620.0,2632181.0,2632181.0,
854411,74409491.0,6858673.0,6858673.0,
854419,17929970.0,2439851.0,2439851.0,
854420,256642350.0,40210682.0,40210682.0,
854430,105706825.0,9261917.0,9261917.0,
854442,112366627.0,8665280.0,8665280.0,
854449,238484453.0,47621734.0,47621734.0,
854460,71813382.0,8133733.0,8133733.0,
854470,52625373.0,8613816.0,8613816.0,
854511,41642306.0,10962912.0,10962912.0,
854519,9062366.0,636483.0,636483.0,
854520,12656852.0,628952.0,628952.0,
854590,20286698.0,2404444.0,2404444.0,
854610,7704942.0,2693660.0,2693660.0,
854620,22776033.0,15289028.0,15289028.0,
854690,19084775.0,3807943.0,3807943.0,
854710,16790792.0,707351.0,707351.0,
854720,31565922.0,1907946.0,1907946.0,
854790,31354700.0,5376228.0,5376228.0,
854810,195095.0,1084.0,1084.0,
854890,52656423.0,10720836.0,10720836.0,
860110,5006489.0,2853041.0,,
860120,4680501.0,33379.0,,
860210,2160762.0,1156.0,,
860290,668666.0,69686.0,,
860310,30681214.0,10070664.0,10.0,
860390,967.0,37.0,,
860400,6329642.0,174706.0,,
860610,92011.0,9270.0,1.0,
860692,8400.0,8203.0,0.0,
860699,91670.0,16559.0,2.0,
860711,5155929.0,436381.0,436381.0,
860712,94178.0,3401.0,3401.0,
860719,31599265.0,7888470.0,7888470.0,
860721,2436414.0,88347.0,88347.0,
860729,1848972.0,283200.0,283200.0,
860730,2571547.0,541261.0,541261.0,
860791,1372988.0,55307.0,55307.0,
860799,7623527.0,2420648.0,2420648.0,
860800,15235852.0,1402024.0,1402024.0,
860900,14968374.0,2307871.0,,
870110,1106642.0,274190.0,,
870120,92238726.0,17276348.0,2108.0,
870130,2698456.0,380340.0,26.0,
870190,61185178.0,10260477.0,1918.0,
870210,53190851.0,4025810.0,,
870290,5632970.0,654200.0,238.0,
870310,2231674.0,405700.0,428.0,
870321,21077962.0,2955923.0,3104.0,
870322,1039331866.0,100480058.0,93242.0,
870323,955413455.0,69719905.0,50068.0,
870324,154425380.0,7107640.0,3773.0,
870331,83235.0,18113.0,6.0,
870332,503220001.0,41935977.0,22625.0,
870333,51975286.0,3239372.0,1226.0,
870390,452819.0,42391.0,20.0,
870410,1413985623.0,115867781.0,,
870421,468705621.0,50296490.0,27821.0,
870422,223958622.0,13234437.0,5807.0,
870423,484234857.0,66151004.0,6838.0,
870431,42664731.0,6027765.0,3377.0,
870432,6252710.0,699169.0,176.0,
870490,372807.0,10271.0,,
870510,15680785.0,3401845.0,,
870520,1421201.0,316585.0,,
870530,14705450.0,610927.0,64.0,
870540,33860306.0,9033917.0,534.0,
870590,49326257.0,6925718.0,517.0,
870600,2381335.0,927515.0,51.0,
870710,26001503.0,3768223.0,,
870790,20682768.0,1719244.0,,
870810,42155608.0,6344639.0,6344639.0,
870821,22155558.0,2141507.0,2141507.0,
870829,411148366.0,39138490.0,39138490.0,
870830,144082957.0,10430543.0,10430543.0,
870840,431131965.0,23675719.0,23675719.0,
870850,318395220.0,34836455.0,34836455.0,
870870,59550404.0,22462738.0,22462738.0,
870880,68407316.0,7523708.0,7523708.0,
870891,57710922.0,4931825.0,4931825.0,
870892,40933601.0,3360960.0,3360960.0,
870893,99840014.0,9109614.0,9109614.0,
870894,199698541.0,16824518.0,16824518.0,
870895,25912747.0,1321560.0,1321560.0,
870899,1061195365.0,111982704.0,111982704.0,
870911,1631281.0,268843.0,145.0,
870919,3925574.0,458975.0,,
870990,857992.0,177252.0,177252.0,
871000,37883401.0,742577.0,,
871110,533034.0,379422.0,627.0,
871120,143121892.0,10983949.0,68535.0,
871130,101378.0,4768.0,19.0,
871140,16486271.0,863691.0,2312.0,
871150,6719598.0,241549.0,577.0,
871190,1599673.0,742133.0,,
871200,42825057.0,48172678.0,,
871310,1482291.0,504178.0,,
871390,2502924.0,945031.0,2725.0,
871410,367602203.0,92574390.0,92574390.0,
871420,1082463.0,141569.0,141569.0,
871491,31302917.0,7983389.0,7983389.0,
871492,10641285.0,3574033.0,3574033.0,
871493,12104391.0,3374193.0,3374193.0,
871494,21463202.0,4763726.0,4763726.0,
871495,4808001.0,2583310.0,,
871496,13514931.0,5153350.0,5153350.0,
871499,217757188.0,61459466.0,61459466.0,
871500,8241730.0,3056989.0,3056989.0,
871610,241.0,10.0,0.0,
871620,93718.0,46521.0,4.0,
871631,1108732.0,201117.0,27.0,
871639,7158845.0,2174888.0,406.0,
871640,10642063.0,1944999.0,,
871680,7358379.0,2990021.0,,
871690,51627724.0,30010066.0,30010066.0,
880100,4033.0,2636.0,,
880211,40891834.0,21662.0,,
880212,87754428.0,54961.0,23.0,
880220,72099841.0,83077.0,,
880230,109165875.0,145866.0,,
880240,3650438965.0,5003874.0,143.0,
880310,2315930.0,96503.0,96503.0,
880320,9404406.0,70388.0,70388.0,
880330,448250570.0,849467.0,849467.0,
880390,12997400.0,344291.0,344291.0,
880400,5401610.0,15399.0,15399.0,
880510,146964.0,7787.0,7787.0,
880521,14752407.0,17603.0,17603.0,
880529,41113312.0,135024.0,135024.0,
890110,67388241.0,45707046.0,,
890120,106825541.0,294343595.0,,
890190,1059170287.0,786801746.0,,
890200,7876334.0,11234610.0,,
890310,624035.0,44095.0,,
890391,4192972.0,815049.0,,
890392,5870413.0,440014.0,,
890399,2935302.0,108397.0,352.0,
890400,115496172.0,24102365.0,,
890510,36930654.0,8237382.0,,
890520,32117165.0,11353932.0,,
890590,211445006.0,56958985.0,,
890610,2662.0,372.0,,
890690,122847045.0,32502383.0,,
890710,3582333.0,402966.0,,
890790,30320189.0,19288467.0,,
890800,6967.0,2406.0,0.0,
900110,20592834.0,252290.0,252290.0,
900120,7550.0,2017.0,2017.0,
900130,64701585.0,618579.0,,
900140,44726.0,17055.0,6911.0,
900150,4156063.0,92422.0,593813.0,
900190,34457118.0,268120.0,268120.0,
900211,23827257.0,328190.0,328190.0,
900219,7519449.0,193282.0,193282.0,
900220,1490111.0,242185.0,242185.0,
900290,6280334.0,40413.0,40413.0,
900311,1150549.0,121399.0,45953.0,
900319,3180356.0,286764.0,118125.0,
900390,4089568.0,134375.0,134375.0,
900410,12633489.0,1292341.0,,
900490,10235510.0,1744457.0,,
900510,939458.0,37511.0,,
900580,1728343.0,68628.0,,
900590,514203.0,16475.0,16475.0,
900610,62580.0,2160.0,,
900630,2287468.0,25554.0,,
900640,2016676.0,15814.0,,
900651,4757035.0,487417.0,,
900652,34709.0,4740.0,,
900653,37496.0,15182.0,,
900659,1187638.0,14903.0,,
900661,85986.0,23707.0,441.0,
900669,109956.0,4566.0,,
900691,890739.0,145731.0,145731.0,
900699,1666697.0,51372.0,51372.0,
900710,613524.0,23213.0,,
900720,12607785.0,105546.0,,
900791,893179.0,64244.0,64244.0,
900792,5425929.0,37846.0,37846.0,
900850,1572380.0,608815.0,,
900890,380352.0,7109.0,7109.0,
901010,3470734.0,83240.0,337.0,
901050,1050962.0,33886.0,,
901060,4441478.0,1316649.0,,
901090,828233.0,123408.0,123408.0,
901110,4423615.0,24488.0,,
901120,1596683.0,98446.0,,
901180,6275375.0,73661.0,,
901190,239953.0,8170.0,8170.0,
901210,1967731.0,20083.0,,
901290,222898.0,866.0,866.0,
901310,10277047.0,12055.0,,
901320,2294308.0,62865.0,,
901380,55988742.0,1165125.0,,
901390,636067.0,19507.0,19507.0,
901410,1058907.0,91514.0,,
901420,5877119.0,5140.0,,
901480,34120874.0,338421.0,,
901490,12828438.0,690068.0,690068.0,
901510,4022806.0,74124.0,,
901520,3348699.0,42443.0,624.0,
901530,763011.0,81165.0,,
901540,3526097.0,161200.0,161200.0,
901580,35860740.0,846327.0,,
901590,59011386.0,19169655.0,19169655.0,
901600,3176011.0,467775.0,467775.0,
901710,1784965.0,150017.0,,
901720,2654889.0,1008932.0,,
901730,16011367.0,2923920.0,,
901780,9655349.0,2538822.0,,
901790,1963326.0,54360.0,54360.0,
901811,2931660.0,44158.0,2948.0,
901812,13321593.0,77854.0,,
901813,9137658.0,208832.0,,
901814,426184.0,1610.0,,
901819,23273460.0,379989.0,,
901820,1209591.0,14335.0,14335.0,
901831,16342273.0,1563182.0,,
901832,4967750.0,339259.0,339259.0,
901839,25602867.0,1667631.0,,
901841,80192.0,3337.0,3337.0,
901849,466020.0,66052.0,,
901850,10190562.0,75528.0,75528.0,
901890,116051613.0,9260257.0,,
901910,6605840.0,542325.0,542325.0,
901920,19205883.0,354482.0,354482.0,
902000,6741343.0,187864.0,187864.0,
902110,1569423.0,175956.0,175956.0,
902121,8531.0,270.0,270.0,
902129,577.0,39.0,39.0,
902131,28483.0,56.0,56.0,
902139,30367.0,407.0,407.0,
902140,177384.0,317.0,1097.0,
902150,353328.0,908.0,208.0,
902190,195775495.0,282860.0,282860.0,
902212,10063012.0,85095.0,105.0,
902213,751407.0,11318.0,,
902214,36655752.0,534777.0,864.0,
902219,7848579.0,162320.0,237.0,
902221,3213768.0,30722.0,,
902229,10876925.0,182023.0,,
902230,1138837.0,3289.0,64.0,
902290,5946131.0,54160.0,54160.0,
902300,42198576.0,1794127.0,1794127.0,
902410,11316476.0,371638.0,,
902480,22820130.0,371005.0,,
902490,2824028.0,70137.0,70137.0,
902511,729063.0,100010.0,,
902519,7284425.0,789912.0,,
902580,4518669.0,404729.0,,
902590,16865342.0,644948.0,644948.0,
902610,63804723.0,2040170.0,,
902620,38989796.0,1502453.0,,
902680,28973616.0,1213495.0,,
902690,45826325.0,1510628.0,1510628.0,
902710,23884866.0,314720.0,,
902720,2526122.0,18674.0,136.0,
902730,13928247.0,99043.0,,
902750,16328257.0,115953.0,,
902780,30719760.0,10713390.0,,
902790,13392033.0,235433.0,235433.0,
902810,5615765.0,362692.0,,
902820,3728366.0,279706.0,,
902830,74882459.0,2972718.0,852781.0,
902890,30680422.0,2772032.0,2772032.0,
902910,8786381.0,333615.0,,
902920,58974479.0,2387445.0,,
902990,62453734.0,2147293.0,2147293.0,
903010,9344746.0,55909.0,,
903020,2022718.0,93192.0,,
903031,1338073.0,133160.0,,
903032,1372842.0,80115.0,,
903033,14951931.0,612913.0,,
903039,7614154.0,189868.0,,
903040,6541832.0,71762.0,,
903082,2133360.0,38614.0,,
903084,2228931.0,78502.0,,
903089,10035098.0,787127.0,,
903090,13293518.0,181135.0,181135.0,
903110,15651797.0,644010.0,,
903120,12066828.0,430438.0,464.0,
903141,878517.0,26629.0,,
903149,12806460.0,270778.0,,
903180,130323871.0,3130331.0,,
903190,21427076.0,591700.0,591700.0,
903210,25964323.0,1707881.0,,
903220,1008504.0,93276.0,,
903281,9232404.0,432512.0,,
903289,134884103.0,7572074.0,,
903290,24220344.0,931686.0,931686.0,
903300,24503635.0,1737436.0,1737436.0,
910111,241235.0,725.0,,
910119,84088.0,4641.0,,
910121,92312.0,7066.0,7.0,
910129,247415.0,13850.0,,
910191,1516.0,187.0,,
910199,292128.0,24089.0,,
910211,9367039.0,345407.0,,
910212,279154.0,29547.0,,
910219,3814454.0,873493.0,,
910221,521595.0,9115.0,,
910229,6375013.0,928940.0,,
910291,515590.0,63272.0,,
910299,1595554.0,699882.0,,
910310,4605.0,576.0,841.0,
910390,1447640.0,195340.0,,
910400,2512950.0,56964.0,,
910511,351970.0,138988.0,90973.0,
910519,1172068.0,655590.0,365167.0,
910521,2049393.0,392334.0,373847.0,
910529,598524.0,286972.0,,
910591,104183.0,30864.0,,
910599,156423.0,72247.0,,
910610,986943.0,113216.0,,
910690,3379679.0,286487.0,,
910700,4094901.0,278946.0,382617.0,
910811,4359.0,1206.0,,
910819,14795.0,5331.0,,
910820,201970.0,2709.0,,
910890,133136.0,6965.0,,
910910,228981.0,77787.0,,
910990,118732.0,34617.0,,
911011,402879.0,79715.0,,
911019,5200.0,3392.0,3392.0,
911090,132268.0,18985.0,18985.0,
911110,5081.0,648.0,,
911120,1434.0,208.0,56.0,
911180,29795.0,8381.0,,
911190,34966.0,8672.0,8672.0,
911220,204630.0,69887.0,,
911290,9438.0,956.0,956.0,
911320,11109.0,152.0,152.0,
911390,417802.0,67650.0,67650.0,
911410,10906.0,2388.0,2388.0,
911430,26135.0,6969.0,6969.0,
911440,12580.0,2178.0,2178.0,
911490,4242985.0,313985.0,313985.0,
920110,324911.0,138481.0,147.0,
920120,1252465.0,108004.0,109.0,
920190,2243390.0,734050.0,2819.0,
920210,616594.0,54140.0,,
920290,2140854.0,190074.0,,
920510,519445.0,48478.0,,
920590,1874423.0,763111.0,,
920600,3536623.0,876334.0,,
920710,5062321.0,203762.0,7685.0,
920790,1585924.0,200025.0,,
920810,610095.0,77142.0,100949.0,
920890,244661.0,66005.0,,
920930,2051420.0,109859.0,109859.0,
920991,68897957.0,9704506.0,9704506.0,
920992,17392957.0,1162761.0,1162761.0,
920994,40544638.0,2345690.0,2345690.0,
920999,38309091.0,802387.0,802387.0,
930110,8230098.0,105514.0,,
930120,929.0,8.0,0.0,
930190,12290264.0,23845.0,,
930200,1769838.0,4062.0,4371.0,
930320,8512.0,227.0,15.0,
930330,10634.0,100.0,22.0,
930390,331248.0,875.0,,
930400,394167.0,4764.0,6384.0,
930510,22448.0,342.0,342.0,
930520,139055.0,21771.0,21771.0,
930591,603961.0,3415.0,3415.0,
930599,480141.0,5915.0,5915.0,
930621,77953113.0,1753803.0,1753803.0,
930629,2561458.0,19034.0,19034.0,
930630,2991528.0,37947.0,37947.0,
930690,15713032.0,359861.0,359861.0,
930700,29909.0,224.0,224.0,
940110,1858148.0,34772.0,213.0,
940120,6763762.0,881324.0,,
940130,15413261.0,5065933.0,,
940140,306295.0,127056.0,1572.0,
940151,4041.0,81.0,60.0,
940159,38792.0,6750.0,601.0,
940161,22494710.0,6057331.0,104023.0,
940169,2790897.0,647015.0,53875.0,
940171,24534035.0,7616459.0,,
940179,17038342.0,7905638.0,,
940180,9089506.0,3328281.0,,
940190,133670498.0,23115284.0,23115284.0,
940210,8162318.0,783961.0,783961.0,
940290,14497117.0,1545628.0,1545628.0,
940310,8809544.0,4276952.0,4276952.0,
940320,47987484.0,28265411.0,28265411.0,
940330,8696147.0,5911461.0,,
940340,3322698.0,1900868.0,,
940350,20830337.0,11852102.0,156810.0,
940360,27520988.0,14962719.0,,
940370,8277782.0,2652113.0,2652113.0,
940381,238482.0,186660.0,186660.0,
940389,2757037.0,2121247.0,2121247.0,
940390,14345516.0,5543461.0,5543461.0,
940410,1218338.0,279465.0,279465.0,
940421,1543939.0,464613.0,13023.0,
940429,4621593.0,1770154.0,41564.0,
940430,354953.0,36366.0,18477.0,
940490,6204914.0,1183670.0,1183670.0,
940510,28911973.0,5103807.0,5103807.0,
940520,11007408.0,2211800.0,2211800.0,
940530,558580.0,160369.0,160369.0,
940540,44377674.0,6062851.0,6062851.0,
940550,2838558.0,1561727.0,1561727.0,
940560,3233759.0,359384.0,359384.0,
940591,1924787.0,650663.0,650663.0,
940592,7020766.0,3655293.0,3655293.0,
940599,7680896.0,1823872.0,1823872.0,
940600,58305229.0,23722178.0,23722178.0,
950300,114213405.0,39771611.0,39771611.0,
950420,648324.0,392120.0,392120.0,
950430,9950223.0,2428236.0,,
950440,2929137.0,3585568.0,1799282.0,
950450,23572285.0,1320971.0,1320971.0,
950490,3600394.0,938264.0,,
950510,3530112.0,928750.0,928750.0,
950590,3027020.0,1079846.0,1079846.0,
950611,7479.0,5584.0,54.0,
950619,573959.0,113051.0,113051.0,
950621,61741.0,4415.0,147.0,
950629,1355929.0,170802.0,,
950631,299870.0,33615.0,4004.0,
950632,224117.0,39373.0,,
950639,322416.0,104749.0,104749.0,
950640,3027858.0,2362059.0,2362059.0,
950651,1444458.0,51285.0,58163.0,
950659,3452081.0,941540.0,311604.0,
950661,296053.0,82530.0,393469.0,
950662,4408405.0,621520.0,1205313.0,
950669,1219955.0,247261.0,825547.0,
950670,1044049.0,281236.0,33461.0,
950691,36110707.0,8585651.0,8585651.0,
950699,4360182.0,1016198.0,,
950710,4579899.0,1078022.0,,
950720,2468429.0,467263.0,467263.0,
950730,1279900.0,638595.0,48286.0,
950790,690291.0,272102.0,,
950810,4637.0,589.0,589.0,
950890,22205066.0,2386107.0,2386107.0,
960110,633.0,477.0,477.0,
960190,111319.0,1957.0,1957.0,
960200,3265841.0,230883.0,230883.0,
960310,819300.0,405578.0,733677.0,
960321,14639504.0,1639854.0,25619679.0,
960329,2188418.0,544816.0,2076413.0,
960330,2840018.0,656684.0,,
960340,7275732.0,5376412.0,10568854.0,
960350,3177881.0,629552.0,,
960390,17836939.0,7888292.0,,
960400,233176.0,65194.0,,
960500,156881.0,61489.0,,
960610,10373701.0,738027.0,738027.0,
960621,35361822.0,2703704.0,2703704.0,
960622,19462367.0,1594491.0,1594491.0,
960629,15915317.0,1558321.0,1558321.0,
960630,2214437.0,130964.0,130964.0,
960711,22063807.0,1797764.0,1797764.0,
960719,45367597.0,3807030.0,3807030.0,
960720,20123214.0,4357638.0,4357638.0,
960810,8442451.0,3083718.0,,
960820,1912229.0,695466.0,4638257.0,
960830,1482581.0,745515.0,,
960840,925381.0,237637.0,2023083.0,
960850,1580330.0,702545.0,,
960860,1902765.0,304559.0,5816429.0,
960891,2981534.0,134324.0,214598667.0,
960899,8136880.0,1130293.0,1130293.0,
960910,5000076.0,2169298.0,2169298.0,
960920,6533649.0,1334251.0,1334251.0,
960990,3182777.0,1790668.0,1790668.0,
961000,804291.0,281595.0,281595.0,
961100,1587044.0,232214.0,232214.0,
961210,19127420.0,1824893.0,,
961220,125360.0,42285.0,,
961310,19008198.0,10918368.0,96650798.0,
961320,685660.0,357187.0,,
961380,1989755.0,188389.0,,
961390,10096618.0,1104871.0,1104871.0,
961400,325270.0,30487.0,30487.0,
961511,13495858.0,6992546.0,6992546.0,
961519,5382149.0,3231626.0,3231626.0,
961590,1381370.0,500649.0,500649.0,
961610,16331119.0,3038667.0,3038667.0,
961620,4304018.0,255697.0,255697.0,
961700,4799582.0,1905564.0,1905564.0,
961800,2095548.0,270355.0,270355.0,
961900,144357653.0,38093804.0,38093804.0,
970110,1198320.0,117249.0,,
970190,432105.0,71447.0,71447.0,
970200,63650.0,50105.0,,
970300,709551.0,735149.0,,
970400,32241.0,1309.0,1309.0,
970500,26673.0,573.0,573.0,
999999,2194140285.0,,,
