cmdCode,primaryValue,netWgt,qty,qtyUnitAbbr
010229,2733.0,401.0,3.0,
010392,62124790.0,35370257.0,298027.0,
010410,78516.0,26010.0,1015.0,
010420,6460.0,2000.0,,
010611,118430.0,1888.0,39.0,
010614,6023.0,533.0,,
010619,126897.0,8949.0,,
010620,2991592.0,334811.0,,
010632,123895.0,758.0,,
010639,13605.0,12235.0,,
010641,1716.0,245.0,,
010649,143460.0,4824.0,,
010690,113264.0,4887.0,,
020130,8755.0,962.0,962.0,
020319,11487.0,21000.0,21000.0,
020629,44.0,30.0,30.0,
020714,21250.0,108.0,108.0,
020840,18677.0,3667.0,3667.0,
020850,177281.0,202560.0,202560.0,
020890,17807338.0,3309082.0,3309082.0,
021091,73.0,50.0,50.0,
021092,16.0,30.0,30.0,
021093,901520.0,557627.0,557627.0,
021099,216.0,125.0,125.0,
030111,15512023.0,943766.0,943766.0,
030119,5503287.0,951931.0,951931.0,
030191,14098.0,3367.0,3367.0,
030192,9507116.0,4037285.0,4037285.0,
030193,403098.0,203378.0,203378.0,
030194,3644.0,767.0,767.0,
030199,29611798.0,4915686.0,4915686.0,
030211,53796.0,45715.0,45715.0,
030213,6890.0,4095.0,4095.0,
030219,35939467.0,30338411.0,30338411.0,
030221,1738.0,959.0,959.0,
030222,3702.0,1485.0,1485.0,
030224,4413.0,1103.0,1103.0,
030229,29675268.0,5262901.0,5262901.0,
030231,40313.0,8039.0,8039.0,
030232,28008473.0,3770828.0,3770828.0,
030233,724630.0,417607.0,417607.0,
030234,9210079.0,1416445.0,1416445.0,
030235,1239697.0,266251.0,266251.0,
030236,13691.0,1401.0,1401.0,
030239,31781148.0,4366520.0,4366520.0,
030242,787449.0,159408.0,159408.0,
030243,15425337.0,6434165.0,6434165.0,
030244,526216.0,220453.0,220453.0,
030246,10236.0,13135.0,13135.0,
030247,942.0,314.0,314.0,
030256,24194.0,11428.0,11428.0,
030259,1900472.0,939248.0,939248.0,
030271,7726.0,3713.0,3713.0,
030272,89288.0,74059.0,74059.0,
030274,181349.0,114310.0,114310.0,
030279,215112.0,151427.0,151427.0,
030281,2620.0,5822.0,5822.0,
030282,1006288.0,812119.0,812119.0,
030285,189916.0,208827.0,208827.0,
030289,48739928.0,36728687.0,36728687.0,
030290,469622.0,48855.0,48855.0,
030311,85649.0,146055.0,146055.0,
030312,12108.0,4648.0,4648.0,
030314,1.0,3.0,3.0,
030319,21830071.0,27499690.0,27499690.0,
030323,219640.0,90982.0,90982.0,
030324,765669.0,415856.0,415856.0,
030326,1965971.0,1856689.0,1856689.0,
030329,19640425.0,12603078.0,12603078.0,
030331,2282.0,2020.0,2020.0,
030339,25331874.0,8821249.0,8821249.0,
030341,11471932.0,5215426.0,5215426.0,
030342,77627706.0,18690961.0,18690961.0,
030343,108205770.0,55417518.0,55417518.0,
030344,2285098.0,1304206.0,1304206.0,
030345,507267.0,39232.0,39232.0,
030346,443484.0,49825.0,49825.0,
030349,28328682.0,14763521.0,14763521.0,
030351,13501.0,22502.0,22502.0,
030353,779918.0,801491.0,801491.0,
030354,6277982.0,3617687.0,3617687.0,
030355,1891692.0,2417020.0,2417020.0,
030356,2464589.0,4192976.0,4192976.0,
030357,5823817.0,1434363.0,1434363.0,
030365,92378.0,25309.0,25309.0,
030369,33900709.0,38388620.0,38388620.0,
030381,1752168.0,946666.0,946666.0,
030382,115945.0,54271.0,54271.0,
030389,164592362.0,232060674.0,232060674.0,
030390,3427558.0,162040.0,162040.0,
030431,3345468.0,510317.0,510317.0,
030432,20786679.0,6843127.0,6843127.0,
030439,20333814.0,2822046.0,2822046.0,
030441,757436.0,41415.0,41415.0,
030445,615378.0,651943.0,651943.0,
030446,38000.0,19000.0,19000.0,
030449,15103251.0,2782298.0,2782298.0,
030451,19456.0,13342.0,13342.0,
030454,70844.0,18995.0,18995.0,
030459,1464814.0,192431.0,192431.0,
030461,73662333.0,12602515.0,12602515.0,
030462,336826.0,105959.0,105959.0,
030463,62638.0,10455.0,10455.0,
030469,1594154.0,331454.0,331454.0,
030471,16303.0,25633.0,25633.0,
030479,1174600.0,243132.0,243132.0,
030481,3006165.0,350980.0,350980.0,
030483,43.0,5.0,5.0,
030484,7330040.0,845148.0,845148.0,
030485,44595.0,4500.0,4500.0,
030487,50938319.0,12978980.0,12978980.0,
030489,69037648.0,11302215.0,11302215.0,
030491,1203880.0,395401.0,395401.0,
030493,1077647.0,241228.0,241228.0,
030499,151192578.0,37344576.0,37344576.0,
030510,144140.0,383430.0,383430.0,
030520,24931847.0,2775304.0,2775304.0,
030531,120486.0,34713.0,34713.0,
030539,366554.0,157449.0,157449.0,
030541,799885.0,88454.0,88454.0,
030544,77491.0,71014.0,71014.0,
030549,39140279.0,6655456.0,6655456.0,
030551,1159000.0,788320.0,788320.0,
030559,31257565.0,5241791.0,5241791.0,
030563,8220705.0,1220593.0,1220593.0,
030564,15084.0,15644.0,15644.0,
030569,11957395.0,5877308.0,5877308.0,
030571,6531370.0,451260.0,451260.0,
030572,1180715.0,51702.0,51702.0,
030579,469551.0,67919.0,67919.0,
030611,8406059.0,1073303.0,1073303.0,
030612,5574394.0,584857.0,584857.0,
030614,35728160.0,4038393.0,4038393.0,
030616,53994138.0,5388950.0,5388950.0,
030617,916572317.0,104724517.0,104724517.0,
030619,1477175.0,294546.0,294546.0,
030621,7519386.0,1070206.0,1070206.0,
030622,28912637.0,2553585.0,2553585.0,
030624,141283627.0,14878967.0,14878967.0,
030626,2383384.0,1361048.0,1361048.0,
030627,4161422.0,1426749.0,1426749.0,
030629,531079.0,382632.0,382632.0,
030711,147735.0,38306.0,38306.0,
030719,657164.0,132409.0,132409.0,
030721,1229471.0,1063645.0,1063645.0,
030729,1609267.0,798373.0,798373.0,
030731,370.0,180.0,180.0,
030739,659590.0,198889.0,198889.0,
030741,2699941.0,1371784.0,1371784.0,
030749,87336559.0,56128759.0,56128759.0,
030751,141442.0,51735.0,51735.0,
030759,72379266.0,14757690.0,14757690.0,
030760,5385943.0,2654572.0,2654572.0,
030771,213829.0,104395.0,104395.0,
030779,17559.0,17900.0,17900.0,
030781,323.0,500.0,500.0,
030789,5487.0,859.0,859.0,
030791,411452.0,133454.0,133454.0,
030799,24536009.0,7553929.0,7553929.0,
030811,306243.0,17701.0,17701.0,
030819,2264859.0,753415.0,753415.0,
030821,210.0,20.0,20.0,
030829,124.0,24.0,24.0,
030830,8584710.0,9605579.0,9605579.0,
030890,1664262.0,404230.0,404230.0,
040110,49665.0,13774.0,13774.0,
040120,16132477.0,17798374.0,17798374.0,
040140,328404.0,259976.0,259976.0,
040150,59098.0,19679.0,19679.0,
040210,1466220.0,1005957.0,1005957.0,
040221,26768012.0,6220745.0,6220745.0,
040229,5279920.0,2299075.0,2299075.0,
040291,2654.0,2136.0,2136.0,
040299,5168773.0,3564376.0,3564376.0,
040310,689825.0,713561.0,713561.0,
040390,14338812.0,11672737.0,11672737.0,
040410,124881.0,123695.0,123695.0,
040490,52288.0,27910.0,27910.0,
040510,214956.0,82631.0,82631.0,
040520,13823.0,2860.0,2860.0,
040590,2534040.0,388218.0,388218.0,
040610,7358.0,514.0,514.0,
040620,2864.0,2203.0,2203.0,
040630,2553921.0,704826.0,704826.0,
040690,198012.0,41524.0,41524.0,
040790,9467.0,5332.0,5332.0,
040819,848.0,265.0,265.0,
040900,3316086.0,765413.0,765413.0,
041000,153580921.0,410419.0,410419.0,
050100,35931.0,3550.0,3550.0,
050510,835210.0,695877.0,695877.0,
050590,1643132.0,648210.0,648210.0,
050610,1681.0,300.0,300.0,
050690,363593.0,658325.0,658325.0,
050710,113.0,113.0,113.0,
050790,198083.0,49975.0,49975.0,
050800,8617518.0,12093824.0,12093824.0,
051000,29188.0,5959.0,5959.0,
051191,4495454.0,2463090.0,2463090.0,
051199,20270.0,9779.0,9779.0,
060110,446606.0,63632.0,2868009.0,
060120,3677786.0,2902417.0,,
060210,3814005.0,1940487.0,,
060220,83064.0,81235.0,,
060290,1945688.0,453980.0,453980.0,
060311,760198.0,61631.0,61631.0,
060313,132492.0,17166.0,17166.0,
060314,1647127.0,79102.0,79102.0,
060315,23414.0,249.0,249.0,
060319,4382742.0,2348166.0,2348166.0,
060390,8969034.0,1850149.0,1850149.0,
060420,2585816.0,694842.0,694842.0,
060490,1201135.0,3630122.0,3630122.0,
070110,75.0,700.0,700.0,
070190,2236818.0,4935753.0,4935753.0,
070200,484048.0,447100.0,447100.0,
070310,8824966.0,19126475.0,19126475.0,
070320,61677.0,215157.0,215157.0,
070390,23425.0,58880.0,58880.0,
070410,65789.0,71117.0,71117.0,
070420,61171.0,118667.0,118667.0,
070490,12074348.0,56114248.0,56114248.0,
070511,437940.0,1898775.0,1898775.0,
070519,700270.0,1201912.0,1201912.0,
070529,21512.0,1346.0,1346.0,
070610,73126.0,99638.0,99638.0,
070690,1834938.0,1822986.0,1822986.0,
070700,84320.0,51633.0,51633.0,
070810,66322.0,123342.0,123342.0,
070820,388895.0,488527.0,488527.0,
070890,1817591.0,1987066.0,1987066.0,
070920,4509.0,657.0,657.0,
070930,2187647.0,1504440.0,1504440.0,
070940,73205.0,40990.0,40990.0,
070951,994855.0,347336.0,347336.0,
070959,85235.0,80938.0,80938.0,
070960,755221.0,545213.0,545213.0,
070970,174826.0,39896.0,39896.0,
070991,609.0,1840.0,1840.0,
070993,237652.0,1026305.0,1026305.0,
070999,1135460.0,1377597.0,1377597.0,
071010,766672.0,280692.0,280692.0,
071021,6363.0,930.0,930.0,
071022,668711.0,740800.0,740800.0,
071029,7805331.0,5054694.0,5054694.0,
071030,463700.0,241978.0,241978.0,
071040,798870.0,706860.0,706860.0,
071080,6601857.0,4395520.0,4395520.0,
071090,620509.0,995861.0,995861.0,
071140,5240.0,2449.0,2449.0,
071190,426254.0,522658.0,522658.0,
071220,5550.0,9104.0,9104.0,
071232,24689.0,9498.0,9498.0,
071239,66208.0,63500.0,63500.0,
071290,1409220.0,995724.0,995724.0,
071310,40095.0,45943.0,45943.0,
071320,2086.0,6108.0,6108.0,
071331,27959478.0,40272734.0,40272734.0,
071332,41.0,200.0,200.0,
071333,26548.0,50615.0,50615.0,
071339,130725.0,107216.0,107216.0,
071340,760.0,1170.0,1170.0,
071390,6670.0,3745.0,3745.0,
071410,11012461.0,40550369.0,40550369.0,
071420,8565114.0,9649217.0,9649217.0,
071430,2747.0,8760.0,8760.0,
071440,30612.0,60718.0,60718.0,
071490,1527341.0,1005023.0,1005023.0,
080111,80899839.0,61511298.0,61511298.0,
080112,12198905.0,79656047.0,79656047.0,
080119,25003125.0,79847163.0,79847163.0,
080121,495578.0,424523.0,424523.0,
080131,70412012.0,58928231.0,58928231.0,
080132,24950335.0,3667292.0,3667292.0,
080211,529080.0,325240.0,325240.0,
080212,148733.0,125781.0,125781.0,
080222,40530.0,10815.0,10815.0,
080232,17556.0,1385.0,1385.0,
080242,384.0,282.0,282.0,
080251,295.0,694.0,694.0,
080262,1194.0,574.0,574.0,
080270,5333.0,2690.0,2690.0,
080280,125600315.0,173458458.0,173458458.0,
080290,31338610.0,43080226.0,43080226.0,
080310,816539.0,1442895.0,1442895.0,
080390,55615.0,46475.0,46475.0,
080410,7691.0,2892.0,2892.0,
080420,30.0,12.0,12.0,
080430,114783.0,92181.0,92181.0,
080440,74987.0,87261.0,87261.0,
080450,19735741.0,21739642.0,21739642.0,
080510,1435.0,2871.0,2871.0,
080520,138.0,53.0,53.0,
080550,312466.0,706999.0,706999.0,
080590,45805.0,143910.0,143910.0,
080620,1801.0,2214.0,2214.0,
080711,223824.0,212760.0,212760.0,
080719,587299.0,512547.0,512547.0,
080720,29490.0,25328.0,25328.0,
080810,11337.0,9000.0,9000.0,
080910,19.0,300.0,300.0,
080921,6431.0,5561.0,5561.0,
080940,62354.0,41770.0,41770.0,
081010,134129.0,12602.0,12602.0,
081020,442.0,48.0,48.0,
081040,17420.0,14610.0,14610.0,
081060,4511.0,2929.0,2929.0,
081090,2788434.0,3433170.0,3433170.0,
081110,288389.0,50735.0,50735.0,
081120,139623.0,93358.0,93358.0,
081190,436621.0,344816.0,344816.0,
081290,60280.0,149008.0,149008.0,
081340,4160884.0,10315978.0,10315978.0,
081350,101338.0,58111.0,58111.0,
081400,1631.0,1375.0,1375.0,
090111,1243825829.0,447010797.0,447010797.0,
090112,320732.0,53064.0,53064.0,
090121,4215659.0,1050900.0,1050900.0,
090122,1108999.0,469333.0,469333.0,
090190,47546.0,6532.0,6532.0,
090210,33668706.0,9865042.0,9865042.0,
090220,3098438.0,1742031.0,1742031.0,
090230,6645068.0,2669251.0,2669251.0,
090240,113329030.0,55795080.0,55795080.0,
090300,117130.0,31701.0,31701.0,
090411,416319366.0,61649189.0,61649189.0,
090412,7157146.0,958498.0,958498.0,
090421,11326037.0,1174288.0,1174288.0,
090422,454506.0,52164.0,52164.0,
090510,4541973.0,206257.0,206257.0,
090520,824803.0,71329.0,71329.0,
090611,15707339.0,12087464.0,12087464.0,
090619,8302359.0,6835357.0,6835357.0,
090620,25583039.0,21479708.0,21479708.0,
090710,18880454.0,4802250.0,4802250.0,
090720,5886903.0,1138427.0,1138427.0,
090811,68810370.0,6744516.0,6744516.0,
090812,29222680.0,2011612.0,2011612.0,
090821,20943632.0,2795131.0,2795131.0,
090822,21041030.0,1298196.0,1298196.0,
090831,16511351.0,7961287.0,7961287.0,
090832,466027.0,189941.0,189941.0,
090921,128099.0,29178.0,29178.0,
090922,16699.0,12460.0,12460.0,
090931,1315.0,259.0,259.0,
090932,697.0,108.0,108.0,
090961,6590.0,2828.0,2828.0,
090962,13650.0,10500.0,10500.0,
091011,995631.0,904713.0,904713.0,
091012,362215.0,109004.0,109004.0,
091020,230991.0,359660.0,359660.0,
091030,2125352.0,1212312.0,1212312.0,
091091,2272618.0,488117.0,488117.0,
091099,2960514.0,1506797.0,1506797.0,
100111,35520.0,44000.0,44000.0,
100191,1900.0,51.0,51.0,
100510,9899129.0,3466201.0,3466201.0,
100590,9119029.0,31432717.0,31432717.0,
100610,267192.0,326840.0,326840.0,
100620,44038.0,10877.0,10877.0,
100630,870367.0,559089.0,559089.0,
100640,5132.0,370.0,370.0,
100810,10.0,100.0,100.0,
100830,25171.0,4670.0,4670.0,
100890,25159.0,5285.0,5285.0,
110100,26300231.0,45937257.0,45937257.0,
110220,16262.0,31862.0,31862.0,
110290,1434921.0,542642.0,542642.0,
110311,14468.0,5110.0,5110.0,
110313,37440.0,58912.0,58912.0,
110319,187212.0,64250.0,64250.0,
110320,73280.0,71150.0,71150.0,
110412,209157.0,123715.0,123715.0,
110419,153159.0,410530.0,410530.0,
110423,92358.0,289480.0,289480.0,
110429,21834.0,24698.0,24698.0,
110430,3857590.0,7539420.0,7539420.0,
110510,526940.0,1548380.0,1548380.0,
110520,62431.0,28483.0,28483.0,
110610,392307.0,2313480.0,2313480.0,
110620,3164658.0,7834962.0,7834962.0,
110630,7172236.0,2851632.0,2851632.0,
110812,14690197.0,29950421.0,29950421.0,
110813,17604.0,18000.0,18000.0,
110814,4549425.0,7339600.0,7339600.0,
110819,2650907.0,10950320.0,10950320.0,
110820,10431.0,3000.0,3000.0,
120110,471.0,8000.0,8000.0,
120190,1592528.0,2315499.0,2315499.0,
120230,37789.0,37616.0,37616.0,
120241,3551591.0,2142961.0,2142961.0,
120242,65916.0,65703.0,65703.0,
120300,26636902.0,48304770.0,48304770.0,
120510,153249.0,42330.0,42330.0,
120590,16.0,46.0,46.0,
120600,3256.0,4510.0,4510.0,
120710,3012348.0,1208819.0,1208819.0,
120729,301865.0,1132339.0,1132339.0,
120730,1755.0,483.0,483.0,
120740,120599.0,104421.0,104421.0,
120770,8933.0,680.0,680.0,
120799,12633799.0,167551655.0,167551655.0,
120810,119577.0,89402.0,89402.0,
120890,74512.0,81911.0,81911.0,
120929,935438.0,187523.0,187523.0,
120930,4283476.0,128251.0,128251.0,
120991,9706644.0,2944263.0,2944263.0,
120999,1132817.0,256187.0,256187.0,
121120,191133.0,38230.0,38230.0,
121130,43922.0,128929.0,128929.0,
121190,19807002.0,12011635.0,12011635.0,
121221,62631335.0,86816553.0,86816553.0,
121229,71524354.0,81462769.0,81462769.0,
121292,1900.0,475.0,475.0,
121293,736.0,299.0,299.0,
121294,31500.0,105000.0,105000.0,
121299,3899679.0,31476974.0,31476974.0,
121300,23178.0,100900.0,100900.0,
121490,903408.0,2774002.0,2774002.0,
130120,1373.0,154.0,154.0,
130190,31923212.0,30513692.0,30513692.0,
130211,100787.0,21604.0,21604.0,
130219,2028944.0,129631.0,129631.0,
130220,41675.0,83347.0,83347.0,
130231,12861057.0,1291603.0,1291603.0,
130232,100629.0,26140.0,26140.0,
130239,31791230.0,5265839.0,5265839.0,
140110,1162051.0,1567043.0,1567043.0,
140120,2092.0,4272.0,4272.0,
140190,1623835.0,830542.0,830542.0,
140420,841717.0,415777.0,415777.0,
140490,26500358.0,267871465.0,267871465.0,
150110,68.0,250.0,250.0,
150210,17316.0,48100.0,48100.0,
150410,625169.0,44135.0,44135.0,
150420,372164.0,331420.0,331420.0,
150600,30897.0,7855.0,7855.0,
150710,30.0,25.0,25.0,
150790,548.0,280.0,280.0,
150810,220.0,200.0,200.0,
150910,300500.0,102195.0,102195.0,
151000,198.0,1089.0,1089.0,
151110,6676503846.0,7252519443.0,7252519443.0,
151190,10925664171.0,11592500794.0,11592500794.0,
151211,34.0,8.0,8.0,
151219,24186.0,1751.0,1751.0,
151221,37208.0,30400.0,30400.0,
151229,56220.0,46340.0,46340.0,
151311,639648236.0,549577914.0,549577914.0,
151319,308095651.0,253368707.0,253368707.0,
151321,651184316.0,630272204.0,630272204.0,
151329,859301716.0,830101504.0,830101504.0,
151499,10293.0,14.0,14.0,
151511,1518972.0,2014552.0,2014552.0,
151519,1940.0,184.0,184.0,
151521,921824.0,940980.0,940980.0,
151529,6789.0,2704.0,2704.0,
151530,55415.0,32245.0,32245.0,
151550,5072.0,513.0,513.0,
151590,4312210.0,6738326.0,6738326.0,
151610,1959.0,990.0,990.0,
151620,258404626.0,248682352.0,248682352.0,
151710,71879363.0,73945078.0,73945078.0,
151790,734508968.0,687269333.0,687269333.0,
151800,13950288.0,17219467.0,17219467.0,
152000,47161354.0,164277269.0,164277269.0,
152110,70243068.0,67556719.0,67556719.0,
152190,11110.0,500.0,500.0,
152200,34952723.0,77159715.0,77159715.0,
160100,62730.0,41096.0,41096.0,
160232,3080.0,792.0,792.0,
160249,148.0,181.0,181.0,
160250,2963.0,714.0,714.0,
160290,458.0,281.0,281.0,
160300,2089341.0,943616.0,943616.0,
160411,127790.0,46138.0,46138.0,
160412,1768.0,500.0,500.0,
160413,46129613.0,18806069.0,18806069.0,
160414,351534881.0,72184761.0,72184761.0,
160415,9433124.0,3844648.0,3844648.0,
160416,153651.0,27001.0,27001.0,
160417,17335.0,2449.0,2449.0,
160419,188911.0,25191.0,25191.0,
160420,2470097.0,153707.0,153707.0,
160432,148083.0,3760.0,3760.0,
160510,152712694.0,9294311.0,9294311.0,
160521,241019033.0,33049006.0,33049006.0,
160529,17254803.0,2589587.0,2589587.0,
160530,161729.0,12616.0,12616.0,
160553,177477.0,16836.0,16836.0,
160554,3782352.0,644960.0,644960.0,
160555,1345039.0,309849.0,309849.0,
160556,6548374.0,2131190.0,2131190.0,
160557,772117.0,91464.0,91464.0,
160558,2006386.0,535838.0,535838.0,
160559,103069.0,73927.0,73927.0,
160561,2042018.0,134117.0,134117.0,
160563,1367601.0,2092098.0,2092098.0,
160569,1392326.0,361638.0,361638.0,
170112,29787.0,16432.0,16432.0,
170114,14028.0,10587.0,10587.0,
170191,81586.0,43561.0,43561.0,
170199,1260060.0,719388.0,719388.0,
170211,1840.0,1000.0,1000.0,
170219,1294886.0,8511796.0,8511796.0,
170220,3936.0,2051.0,2051.0,
170230,1540760.0,2051716.0,2051716.0,
170240,65057.0,37736.0,37736.0,
170260,38396.0,45422.0,45422.0,
170290,19065450.0,14542178.0,14542178.0,
170310,43450293.0,387718227.0,387718227.0,
170390,1398459.0,393640.0,393640.0,
170410,5985275.0,1994354.0,1994354.0,
170490,126035231.0,45749369.0,45749369.0,
180100,384829793.0,163500822.0,163500822.0,
180200,3505593.0,8485491.0,8485491.0,
180310,24007285.0,7647438.0,7647438.0,
180320,184660703.0,50737902.0,50737902.0,
180400,236138390.0,94345467.0,94345467.0,
180500,165176532.0,43748740.0,43748740.0,
180610,643508.0,266712.0,266712.0,
180620,34536124.0,11954625.0,11954625.0,
180631,1023617.0,226931.0,226931.0,
180632,6265057.0,2189401.0,2189401.0,
180690,12660345.0,4673318.0,4673318.0,
190110,14213114.0,4225558.0,4225558.0,
190120,1787653.0,625543.0,625543.0,
190190,45454502.0,21320073.0,21320073.0,
190211,31828.0,15578.0,15578.0,
190219,8027626.0,5646899.0,5646899.0,
190220,494763.0,155009.0,155009.0,
190230,184851948.0,117063757.0,117063757.0,
190240,200546.0,122489.0,122489.0,
190300,2052713.0,4783887.0,4783887.0,
190410,862536.0,3592939.0,3592939.0,
190420,974874.0,655968.0,655968.0,
190430,166398.0,71512.0,71512.0,
190490,56045162.0,23454050.0,23454050.0,
190510,2351689.0,1151423.0,1151423.0,
190520,195108.0,72189.0,72189.0,
190531,132212657.0,50615060.0,50615060.0,
190532,93883975.0,27942616.0,27942616.0,
190540,1063228.0,364119.0,364119.0,
190590,28986886.0,14362582.0,14362582.0,
200110,786.0,330.0,330.0,
200190,1509632.0,1102303.0,1102303.0,
200210,5751.0,14305.0,14305.0,
200290,8886.0,823.0,823.0,
200310,11191435.0,5605326.0,5605326.0,
200390,27404.0,807.0,807.0,
200410,328209.0,78472.0,78472.0,
200490,551421.0,228386.0,228386.0,
200510,557.0,60.0,60.0,
200520,2825.0,31930.0,31930.0,
200540,5935.0,2400.0,2400.0,
200551,9058.0,3915.0,3915.0,
200559,571188.0,99107.0,99107.0,
200580,213.0,146.0,146.0,
200591,9.0,9.0,9.0,
200599,1372381.0,1789404.0,1789404.0,
200600,564410.0,568426.0,568426.0,
200710,1625132.0,1108453.0,1108453.0,
200791,8360.0,21869.0,21869.0,
200799,1469149.0,920739.0,920739.0,
200811,10915100.0,4592269.0,4592269.0,
200819,2525620.0,1104078.0,1104078.0,
200820,147956074.0,161866674.0,161866674.0,
200830,853.0,241.0,241.0,
200870,61975.0,37000.0,37000.0,
200880,9803.0,5812.0,5812.0,
200891,4807.0,7290.0,7290.0,
200897,3710140.0,3161951.0,3161951.0,
200899,9327851.0,8512399.0,8512399.0,
200911,318.0,3000.0,3000.0,
200912,8094.0,10656.0,10656.0,
200919,499090.0,474772.0,474772.0,
200929,63402.0,18913.0,18913.0,
200939,1174.0,558.0,558.0,
200949,28641748.0,21113447.0,21113447.0,
200969,114154.0,72060.0,72060.0,
200971,33814.0,29280.0,29280.0,
200979,50653.0,20950.0,20950.0,
200981,90469.0,40836.0,40836.0,
200989,1593139.0,1582959.0,1582959.0,
200990,654805.0,761835.0,761835.0,
210111,281404774.0,73371399.0,73371399.0,
210112,35889317.0,13254631.0,13254631.0,
210120,3374723.0,563333.0,563333.0,
210130,4213.0,882.0,882.0,
210210,264902.0,122204.0,122204.0,
210220,14096.0,750.0,750.0,
210230,386955.0,230904.0,230904.0,
210310,13759591.0,10289717.0,10289717.0,
210320,2811598.0,2507131.0,2507131.0,
210330,7202.0,10500.0,10500.0,
210390,98719672.0,26633758.0,26633758.0,
210410,60930.0,22898.0,22898.0,
210420,1196382.0,201153.0,201153.0,
210500,16922303.0,5532285.0,5532285.0,
210610,677364.0,534774.0,534774.0,
210690,225533369.0,84091126.0,84091126.0,
220110,4617243.0,27644467.0,27644467.0,
220190,781232.0,996697.0,996697.0,
220210,31882716.0,40722432.0,40722432.0,
220290,16561200.0,21325055.0,21325055.0,
220300,11742263.0,7883468.0,7883468.0,
220410,19038601.0,678209.0,678209.0,
220421,166761.0,113460.0,113460.0,
220430,1232.0,780.0,780.0,
220510,4212.0,180.0,180.0,
220600,586851.0,338617.0,338617.0,
220710,42206027.0,45574516.0,46494107.0,
220720,1452424.0,1225520.0,1384862.0,
220820,321870.0,121440.0,131286.0,
220830,2382.0,360.0,389.0,
220840,545.0,110.0,119.0,
220860,17828.0,9630.0,10411.0,
220870,18816.0,2245.0,2427.0,
220890,4320.0,500.0,541.0,
220900,1449561.0,188917.0,794155.0,
230110,86.0,75.0,75.0,
230120,4446431.0,6829451.0,6829451.0,
230210,1335385.0,4349880.0,4349880.0,
230230,88054564.0,409753000.0,409753000.0,
230240,333607.0,1276637.0,1276637.0,
230310,233475.0,684250.0,684250.0,
230320,38332.0,138500.0,138500.0,
230400,74955.0,21470.0,21470.0,
230500,39.0,100.0,100.0,
230610,53500.0,244000.0,244000.0,
230630,11553.0,40000.0,40000.0,
230649,261671.0,1180425.0,1180425.0,
230650,61448557.0,356237368.0,356237368.0,
230660,438244727.0,3500674830.0,3500674830.0,
230690,2879983.0,17757533.0,17757533.0,
230700,501.0,619.0,619.0,
230800,6228279.0,85630419.0,85630419.0,
230910,39246.0,103700.0,103700.0,
230990,21013090.0,24845224.0,24845224.0,
240110,59618744.0,12457967.0,12457967.0,
240120,97925629.0,20575041.0,20575041.0,
240130,2020099.0,4077447.0,4077447.0,
240210,33886134.0,2267547.0,2267547.0,
240220,580086244.0,61534101.0,61534101.0,
240290,3858562.0,3733845.0,3733845.0,
240311,439262.0,70851.0,70851.0,
240319,14832818.0,1470428.0,1470428.0,
240391,1420460.0,185664.0,185664.0,
240399,88300.0,9453.0,9453.0,
250100,1850991.0,2624436.0,2624436.0,
250300,23600.0,29000.0,29000.0,
250410,909.0,454.0,454.0,
250510,240839.0,184720.0,184720.0,
250590,46.0,46.0,46.0,
250700,3865090.0,130767525.0,130767525.0,
250840,4670.0,161269.0,161269.0,
250900,33331.0,116742.0,116742.0,
251010,11212.0,4156.0,4156.0,
251110,200584.0,800000.0,800000.0,
251120,10102.0,6300.0,6300.0,
251200,7.0,16000.0,16000.0,
251310,3752847.0,53480481.0,53480481.0,
251320,129332.0,1200000.0,1200000.0,
251400,62023.0,175065.0,175065.0,
251512,17379719.0,123252772.0,123252772.0,
251611,18051063.0,2320624682.0,2320624682.0,
251612,73982.0,9566000.0,9566000.0,
251620,84908.0,11222000.0,11222000.0,
251710,27796341.0,3243576469.0,3243576469.0,
251741,1474.0,6000.0,6000.0,
251749,17397446.0,2119563196.0,2119563196.0,
252010,7114.0,711.0,711.0,
252020,175544.0,420971.0,420971.0,
252210,1126815.0,9295000.0,9295000.0,
252230,50015.0,270000.0,270000.0,
252310,4062873.0,94369053.0,94369053.0,
252321,3851207.0,37945353.0,37945353.0,
252329,10215649.0,121914590.0,121914590.0,
252330,2780.0,1046.0,1046.0,
252390,1917996.0,24128908.0,24128908.0,
252800,28590.0,40150.0,40150.0,
252910,1110.0,16000.0,16000.0,
253020,47797.0,768594.0,768594.0,
253090,604981.0,15058754.0,15058754.0,
260111,227417932.0,10432544627.0,10432544627.0,
260112,23594846.0,1113207171.0,1113207171.0,
260200,3054255.0,19081118.0,19081118.0,
260300,2594674461.0,1123541044.0,1123541044.0,
260400,1489084347.0,48449392135.0,48449392135.0,
260600,626011832.0,29506555883.0,29506555883.0,
260700,1175351.0,5083897.0,5083897.0,
260800,669820.0,1334982.0,1334982.0,
261000,3201882.0,79195295.0,79195295.0,
261400,1088800.0,6258500.0,6258500.0,
261510,81591336.0,109020998.0,109020998.0,
261610,871888.0,54493020.0,54493020.0,
261710,19427.0,2615000.0,2615000.0,
261800,1132730.0,9571671.0,9571671.0,
261900,26652839.0,327475666.0,327475666.0,
262011,135799.0,199701.0,199701.0,
262019,23622.0,146469.0,146469.0,
262021,5.0,5.0,5.0,
262030,745985.0,902575.0,902575.0,
262040,1253962.0,15068993.0,15068993.0,
262060,1623.0,293458.0,293458.0,
262099,28153.0,240000.0,240000.0,
262110,236.0,95.0,95.0,
262190,192024.0,834115.0,834115.0,
270111,29054859.0,406133579.0,406133579.0,
270112,13245403332.0,161976188025.0,161976188025.0,
270119,11013720165.0,185122175129.0,185122175129.0,
270120,5002082.0,71255097.0,71255097.0,
270210,1878098860.0,36802743789.0,36802743789.0,
270400,4190974.0,56636541.0,56636541.0,
270500,7109.0,5241.0,5241.0,
270600,470545.0,784500.0,784500.0,
270740,825.0,288.0,288.0,
270799,218197203.0,223855650.0,223855650.0,
270900,12293410847.0,14973143267.0,14973143267.0,
271012,428424708.0,631685868.0,631685868.0,
271019,1272717716.0,1403221648.0,1403221648.0,
271020,67923173.0,70931487.0,70931487.0,
271099,5706714.0,29711918.0,29711918.0,
271111,15040518755.0,20599444431.0,20599444431.0,
271112,7121089.0,6220541.0,6220541.0,
271113,2010857.0,1991145.0,1991145.0,
271121,5470815981.0,7235682148.0,7235682148.0,
271129,15628.0,970.0,970.0,
271210,105932.0,57540.0,57540.0,
271220,2105.0,700.0,700.0,
271290,8457125.0,7644950.0,7644950.0,
271311,67381247.0,318657386.0,318657386.0,
271312,6679727.0,13326522.0,13326522.0,
271320,632766.0,771900.0,771900.0,
271390,2304534356.0,3152859460.0,3152859460.0,
271410,2900.0,6360.0,6360.0,
271490,13700313.0,459893403.0,459893403.0,
271500,802652.0,673951.0,673951.0,
280110,158675.0,581650.0,581650.0,
280120,3022080.0,43711.0,43711.0,
280200,10107.0,116.0,116.0,
280300,4586299.0,2922922.0,2922922.0,
280421,13132.0,11788.0,,
280429,334239.0,130753.0,,
280430,231649.0,1852054.0,,
280440,114049.0,47788.0,,
280461,5940.0,2000.0,2000.0,
280469,8498.0,8291.0,8291.0,
280470,94128.0,648.0,648.0,
280512,2071.0,14641.0,14641.0,
280519,173296.0,60021.0,60021.0,
280540,8530.0,16250.0,16250.0,
280700,18996.0,61420.0,61420.0,
280920,122080.0,35091.0,35091.0,
281000,5800.0,2775.0,2775.0,
281111,4651.0,991.0,991.0,
281119,7868351.0,13996481.0,13996481.0,
281121,1232.0,101.0,101.0,
281122,13181570.0,18953623.0,18953623.0,
281129,20825.0,9355.0,9355.0,
281210,5170331.0,7502398.0,7502398.0,
281310,921616.0,1404230.0,1404230.0,
281410,476600115.0,959888640.0,959888640.0,
281420,1.0,2.0,2.0,
281511,2828343.0,5066283.0,5066283.0,
281512,13150498.0,49003290.0,49003290.0,
281520,18910.0,35225.0,35225.0,
281530,50.0,393.0,393.0,
281700,14212407.0,14668663.0,14668663.0,
281820,416.0,2.0,2.0,
281830,116080.0,323180.0,323180.0,
281910,10393.0,4150.0,4150.0,
282010,41261.0,12224.0,12224.0,
282090,3833532.0,232186.0,232186.0,
282110,200479.0,328049.0,328049.0,
282300,142286.0,52732.0,52732.0,
282410,1986579.0,860000.0,860000.0,
282540,571972.0,397586.0,397586.0,
282550,484634.0,494970.0,494970.0,
282560,10552.0,200.0,200.0,
282570,156212.0,55910.0,55910.0,
282590,1014827.0,2832556.0,2832556.0,
282612,2599570.0,2641000.0,2641000.0,
282619,860.0,208.0,208.0,
282710,202.0,100.0,100.0,
282720,545907.0,1134559.0,1134559.0,
282731,4.0,3.0,3.0,
282732,1488802.0,2133562.0,2133562.0,
282739,1323281.0,264003.0,264003.0,
282749,1716.0,298.0,298.0,
282760,28474.0,482.0,482.0,
282810,17595.0,12600.0,12600.0,
282890,3163.0,2075.0,2075.0,
283090,111461.0,90478.0,90478.0,
283110,52.0,10.0,10.0,
283210,76770.0,232650.0,232650.0,
283220,16811.0,16640.0,16640.0,
283230,4881.0,7970.0,7970.0,
283311,6896155.0,53988425.0,53988425.0,
283319,830677.0,10046017.0,10046017.0,
283322,6684177.0,39156000.0,39156000.0,
283327,561.0,800.0,800.0,
283329,23123.0,7092.0,7092.0,
283340,69523.0,17000.0,17000.0,
283510,1110633.0,2868116.0,2868116.0,
283522,162.0,1.0,1.0,
283524,124091.0,59325.0,59325.0,
283525,18781.0,88100.0,88100.0,
283526,9906.0,52000.0,52000.0,
283529,600.0,300.0,300.0,
283531,723134.0,911094.0,911094.0,
283539,17200.0,10000.0,10000.0,
283620,2040967.0,6039510.0,6039510.0,
283630,17000.0,40000.0,40000.0,
283640,181056.0,329362.0,329362.0,
283650,9367852.0,45063418.0,45063418.0,
283660,8800.0,8800.0,8800.0,
283691,17501.0,2807.0,2807.0,
283692,1890.0,3000.0,3000.0,
283699,301353.0,134474.0,134474.0,
283720,855.0,225.0,225.0,
283911,750.0,200.0,200.0,
283919,4241821.0,15818906.0,15818906.0,
283990,89150.0,590133.0,590133.0,
284130,17503.0,3150.0,3150.0,
284169,100.0,230.0,230.0,
284170,15864.0,40.0,40.0,
284190,21280.0,4320.0,4320.0,
284210,1142582.0,9048120.0,9048120.0,
284290,2.0,100.0,100.0,
284310,3871.0,1382.0,1382.0,
284410,372.0,1219.0,1219.0,
284430,25549.0,1244.0,1244.0,
284440,364466.0,5609.0,5609.0,
284510,24.0,49.0,49.0,
284590,5.0,7.0,7.0,
284700,7009439.0,17713314.0,17713314.0,
284800,14024.0,28620.0,28620.0,
284910,388545.0,482520.0,482520.0,
284920,178.0,411.0,411.0,
284990,2018.0,1001.0,1001.0,
285210,4443.0,22006.0,22006.0,
285290,56421.0,49002.0,49002.0,
285300,2664.0,3328.0,3328.0,
290110,12951.0,1930.0,1930.0,
290121,16201301.0,13407240.0,13407240.0,
290122,40889922.0,35415296.0,35415296.0,
290124,244326300.0,176119248.0,176119248.0,
290129,246720.0,109731.0,109731.0,
290219,21499537.0,12326379.0,12326379.0,
290220,4132800.0,4191341.0,4191341.0,
290243,43064150.0,27585991.0,27585991.0,
290244,1601.0,1047.0,1047.0,
290250,174680986.0,123274834.0,123274834.0,
290290,15529.0,2158.0,2158.0,
290311,60259.0,17160.0,17160.0,
290312,750.0,200.0,200.0,
290315,75771097.0,324260338.0,324260338.0,
290321,28776946.0,36048709.0,36048709.0,
290322,4301.0,6960.0,6960.0,
290323,35.0,8.0,8.0,
290379,76584.0,31530.0,31530.0,
290399,86.0,10.0,10.0,
290410,71248.0,26898.0,26898.0,
290490,247687.0,116802.0,116802.0,
290511,124496929.0,438741664.0,438741664.0,
290512,1337.0,515.0,515.0,
290513,1331822.0,950100.0,950100.0,
290514,17657427.0,14758388.0,14758388.0,
290516,199588902.0,121200617.0,121200617.0,
290517,34954328.0,19262708.0,19262708.0,
290519,7802961.0,4874705.0,4874705.0,
290522,97614.0,9480.0,9480.0,
290529,58516.0,1832.0,1832.0,
290531,26374300.0,26106778.0,26106778.0,
290532,76490.0,234685.0,234685.0,
290539,2417346.0,191484.0,191484.0,
290543,26000.0,10000.0,10000.0,
290544,57444613.0,82899200.0,82899200.0,
290545,163178802.0,245098775.0,245098775.0,
290549,785.0,300.0,300.0,
290611,279954.0,17916.0,17916.0,
290612,128.0,10.0,10.0,
290619,143076.0,4894.0,4894.0,
290629,79368.0,5903.0,5903.0,
290711,48936490.0,2216110.0,2216110.0,
290712,509.0,12.0,12.0,
290713,5712872.0,3017948.0,3017948.0,
290715,93.0,1.0,1.0,
290719,12014.0,762.0,762.0,
290722,7875.0,700.0,700.0,
290723,222313.0,65795.0,65795.0,
290729,854.0,60.0,60.0,
290899,497305.0,287400.0,287400.0,
290920,7392.0,125.0,125.0,
290930,3050778.0,495384.0,495384.0,
290941,3187605.0,3100300.0,3100300.0,
290943,23874.0,19820.0,19820.0,
290949,150167.0,30396.0,30396.0,
290950,17147765.0,1139615.0,1139615.0,
290960,6448114.0,2049889.0,2049889.0,
291030,419.0,6.0,6.0,
291090,2033.0,141.0,141.0,
291100,3920.0,475.0,475.0,
291211,5260.0,17600.0,17600.0,
291219,242413.0,85473.0,85473.0,
291221,1082.0,56.0,56.0,
291229,172692.0,25559.0,25559.0,
291241,2850.0,150.0,150.0,
291242,3960.0,200.0,200.0,
291249,53840.0,2067.0,2067.0,
291250,147.0,2.0,2.0,
291260,129500.0,37000.0,37000.0,
291419,10769.0,525.0,525.0,
291422,1746.0,150.0,150.0,
291423,1256.0,27.0,27.0,
291429,801949.0,167314.0,167314.0,
291439,132330.0,1632.0,1632.0,
291440,10337.0,185.0,185.0,
291450,19811.0,255.0,255.0,
291469,1648.0,251.0,251.0,
291470,52248.0,6200.0,6200.0,
291511,2204327.0,2496201.0,2496201.0,
291513,12775.0,605.0,605.0,
291521,6976.0,1169.0,1169.0,
291529,5821.0,2260.0,2260.0,
291531,13191683.0,13394085.0,13394085.0,
291532,129801.0,69659.0,69659.0,
291533,6211329.0,4878569.0,4878569.0,
291539,394452.0,237123.0,237123.0,
291540,5085.0,950.0,950.0,
291550,21821.0,12813.0,12813.0,
291560,14155.0,1411.0,1411.0,
291570,83460411.0,79638657.0,79638657.0,
291590,113080670.0,70762626.0,70762626.0,
291611,29878261.0,18618688.0,18618688.0,
291612,75597713.0,42621093.0,42621093.0,
291613,28941.0,9120.0,9120.0,
291614,3170.0,2163.0,2163.0,
291615,4170554.0,3066593.0,3066593.0,
291619,43149109.0,44399474.0,44399474.0,
291620,53914.0,270.0,270.0,
291631,105390.0,26430.0,26430.0,
291632,1231595.0,482490.0,482490.0,
291639,159665.0,29867.0,29867.0,
291711,13928.0,15475.0,15475.0,
291712,26888.0,8740.0,8740.0,
291714,12743794.0,7652000.0,7652000.0,
291719,803991.0,480407.0,480407.0,
291732,34187.0,28000.0,28000.0,
291734,2260.0,200.0,200.0,
291735,12497909.0,8270100.0,8270100.0,
291736,69471768.0,64921340.0,64921340.0,
291739,525585.0,294402.0,294402.0,
291811,28788.0,10053.0,10053.0,
291812,3262.0,581.0,581.0,
291814,3912553.0,2471202.0,2471202.0,
291815,43556.0,15325.0,15325.0,
291816,21592.0,20650.0,20650.0,
291819,1010.0,325.0,325.0,
291823,135788.0,5133.0,5133.0,
291829,43519.0,3840.0,3840.0,
291830,125050.0,7969.0,7969.0,
291899,1569719.0,256310.0,256310.0,
291990,58630.0,10925.0,10925.0,
292011,108932.0,12080.0,12080.0,
292019,11720.0,1700.0,1700.0,
292090,18586.0,10453.0,10453.0,
292119,1118879.0,324650.0,324650.0,
292129,120218.0,24908.0,24908.0,
292130,11423.0,730.0,730.0,
292142,22942.0,7272.0,7272.0,
292145,81833.0,20107.0,20107.0,
292151,31376.0,6516.0,6516.0,
292159,10580.0,2000.0,2000.0,
292211,14.0,1.0,1.0,
292213,128.0,50.0,50.0,
292219,1745632.0,456006.0,456006.0,
292221,104201.0,17365.0,17365.0,
292229,219364.0,37434.0,37434.0,
292239,69428.0,6975.0,6975.0,
292241,387286724.0,205597737.0,205597737.0,
292242,232451954.0,142395969.0,142395969.0,
292249,31938316.0,2613442.0,2613442.0,
292250,26278946.0,12485900.0,12485900.0,
292310,66908.0,62461.0,62461.0,
292320,151879.0,104339.0,104339.0,
292390,226139.0,53342.0,53342.0,
292411,17.0,5.0,5.0,
292412,344398.0,213600.0,213600.0,
292419,6386222.0,5215173.0,5215173.0,
292421,95787.0,15425.0,15425.0,
292429,2817445.0,249541.0,249541.0,
292511,900565.0,196000.0,196000.0,
292519,3590.0,482.0,482.0,
292529,1390926.0,22267.0,22267.0,
292690,116911.0,2471.0,2471.0,
292700,71918827.0,21208027.0,21208027.0,
292800,1082724.0,127769.0,127769.0,
292910,2762722.0,493187.0,493187.0,
292990,10705519.0,4043250.0,4043250.0,
293040,403.0,9.0,9.0,
293090,276818.0,157143.0,157143.0,
293110,22046.0,9940.0,9940.0,
293190,1241588.0,235183.0,235183.0,
293211,5.0,4.0,4.0,
293212,121.0,15.0,15.0,
293213,5071.0,450.0,450.0,
293219,18420.0,711.0,711.0,
293220,65228.0,4184.0,4184.0,
293299,233787.0,25267.0,25267.0,
293311,787.0,442.0,442.0,
293319,64024.0,2554.0,2554.0,
293321,22959.0,8470.0,8470.0,
293329,354713.0,14697.0,14697.0,
293331,10419.0,651.0,651.0,
293339,12824.0,30.0,30.0,
293349,3769.0,30.0,30.0,
293355,576994.0,37482.0,37482.0,
293359,19255.0,2036.0,2036.0,
293361,4463973.0,3001209.0,3001209.0,
293369,1366297.0,460885.0,460885.0,
293371,204350.0,7800.0,7800.0,
293391,330607.0,26183.0,26183.0,
293399,164754.0,8843.0,8843.0,
293410,3984.0,30.0,30.0,
293420,63265.0,9046.0,9046.0,
293499,130601321.0,10261221.0,10261221.0,
293500,2537355.0,279567.0,279567.0,
293621,29282.0,7219.0,7219.0,
293622,65123.0,8545.0,8545.0,
293625,7.0,10.0,10.0,
293626,96913.0,1223.0,1223.0,
293627,98746.0,20910.0,20910.0,
293628,353232.0,18327.0,18327.0,
293629,1935388.0,42207.0,42207.0,
293690,985991.0,133256.0,133256.0,
293719,6936.0,1675.0,1675.0,
293721,63985.0,928.0,928.0,
293722,437.0,25.0,25.0,
293723,412410.0,956.0,956.0,
293790,68785.0,1364.0,1364.0,
293890,516343.0,189599.0,189599.0,
293920,15723760.0,134335.0,134335.0,
293930,14500.0,1500.0,1500.0,
293942,11100.0,200.0,200.0,
293949,185127.0,16113.0,16113.0,
294000,18053717.0,20224322.0,20224322.0,
294110,781355.0,24863.0,24863.0,
294150,47828.0,6131.0,6131.0,
294190,249011.0,2863.0,2863.0,
294200,202844.0,142862.0,142862.0,
300190,6418.0,5629.0,5629.0,
300210,201614.0,6786.0,6786.0,
300220,76380994.0,255604.0,255604.0,
300230,4899335.0,344777.0,344777.0,
300290,17435520.0,49530.0,49530.0,
300310,65094.0,25326.0,25326.0,
300320,2663079.0,181091.0,181091.0,
300339,190778.0,5720.0,5720.0,
300390,26188504.0,1849510.0,1849510.0,
300410,48261339.0,794925.0,794925.0,
300420,7631059.0,268908.0,268908.0,
300431,541.0,74.0,74.0,
300432,4395082.0,29972.0,29972.0,
300439,42556758.0,2548663.0,2548663.0,
300440,10706.0,225.0,225.0,
300450,42030131.0,1678217.0,1678217.0,
300490,152533236.0,11115910.0,11115910.0,
300510,4280071.0,1951600.0,1951600.0,
300590,2450741.0,418099.0,418099.0,
300610,24356.0,852.0,852.0,
300630,2386.0,178.0,178.0,
300650,8870.0,1004.0,1004.0,
300660,992480.0,11920.0,11920.0,
300670,21281.0,6391.0,6391.0,
300691,490.0,9.0,9.0,
300692,10673.0,271.0,271.0,
310100,5929783.0,25900566.0,25900566.0,
310210,482757532.0,1098417908.0,1098417908.0,
310221,3320537.0,10048500.0,10048500.0,
310229,8948.0,93082.0,93082.0,
310230,2218647.0,3750008.0,3750008.0,
310290,5846.0,200.0,200.0,
310310,2902975.0,13110045.0,13110045.0,
310390,4738041.0,23882208.0,23882208.0,
310420,6048508.0,13092211.0,13092211.0,
310430,5105046.0,8750000.0,8750000.0,
310490,1698595.0,3459810.0,3459810.0,
310510,8387842.0,17896752.0,17896752.0,
310520,25544069.0,53830906.0,53830906.0,
310551,512151.0,2250380.0,2250380.0,
310559,37134.0,428000.0,428000.0,
310560,53920.0,236000.0,236000.0,
310590,108784.0,155316.0,155316.0,
320110,63757.0,21643.0,21643.0,
320120,23218.0,14000.0,14000.0,
320190,34063581.0,15738164.0,15738164.0,
320210,4939248.0,3831970.0,3831970.0,
320290,836431.0,457763.0,457763.0,
320300,150633.0,20616.0,20616.0,
320411,57894671.0,8289811.0,8289811.0,
320412,11016796.0,882103.0,882103.0,
320413,697146.0,99471.0,99471.0,
320414,546972.0,64817.0,64817.0,
320415,6032066.0,501601.0,501601.0,
320416,25350129.0,5331248.0,5331248.0,
320417,21403095.0,3134621.0,3134621.0,
320419,194429.0,87613.0,87613.0,
320420,17249996.0,11486055.0,11486055.0,
320490,305746.0,124539.0,124539.0,
320500,1878.0,115.0,115.0,
320611,904117.0,304975.0,304975.0,
320619,8373994.0,2605515.0,2605515.0,
320620,1766991.0,638132.0,638132.0,
320641,7852.0,4509.0,4509.0,
320642,4547.0,398.0,398.0,
320649,1497953.0,382353.0,382353.0,
320650,301337.0,12266.0,12266.0,
320710,2453888.0,3099739.0,3099739.0,
320720,2108780.0,2151452.0,2151452.0,
320730,200369.0,221565.0,221565.0,
320740,9365647.0,14999487.0,14999487.0,
320810,25011826.0,8707344.0,8707344.0,
320820,10669822.0,2374375.0,2374375.0,
320890,31763682.0,7920971.0,7920971.0,
320910,2382597.0,1467311.0,1467311.0,
320990,3222814.0,1265084.0,1265084.0,
321000,3397711.0,1221858.0,1221858.0,
321100,1225241.0,226561.0,226561.0,
321210,983731.0,73924.0,73924.0,
321290,719489.0,193620.0,193620.0,
321310,8054.0,886.0,886.0,
321390,16087.0,74952.0,74952.0,
321410,1840949.0,496066.0,496066.0,
321490,3541474.0,2736073.0,2736073.0,
321511,1983458.0,188068.0,188068.0,
321519,22592572.0,1862078.0,1862078.0,
321590,13055844.0,852017.0,852017.0,
330112,21957.0,3377.0,3377.0,
330113,75530.0,2096.0,2096.0,
330119,229178.0,212690.0,212690.0,
330124,2117.0,29.0,29.0,
330125,186984.0,17834.0,17834.0,
330129,83497366.0,7246419.0,7246419.0,
330130,42540.0,6040.0,6040.0,
330190,50149183.0,1641776.0,1641776.0,
330210,20202339.0,1622474.0,1622474.0,
330290,68565009.0,6218222.0,6218222.0,
330300,89844431.0,7713682.0,7713682.0,
330410,1615933.0,61153.0,61153.0,
330420,1381806.0,10165.0,10165.0,
330430,6237222.0,2801859.0,2801859.0,
330491,11922753.0,2346811.0,2346811.0,
330499,97897033.0,16326472.0,16326472.0,
330510,27330544.0,10794252.0,10794252.0,
330520,106865.0,14653.0,14653.0,
330530,168842.0,45289.0,45289.0,
330590,33340881.0,9235812.0,9235812.0,
330610,36351542.0,15202239.0,15202239.0,
330620,2746.0,32.0,32.0,
330690,1044385.0,266366.0,266366.0,
330710,1311970.0,408772.0,408772.0,
330720,14015359.0,3719839.0,3719839.0,
330730,923772.0,482272.0,482272.0,
330741,2688246.0,6012527.0,6012527.0,
330749,26716332.0,5566836.0,5566836.0,
330790,8858339.0,1886354.0,1886354.0,
340111,377633327.0,278263596.0,278263596.0,
340119,99950205.0,118578096.0,118578096.0,
340120,149612266.0,156283577.0,156283577.0,
340130,8460883.0,3601398.0,3601398.0,
340211,63971375.0,38305735.0,38305735.0,
340212,601780.0,401772.0,401772.0,
340213,4668898.0,3010204.0,3010204.0,
340219,15802090.0,11278620.0,11278620.0,
340220,128715224.0,121434629.0,121434629.0,
340290,22582016.0,16977713.0,16977713.0,
340311,1120498.0,344296.0,344296.0,
340319,2286584.0,1651701.0,1651701.0,
340391,1233060.0,693893.0,693893.0,
340399,1998640.0,1219179.0,1219179.0,
340420,484332.0,520068.0,520068.0,
340490,134118189.0,120492874.0,120492874.0,
340510,7820794.0,1283977.0,1283977.0,
340520,164154.0,48181.0,48181.0,
340530,1671.0,1360.0,1360.0,
340540,1011127.0,842887.0,842887.0,
340590,3446601.0,947019.0,947019.0,
340600,6634513.0,3913042.0,3913042.0,
340700,10707.0,1639.0,1639.0,
350190,5291.0,6563.0,6563.0,
350220,48.0,10.0,10.0,
350300,242757.0,37909.0,37909.0,
350400,5206.0,610.0,610.0,
350510,8885778.0,11921541.0,11921541.0,
350520,257397.0,117763.0,117763.0,
350610,13833866.0,2108195.0,2108195.0,
350691,8590013.0,3281312.0,3281312.0,
350699,2229915.0,925191.0,925191.0,
350710,14145.0,900.0,900.0,
350790,1564517.0,217233.0,217233.0,
360200,344055.0,44600.0,44600.0,
360300,278367.0,17344.0,17344.0,
360410,104307.0,10304.0,10304.0,
360490,404494.0,207347.0,207347.0,
360500,14711135.0,10349258.0,10349258.0,
360690,270778.0,126476.0,126476.0,
370110,10474.0,142.0,,
370120,858.0,214.0,214.0,
370130,13162.0,1776.0,1835.0,
370191,11835.0,2054.0,2054.0,
370199,1984.0,125.0,,
370210,1000.0,21.0,44.0,
370231,544.0,96.0,,
370232,4505.0,108.0,,
370254,200.0,97.0,344.0,
370255,31362.0,1950.0,,
370298,200.0,58.0,,
370310,70497.0,65998.0,65998.0,
370320,2.0,18.0,18.0,
370390,195006.0,19306.0,19306.0,
370400,18457.0,3838.0,3838.0,
370510,10.0,1.0,1.0,
370590,31877.0,1086.0,1086.0,
370610,770.0,204.0,,
370690,62964.0,1843.0,,
370710,2125.0,401.0,401.0,
370790,144323.0,12111.0,12111.0,
380110,452234.0,520880.0,520880.0,
380190,289258.0,20288.0,20288.0,
380210,35393222.0,25225212.0,25225212.0,
380290,28720397.0,89857836.0,89857836.0,
380300,614.0,100.0,100.0,
380400,3748.0,2574.0,2574.0,
380510,4952128.0,3234900.0,3234900.0,
380590,224805.0,277559.0,277559.0,
380610,94407462.0,71065431.0,71065431.0,
380620,32000.0,14000.0,14000.0,
380630,267356.0,102261.0,102261.0,
380690,3423741.0,3240650.0,3240650.0,
380700,32145.0,12865.0,12865.0,
380850,113019864.0,20759485.0,20759485.0,
380891,92168541.0,42931655.0,42931655.0,
380892,14235872.0,2102216.0,2102216.0,
380893,28236102.0,4615117.0,4615117.0,
380894,7853.0,1929.0,1929.0,
380899,1909254.0,892271.0,892271.0,
380910,662976.0,594550.0,594550.0,
380991,21251794.0,20065102.0,20065102.0,
380992,13697498.0,15075227.0,15075227.0,
380993,2443954.0,1668391.0,1668391.0,
381010,188462.0,106730.0,106730.0,
381090,2268675.0,2456464.0,2456464.0,
381119,4183788.0,2020535.0,2020535.0,
381121,48955.0,15239.0,15239.0,
381129,3197177.0,1904437.0,1904437.0,
381190,1147388.0,326093.0,326093.0,
381210,93357.0,32338.0,32338.0,
381220,392321.0,335377.0,335377.0,
381230,18690557.0,10877998.0,10877998.0,
381300,333457.0,22739.0,22739.0,
381400,3450205.0,1479683.0,1479683.0,
381511,63400.0,60240.0,60240.0,
381512,3051593.0,90687.0,90687.0,
381519,342147.0,74675.0,74675.0,
381590,4501042.0,223045.0,223045.0,
381600,597762.0,1185381.0,1185381.0,
381700,8332041.0,5829480.0,5829480.0,
381800,29144180.0,123150.0,123150.0,
381900,355789.0,203996.0,203996.0,
382000,1963.0,455.0,455.0,
382100,480.0,5.0,5.0,
382200,623689.0,353400.0,353400.0,
382311,480930034.0,447880576.0,447880576.0,
382312,44878555.0,36920054.0,36920054.0,
382313,39016356.0,48542742.0,48542742.0,
382319,1009828400.0,1141224811.0,1141224811.0,
382370,306547850.0,183412842.0,183412842.0,
382410,1555926.0,3591513.0,3591513.0,
382440,1953063.0,1394647.0,1394647.0,
382450,2274965.0,4206603.0,4206603.0,
382460,15070392.0,25554516.0,25554516.0,
382471,5339.0,540.0,540.0,
382472,311.0,22.0,22.0,
382474,28560.0,9072.0,9072.0,
382478,10270.0,158.0,158.0,
382479,86078.0,223216.0,223216.0,
382482,1148.0,37.0,37.0,
382490,21435937.0,21347882.0,21347882.0,
382510,15276.0,53315.0,53315.0,
382520,8167.0,1506475.0,1506475.0,
382530,221.0,63.0,63.0,
382549,2292.0,182.0,182.0,
382550,10.0,12.0,12.0,
382561,4983140.0,7813000.0,7813000.0,
382569,5.0,11.0,11.0,
382590,72857.0,2193388.0,2193388.0,
382600,1380806632.0,1411594656.0,1411594656.0,
390110,56714985.0,40435058.0,40435058.0,
390120,85765365.0,63972401.0,63972401.0,
390130,3035300.0,1449408.0,1449408.0,
390190,1355273.0,616229.0,616229.0,
390210,12723297.0,7918441.0,7918441.0,
390220,10484.0,13075.0,13075.0,
390230,8471720.0,3152268.0,3152268.0,
390290,1963264.0,2312363.0,2312363.0,
390311,1183884.0,651175.0,651175.0,
390319,11122819.0,7107477.0,7107477.0,
390320,499606.0,214763.0,214763.0,
390330,2585960.0,829904.0,829904.0,
390390,16380382.0,13420910.0,13420910.0,
390410,73583302.0,80123468.0,80123468.0,
390421,20330.0,3236.0,3236.0,
390422,15557922.0,8372769.0,8372769.0,
390430,4749466.0,3105875.0,3105875.0,
390440,134561.0,34027.0,34027.0,
390450,33121.0,15117.0,15117.0,
390461,317548.0,41085.0,41085.0,
390469,56957.0,16320.0,16320.0,
390490,146179.0,80201.0,80201.0,
390512,4387147.0,3285245.0,3285245.0,
390519,723962.0,447346.0,447346.0,
390521,528197.0,453778.0,453778.0,
390529,535611.0,232305.0,232305.0,
390591,2561.0,140.0,140.0,
390599,669367.0,206585.0,206585.0,
390610,2954698.0,2463918.0,2463918.0,
390690,87213850.0,55123478.0,55123478.0,
390710,252601.0,179023.0,179023.0,
390720,16955454.0,10429856.0,10429856.0,
390730,8492775.0,5564740.0,5564740.0,
390740,748370.0,456256.0,456256.0,
390750,17946587.0,9803918.0,9803918.0,
390760,316813040.0,213460067.0,213460067.0,
390770,27665.0,34000.0,34000.0,
390791,10113255.0,4888965.0,4888965.0,
390799,41578126.0,27658366.0,27658366.0,
390810,14501375.0,5712360.0,5712360.0,
390890,276307.0,80947.0,80947.0,
390910,9357293.0,10958968.0,10958968.0,
390920,10738733.0,6667232.0,6667232.0,
390930,4181858.0,2311446.0,2311446.0,
390940,13930285.0,5458106.0,5458106.0,
390950,3618029.0,954025.0,954025.0,
391000,1127085.0,629772.0,629772.0,
391110,933327.0,359052.0,359052.0,
391190,1365893.0,541175.0,541175.0,
391212,6.0,25.0,25.0,
391231,483505.0,136250.0,136250.0,
391239,91187.0,8758.0,8758.0,
391290,261553.0,34150.0,34150.0,
391390,4718619.0,425884.0,425884.0,
391400,5443.0,1411.0,1411.0,
391510,9572948.0,12471236.0,12471236.0,
391520,4590.0,25500.0,25500.0,
391530,63900.0,117893.0,117893.0,
391590,145740191.0,192134883.0,192134883.0,
391610,674536.0,172216.0,172216.0,
391620,2555162.0,695562.0,695562.0,
391690,15744028.0,6857439.0,6857439.0,
391710,549313.0,316743.0,316743.0,
391721,2275198.0,868012.0,868012.0,
391722,29461618.0,7473293.0,7473293.0,
391723,932995.0,332376.0,332376.0,
391729,9097859.0,1715772.0,1715772.0,
391731,478046.0,113797.0,113797.0,
391732,514047.0,119601.0,119601.0,
391733,18138.0,392.0,392.0,
391739,1289079.0,530466.0,530466.0,
391740,3274455.0,406442.0,406442.0,
391810,267758.0,305449.0,305449.0,
391890,5246190.0,1586585.0,1586585.0,
391910,41012555.0,12815707.0,12815707.0,
391990,10329099.0,1471266.0,1471266.0,
392010,66843385.0,31299974.0,31299974.0,
392020,176878975.0,67010340.0,67010340.0,
392030,7347950.0,2211112.0,2211112.0,
392043,351940.0,93934.0,93934.0,
392049,867839.0,687902.0,687902.0,
392051,59369463.0,18879186.0,18879186.0,
392059,1232108.0,312043.0,312043.0,
392061,15348283.0,3406151.0,3406151.0,
392062,122021902.0,34060916.0,34060916.0,
392063,3142.0,986.0,986.0,
392069,31883770.0,11154302.0,11154302.0,
392071,264651.0,47821.0,47821.0,
392073,7320.0,1000.0,1000.0,
392079,3347.0,136.0,136.0,
392091,81462.0,58461.0,58461.0,
392092,44624018.0,10272852.0,10272852.0,
392093,155843.0,26482.0,26482.0,
392094,9882.0,958.0,958.0,
392099,10094190.0,9475129.0,9475129.0,
392111,3829833.0,1075601.0,1075601.0,
392112,3140041.0,1388344.0,1388344.0,
392113,9251888.0,1212522.0,1212522.0,
392114,32395.0,7533.0,7533.0,
392119,81255493.0,17851575.0,17851575.0,
392190,82644701.0,23806512.0,23806512.0,
392210,140721.0,73697.0,73697.0,
392220,1332649.0,154862.0,154862.0,
392290,278603.0,102326.0,102326.0,
392310,61006253.0,10548910.0,10548910.0,
392321,147597583.0,89638339.0,89638339.0,
392329,88347392.0,33261851.0,33261851.0,
392330,15851465.0,8424243.0,8424243.0,
392340,1233962.0,537097.0,537097.0,
392350,35452194.0,3672314.0,3672314.0,
392390,40769719.0,5939515.0,5939515.0,
392410,10190361.0,3363107.0,3363107.0,
392490,37655526.0,10598949.0,10598949.0,
392510,1100847.0,130974.0,130974.0,
392520,93217.0,38741.0,38741.0,
392530,2016904.0,218666.0,218666.0,
392590,3641011.0,706939.0,706939.0,
392610,22228220.0,7633314.0,7633314.0,
392620,29110301.0,4158460.0,4158460.0,
392630,2758339.0,464427.0,464427.0,
392640,2988599.0,752745.0,752745.0,
392690,64195505.0,11686961.0,11686961.0,
400110,15996456.0,7619961.0,7619961.0,
400121,218655873.0,66682083.0,66682083.0,
400122,7626725346.0,2370136396.0,2370136396.0,
400130,3150417.0,1228225.0,1228225.0,
400211,26944465.0,21702698.0,21702698.0,
400219,32093053.0,10858402.0,10858402.0,
400220,1767733.0,1157676.0,1157676.0,
400231,175545.0,43390.0,43390.0,
400239,43.0,100.0,100.0,
400249,458.0,100.0,100.0,
400259,84.0,35.0,35.0,
400260,10288.0,2160.0,2160.0,
400270,489267.0,37313.0,37313.0,
400280,3580.0,265.0,265.0,
400291,4619.0,1080.0,1080.0,
400299,10688.0,12321.0,12321.0,
400300,7199376.0,6450365.0,6450365.0,
400400,2482762.0,5657258.0,5657258.0,
400510,93833239.0,29594849.0,29594849.0,
400520,233191.0,71997.0,71997.0,
400591,90836502.0,30522126.0,30522126.0,
400599,81504066.0,26913909.0,26913909.0,
400610,790.0,45.0,45.0,
400690,68189.0,6865.0,6865.0,
400700,12475557.0,2540020.0,2540020.0,
400811,844458.0,324132.0,324132.0,
400819,810068.0,242888.0,242888.0,
400821,14505666.0,8102676.0,8102676.0,
400829,50562.0,29789.0,29789.0,
400911,1173372.0,148471.0,148471.0,
400912,9566217.0,761339.0,761339.0,
400921,4649048.0,1715265.0,1715265.0,
400922,1513039.0,157190.0,157190.0,
400931,1139772.0,394670.0,394670.0,
400932,59728.0,4746.0,4746.0,
400941,828772.0,173156.0,173156.0,
400942,4858469.0,1169768.0,1169768.0,
401011,164187.0,7452.0,7452.0,
401012,1344990.0,215117.0,215117.0,
401019,320713.0,32490.0,32490.0,
401031,48806960.0,4551564.0,4551564.0,
401032,3856.0,1408.0,1408.0,
401033,55412.0,15613.0,15613.0,
401039,22478309.0,2197713.0,2197713.0,
401110,1379403214.0,329982528.0,23156162.0,
401120,104218092.0,28541786.0,607419.0,
401130,7290404.0,752265.0,10095.0,
401140,30873984.0,8860551.0,1343330.0,
401150,105658657.0,16288681.0,29781542.0,
401161,8972890.0,2476718.0,20220.0,
401162,20083241.0,6091987.0,,
401163,613112.0,202328.0,289.0,
401169,29825751.0,7192463.0,,
401192,157912.0,33877.0,942.0,
401193,638730.0,139488.0,2568.0,
401194,2120325.0,143972.0,832.0,
401199,14324787.0,2773382.0,74842.0,
401211,122.0,35.0,4.0,
401212,1271124.0,259307.0,7319.0,
401213,587808.0,138106.0,1391.0,
401219,82421.0,45469.0,,
401220,59018.0,14873.0,,
401290,1847870.0,325016.0,325016.0,
401310,14191873.0,3230966.0,1885426.0,
401320,28291249.0,4395300.0,25581685.0,
401390,2468024.0,597232.0,594878.0,
401410,288571.0,21148.0,21148.0,
401490,3462895.0,275302.0,275302.0,
401511,1442201.0,265522.0,265522.0,
401519,259163861.0,46958450.0,46958450.0,
401590,268369.0,23205.0,23205.0,
401610,37411.0,2885.0,2885.0,
401691,15761663.0,10098883.0,10098883.0,
401692,147828.0,19464.0,19464.0,
401693,44365078.0,1437982.0,1437982.0,
401694,666476.0,202662.0,202662.0,
401695,1345366.0,136542.0,136542.0,
401699,67228283.0,4639236.0,4639236.0,
401700,165266.0,26346.0,26346.0,
410120,116047.0,40070.0,40070.0,
410190,124.0,17.0,17.0,
410229,41084.0,548.0,548.0,
410320,80250.0,2004.0,2004.0,
410390,37227.0,2239.0,2239.0,
410411,2526978.0,326447.0,326447.0,
410419,1217711.0,276713.0,276713.0,
410441,2603840.0,117929.0,117929.0,
410449,16207302.0,2692687.0,2692687.0,
410510,1958020.0,258004.0,258004.0,
410530,848506.0,24520.0,24520.0,
410621,111300.0,18603.0,18603.0,
410622,561628.0,12343.0,12343.0,
410640,10445.0,46.0,46.0,
410691,551850.0,6605.0,6605.0,
410692,409119.0,4491.0,4491.0,
410711,934744.0,24544.0,24544.0,
410712,31824872.0,1468931.0,1468931.0,
410719,27687661.0,1287940.0,1287940.0,
410792,3487089.0,210851.0,210851.0,
410799,12277611.0,578634.0,578634.0,
411200,12802604.0,203478.0,203478.0,
411310,4954737.0,120890.0,120890.0,
411320,227263.0,5945.0,5945.0,
411330,7443124.0,71078.0,71078.0,
411390,3461827.0,357074.0,357074.0,
411420,488712.0,8324.0,8324.0,
411510,1059882.0,10752.0,10752.0,
420100,460546.0,132698.0,132698.0,
420211,1974816.0,327034.0,,
420212,13824131.0,1604014.0,,
420219,2215014.0,355824.0,,
420221,71102369.0,1643684.0,,
420222,57143610.0,2811668.0,,
420229,4147209.0,319975.0,301044.0,
420231,2040715.0,26066.0,26066.0,
420232,448834.0,27306.0,27306.0,
420239,730050.0,40453.0,40453.0,
420291,2814546.0,163511.0,163511.0,
420292,43160758.0,7723361.0,7723361.0,
420299,4305307.0,380214.0,380214.0,
420310,8615068.0,228768.0,228768.0,
420321,95355116.0,1625465.0,1625465.0,
420329,9462864.0,256841.0,256841.0,
420330,1134724.0,47567.0,47567.0,
420340,1221195.0,57732.0,57732.0,
420500,4505907.0,264936.0,264936.0,
420600,1750.0,30.0,30.0,
430130,606.0,15.0,15.0,
430180,102.0,7.0,7.0,
430220,24139.0,318.0,318.0,
430230,1310740.0,13325.0,13325.0,
430310,56816.0,2800.0,2800.0,
430390,1194365.0,133544.0,133544.0,
430400,27431.0,1818.0,1818.0,
440110,83325.0,247555.0,247555.0,
440122,117195666.0,1373030852.0,1373030852.0,
440131,1364734.0,12148167.0,12148167.0,
440139,6374202.0,43271913.0,43271913.0,
440210,4239960.0,18710948.0,18710948.0,
440290,101546452.0,227820007.0,227820007.0,
440420,2338938.0,32449754.0,32449754.0,
440500,568625.0,5113079.0,5113079.0,
440690,626.0,782.0,1.0,
440710,681754.0,336803.0,2833.0,
440721,805315.0,784510.0,616.0,
440722,625030.0,318286.0,1090.0,
440725,5665313.0,3443798.0,7621.0,
440726,122485.0,60304.0,,
440729,44641895.0,47782874.0,36282.0,
440791,45704.0,67119.0,65.0,
440799,1381950.0,674644.0,2507.0,
440810,19471800.0,5882900.0,5882900.0,
440831,1230130.0,1027150.0,1027150.0,
440839,5840466.0,2817676.0,2817676.0,
440890,7363349.0,3875765.0,3875765.0,
440910,5536979.0,1877814.0,1877814.0,
440921,63075.0,35163.0,35163.0,
440929,509380319.0,361208345.0,361208345.0,
441011,2236683.0,5098875.0,5098875.0,
441090,3815.0,5997.0,5997.0,
441112,22949962.0,63652297.0,63652297.0,
441113,7611814.0,20112424.0,20112424.0,
441114,9078150.0,24450479.0,24450479.0,
441192,673063.0,209623.0,209623.0,
441193,13694446.0,46333290.0,46333290.0,
441210,154315.0,7144.0,227.0,
441231,992430983.0,938549772.0,1311072.0,
441232,358670.0,208192.0,573.0,
441239,214943410.0,186378378.0,504221.0,
441294,377826818.0,299859072.0,299859072.0,
441299,425803956.0,525216830.0,525216830.0,
441300,109981.0,102452.0,102452.0,
441400,61735789.0,20001578.0,20001578.0,
441510,10353897.0,3651234.0,312506.0,
441520,2881996.0,3712778.0,369999.0,
441600,3188.0,1392.0,1392.0,
441700,7414740.0,3259680.0,3259680.0,
441810,2794898.0,1782117.0,1782117.0,
441820,141401711.0,54932461.0,54932461.0,
441840,9102.0,8200.0,8200.0,
441850,193135.0,197923.0,197923.0,
441860,85477.0,40598.0,40598.0,
441871,317473.0,216060.0,216060.0,
441872,88362590.0,31428555.0,31428555.0,
441879,43296557.0,19157155.0,19157155.0,
441890,39325335.0,26318844.0,26318844.0,
441900,4101611.0,1323847.0,1323847.0,
442010,54495497.0,16996797.0,16996797.0,
442090,73424467.0,27955869.0,27955869.0,
442110,307164.0,163203.0,163203.0,
442190,13596496.0,2193577.0,2193577.0,
450110,45971.0,4152.0,4152.0,
450190,31566.0,47037.0,47037.0,
450200,5786.0,2918.0,2918.0,
450390,40199.0,14374.0,14374.0,
450410,74057.0,18787.0,18787.0,
450490,135860.0,28200.0,28200.0,
460121,29357.0,27644.0,27644.0,
460122,3052894.0,367981.0,367981.0,
460129,3360165.0,524718.0,524718.0,
460192,513337.0,204589.0,204589.0,
460193,230070.0,50952.0,50952.0,
460194,539304.0,298653.0,298653.0,
460199,3050064.0,835937.0,835937.0,
460211,6220928.0,2693837.0,2693837.0,
460212,43089515.0,12028318.0,12028318.0,
460219,14752634.0,3973997.0,3973997.0,
460290,8597161.0,2088597.0,2088597.0,
470200,741305.0,796746.0,796746.0,
470329,1544658432.0,3195492150.0,3195492150.0,
470419,3952.0,27587.0,27587.0,
470429,23472.0,14400.0,14400.0,
470500,8.0,21.0,21.0,
470610,25.0,3.0,3.0,
470620,50.0,8.0,8.0,
470630,66789.0,25074.0,25074.0,
470691,149498.0,509692.0,509692.0,
470693,161085.0,91300.0,91300.0,
470710,626016.0,3731178.0,3731178.0,
470720,25121.0,52767.0,52767.0,
470730,511.0,246.0,246.0,
470790,425178.0,2217519.0,2217519.0,
480100,109315234.0,174862047.0,174862047.0,
480210,36672.0,37969.0,37969.0,
480220,866998.0,1009114.0,1009114.0,
480240,5149673.0,8976404.0,8976404.0,
480254,10268105.0,8238487.0,8238487.0,
480255,252436968.0,279423612.0,279423612.0,
480256,1120687106.0,1165509211.0,1165509211.0,
480257,581054775.0,790495179.0,790495179.0,
480258,73118963.0,79932656.0,79932656.0,
480261,14756129.0,17530108.0,17530108.0,
480262,18501129.0,21249541.0,21249541.0,
480269,224992.0,154420.0,154420.0,
480300,333841433.0,304099860.0,304099860.0,
480419,22672.0,25238.0,25238.0,
480421,553473.0,545914.0,545914.0,
480429,85195.0,71664.0,71664.0,
480431,153731.0,114416.0,114416.0,
480439,7839371.0,2111956.0,2111956.0,
480441,7471.0,3900.0,3900.0,
480442,5076.0,7989.0,7989.0,
480449,30.0,14.0,14.0,
480451,9.0,11.0,11.0,
480452,6.0,2.0,2.0,
480459,284642.0,1316951.0,1316951.0,
480511,4463444.0,10249040.0,10249040.0,
480512,3699.0,3555.0,3555.0,
480519,36591297.0,84821895.0,84821895.0,
480524,15874631.0,33430987.0,33430987.0,
480525,1283629.0,2557101.0,2557101.0,
480530,193176.0,195636.0,195636.0,
480540,2669.0,422.0,422.0,
480550,12025337.0,28366277.0,28366277.0,
480591,26498054.0,44885198.0,44885198.0,
480592,4186506.0,5977941.0,5977941.0,
480593,5246000.0,9067647.0,9067647.0,
480610,21427.0,4150.0,4150.0,
480620,3774402.0,2317856.0,2317856.0,
480640,6579301.0,4835151.0,4835151.0,
480700,16929959.0,32604508.0,32604508.0,
480810,278408.0,290815.0,290815.0,
480840,107753.0,100279.0,100279.0,
480890,3799111.0,6366735.0,6366735.0,
480920,29555239.0,27749649.0,27749649.0,
480990,86018584.0,58201805.0,58201805.0,
481013,71717235.0,59423487.0,59423487.0,
481014,169652087.0,205858956.0,205858956.0,
481019,57547050.0,45399245.0,45399245.0,
481022,1615362.0,1722123.0,1722123.0,
481029,248647871.0,284478277.0,284478277.0,
481031,17561.0,12256.0,12256.0,
481032,2651512.0,2721492.0,2721492.0,
481039,64143.0,12737.0,12737.0,
481092,49930190.0,75165298.0,75165298.0,
481099,265576.0,290053.0,290053.0,
481110,110903.0,21384.0,21384.0,
481141,30701417.0,11334419.0,11334419.0,
481149,2945779.0,545831.0,545831.0,
481151,69122.0,25945.0,25945.0,
481159,8424711.0,3451801.0,3451801.0,
481160,395834.0,78885.0,78885.0,
481190,8333910.0,3046903.0,3046903.0,
481200,106404.0,11285.0,11285.0,
481310,33973.0,6364.0,6364.0,
481320,36770621.0,19185970.0,19185970.0,
481390,3498956.0,862999.0,862999.0,
481420,55645.0,15442.0,15442.0,
481490,57643.0,13620.0,13620.0,
481620,59367.0,66495.0,66495.0,
481690,1619682.0,17372489.0,17372489.0,
481710,16779244.0,7901666.0,7901666.0,
481720,2360338.0,518186.0,518186.0,
481730,471179.0,105302.0,105302.0,
481810,37181961.0,21038908.0,21038908.0,
481820,43251283.0,24470942.0,24470942.0,
481830,2040445.0,1013190.0,1013190.0,
481850,4459459.0,430454.0,430454.0,
481890,23993252.0,5264822.0,5264822.0,
481910,27392348.0,43439075.0,43439075.0,
481920,9403659.0,9525460.0,9525460.0,
481930,15659165.0,5940687.0,5940687.0,
481940,55438920.0,20421353.0,20421353.0,
481950,8136559.0,2682852.0,2682852.0,
481960,5359262.0,3495287.0,3495287.0,
482010,55029777.0,31015756.0,31015756.0,
482020,70829441.0,53495157.0,53495157.0,
482030,6146313.0,3024298.0,3024298.0,
482040,2485344.0,1784909.0,1784909.0,
482050,2031001.0,370634.0,370634.0,
482090,4641161.0,1366998.0,1366998.0,
482110,2899695.0,613476.0,613476.0,
482190,970005.0,150594.0,150594.0,
482210,8176731.0,7752358.0,7752358.0,
482290,4248702.0,3190714.0,3190714.0,
482320,575158.0,559758.0,559758.0,
482340,4063274.0,1796521.0,1796521.0,
482361,1155841.0,2154251.0,2154251.0,
482369,37411739.0,12938409.0,12938409.0,
482370,15093.0,10985.0,10985.0,
482390,6624219.0,6363178.0,6363178.0,
490110,7488417.0,3315735.0,3315735.0,
490191,354420.0,17831.0,17831.0,
490199,9289497.0,3637386.0,3637386.0,
490210,74990.0,40720.0,40720.0,
490290,627653.0,177711.0,177711.0,
490300,41946.0,11369.0,11369.0,
490400,5461.0,132.0,132.0,
490510,459.0,34.0,34.0,
490591,6572.0,1912.0,1912.0,
490599,3889.0,1030.0,1030.0,
490600,6930.0,1647.0,1647.0,
490700,405276.0,128674.0,128674.0,
490810,356901.0,17963.0,17963.0,
490890,1186391.0,133771.0,133771.0,
490900,7164442.0,1900612.0,1900612.0,
491000,493036.0,196350.0,196350.0,
491110,846837.0,122177.0,122177.0,
491191,1636976.0,1269713.0,1269713.0,
491199,3808818.0,1013700.0,1013700.0,
500400,503.0,420.0,420.0,
500500,61.0,75.0,75.0,
500600,1226.0,470.0,470.0,
500710,27198.0,3209.0,3209.0,
500720,7411.0,1097.0,1097.0,
500790,100769.0,20490.0,20490.0,
510119,220.0,59.0,59.0,
510211,4799.0,223.0,223.0,
510310,1272365.0,1082500.0,1082500.0,
510510,1098.0,56.0,56.0,
510540,1624.0,6.0,6.0,
510610,11683.0,320.0,320.0,
510620,1349.0,177.0,177.0,
510710,624784.0,187777.0,187777.0,
510720,204040.0,79184.0,79184.0,
510990,3784.0,695.0,695.0,
511111,5985.0,1084.0,1084.0,
511190,5306.0,1929.0,1929.0,
511211,77272.0,2815.0,2815.0,
511219,56765.0,23194.0,23194.0,
511230,17628.0,1254.0,1254.0,
511290,127808.0,7205.0,7205.0,
520100,1297786.0,549229.0,549229.0,
520210,3520673.0,2425331.0,2425331.0,
520291,538244.0,418250.0,418250.0,
520299,20557430.0,13288967.0,13288967.0,
520300,14383479.0,5176202.0,5176202.0,
520411,115465.0,18777.0,18777.0,
520419,144281.0,100976.0,100976.0,
520420,2458.0,780.0,780.0,
520511,12873941.0,5670245.0,5670245.0,
520512,63412344.0,20745889.0,20745889.0,
520513,30040633.0,9035040.0,9035040.0,
520514,35104955.0,9915987.0,9915987.0,
520515,841299.0,304453.0,304453.0,
520521,649753.0,183775.0,183775.0,
520522,27778459.0,7632540.0,7632540.0,
520523,34456000.0,8551490.0,8551490.0,
520524,44362805.0,10555232.0,10555232.0,
520526,1251796.0,187882.0,187882.0,
520527,2344583.0,323888.0,323888.0,
520528,4480385.0,692574.0,692574.0,
520531,118915.0,50529.0,50529.0,
520532,2434697.0,737412.0,737412.0,
520533,3650961.0,900736.0,900736.0,
520534,505525.0,109546.0,109546.0,
520541,4266.0,972.0,972.0,
520542,471631.0,101452.0,101452.0,
520543,1749359.0,383801.0,383801.0,
520544,3867153.0,777862.0,777862.0,
520547,1308818.0,152609.0,152609.0,
520548,859942.0,86532.0,86532.0,
520611,22850247.0,13102292.0,13102292.0,
520612,5858889.0,2477402.0,2477402.0,
520613,1558054.0,536788.0,536788.0,
520614,2013968.0,352617.0,352617.0,
520621,4446649.0,1327129.0,1327129.0,
520622,42806501.0,13249551.0,13249551.0,
520623,31561625.0,9261890.0,9261890.0,
520624,4721499.0,1173980.0,1173980.0,
520625,34085.0,9532.0,9532.0,
520631,110493.0,71109.0,71109.0,
520632,646238.0,90004.0,90004.0,
520633,197887.0,62177.0,62177.0,
520641,12064.0,7097.0,7097.0,
520643,1292155.0,363058.0,363058.0,
520644,141960.0,36335.0,36335.0,
520710,9399.0,1492.0,1492.0,
520790,80850.0,18669.0,18669.0,
520811,5425546.0,667083.0,667083.0,
520812,54043297.0,10154550.0,10154550.0,
520813,6981625.0,1399744.0,1399744.0,
520819,7878078.0,1271037.0,1271037.0,
520821,5054.0,4869.0,4869.0,
520822,4138141.0,359803.0,359803.0,
520823,504677.0,60531.0,60531.0,
520829,3953124.0,396624.0,396624.0,
520831,1266520.0,125862.0,125862.0,
520832,15725179.0,937029.0,937029.0,
520833,181615.0,27626.0,27626.0,
520839,6851574.0,533394.0,533394.0,
520841,61077.0,5076.0,5076.0,
520842,656783.0,68658.0,68658.0,
520843,25409.0,2460.0,2460.0,
520849,2864229.0,176933.0,176933.0,
520851,2275983.0,190528.0,190528.0,
520852,22429346.0,1437332.0,1437332.0,
520859,6411634.0,715467.0,715467.0,
520911,6223474.0,664667.0,664667.0,
520912,9618796.0,2190677.0,2190677.0,
520919,2756232.0,496247.0,496247.0,
520921,1396002.0,136286.0,136286.0,
520922,2096692.0,222008.0,222008.0,
520929,376239.0,40090.0,40090.0,
520931,103121.0,10080.0,10080.0,
520932,2560759.0,341270.0,341270.0,
520939,2633145.0,340274.0,340274.0,
520942,16432001.0,2710124.0,2710124.0,
520943,324402.0,51939.0,51939.0,
520949,383523.0,50341.0,50341.0,
520951,709174.0,56136.0,56136.0,
520952,49.0,13.0,13.0,
520959,8150565.0,480026.0,480026.0,
521011,21350853.0,5709331.0,5709331.0,
521019,176507.0,104505.0,104505.0,
521021,5393721.0,429486.0,429486.0,
521029,561179.0,54466.0,54466.0,
521031,8980633.0,854408.0,854408.0,
521032,1303842.0,91496.0,91496.0,
521039,96384.0,16680.0,16680.0,
521041,3151880.0,359080.0,359080.0,
521049,444462.0,67220.0,67220.0,
521051,20957.0,1534.0,1534.0,
521059,1180146.0,125906.0,125906.0,
521111,7073168.0,1256518.0,1256518.0,
521112,1320689.0,254648.0,254648.0,
521119,406275.0,23275.0,23275.0,
521120,120834.0,15385.0,15385.0,
521131,2547.0,222.0,222.0,
521132,74431.0,11169.0,11169.0,
521139,2436750.0,371577.0,371577.0,
521141,57924.0,9223.0,9223.0,
521142,1082691.0,152259.0,152259.0,
521149,490031.0,105279.0,105279.0,
521151,4200.0,69.0,69.0,
521152,19348.0,2735.0,2735.0,
521159,657573.0,92115.0,92115.0,
521211,117091.0,18372.0,18372.0,
521212,3648.0,439.0,439.0,
521213,387586.0,88233.0,88233.0,
521214,32888.0,23934.0,23934.0,
521215,20560629.0,2150852.0,2150852.0,
521221,16658.0,2225.0,2225.0,
521225,6229630.0,1067525.0,1067525.0,
530210,7090.0,2479.0,2479.0,
530290,1000.0,60.0,60.0,
530310,7270.0,4205.0,4205.0,
530390,1663.0,4.0,4.0,
530500,15205737.0,46177779.0,46177779.0,
530710,64419.0,12516.0,12516.0,
530890,4027.0,342.0,342.0,
530911,12895.0,2333.0,2333.0,
530919,75317.0,3833.0,3833.0,
530921,25345.0,1083.0,1083.0,
530929,124282.0,12291.0,12291.0,
531010,278.0,18.0,18.0,
531090,10035.0,489.0,489.0,
531100,16368.0,2772.0,2772.0,
540110,1219549.0,112517.0,112517.0,
540120,314970.0,24481.0,24481.0,
540211,82569.0,3322.0,3322.0,
540219,40183300.0,9576684.0,9576684.0,
540220,11480241.0,3622108.0,3622108.0,
540231,16719292.0,3675922.0,3675922.0,
540232,1075556.0,189874.0,189874.0,
540233,214497518.0,98606555.0,98606555.0,
540234,101602.0,27871.0,27871.0,
540239,180105.0,27386.0,27386.0,
540244,579234.0,69861.0,69861.0,
540245,44985849.0,9957705.0,9957705.0,
540246,16822476.0,9606858.0,9606858.0,
540247,121568686.0,52516767.0,52516767.0,
540248,414228.0,118863.0,118863.0,
540249,203734.0,109612.0,109612.0,
540251,366759.0,62540.0,62540.0,
540252,10149155.0,4190253.0,4190253.0,
540259,694065.0,234252.0,234252.0,
540261,14542983.0,1483931.0,1483931.0,
540262,867731.0,491773.0,491773.0,
540269,297552.0,132706.0,132706.0,
540310,919971.0,266328.0,266328.0,
540331,103416.0,24479.0,24479.0,
540332,574594.0,95988.0,95988.0,
540333,25.0,85.0,85.0,
540339,350651.0,19550.0,19550.0,
540341,12557651.0,3981313.0,3981313.0,
540342,6714.0,1745.0,1745.0,
540349,39011.0,9430.0,9430.0,
540419,3943.0,314.0,314.0,
540490,3502266.0,780907.0,780907.0,
540600,6.0,9.0,9.0,
540710,198227616.0,22733343.0,22733343.0,
540720,27708290.0,14643255.0,14643255.0,
540741,243335.0,75917.0,75917.0,
540742,2522622.0,262523.0,262523.0,
540744,22716.0,6032.0,6032.0,
540751,23975605.0,3148035.0,3148035.0,
540752,241910389.0,23166638.0,23166638.0,
540753,2113676.0,386715.0,386715.0,
540754,67381880.0,6500485.0,6500485.0,
540761,81415821.0,10348717.0,10348717.0,
540769,23019099.0,2642006.0,2642006.0,
540771,18449077.0,4856117.0,4856117.0,
540772,68190811.0,8236085.0,8236085.0,
540773,45076684.0,6484913.0,6484913.0,
540774,25335989.0,2923911.0,2923911.0,
540781,4656237.0,700787.0,700787.0,
540782,295329.0,37405.0,37405.0,
540783,1681914.0,236106.0,236106.0,
540784,58143.0,1381.0,1381.0,
540791,14662777.0,2942266.0,2942266.0,
540792,10910.0,1075.0,1075.0,
540793,964473.0,139427.0,139427.0,
540794,118569.0,13923.0,13923.0,
540810,28562678.0,5835691.0,5835691.0,
540821,10510.0,7824.0,7824.0,
540822,128040.0,23361.0,23361.0,
540823,259239.0,73215.0,73215.0,
540824,160769.0,20614.0,20614.0,
540831,299957.0,9051.0,9051.0,
540833,4669.0,2173.0,2173.0,
540834,2385.0,171.0,171.0,
550110,24790.0,3429.0,3429.0,
550120,474188.0,88781.0,88781.0,
550130,20622.0,14160.0,14160.0,
550190,6005.0,1334.0,1334.0,
550200,2664881.0,583977.0,583977.0,
550311,10549.0,440.0,440.0,
550319,19355.0,4896.0,4896.0,
550320,108007932.0,69586916.0,69586916.0,
550330,329340.0,156876.0,156876.0,
550340,43066.0,8911.0,8911.0,
550390,550.0,24.0,24.0,
550410,390425996.0,184752254.0,184752254.0,
550490,1392.0,570.0,570.0,
550510,8718529.0,9326551.0,9326551.0,
550610,352213.0,13437.0,13437.0,
550620,24506442.0,900853.0,900853.0,
550630,388.0,146.0,146.0,
550690,133784.0,288920.0,288920.0,
550810,27352185.0,5119851.0,5119851.0,
550820,1042.0,402.0,402.0,
550911,3784147.0,1424510.0,1424510.0,
550912,713415.0,169866.0,169866.0,
550921,282819281.0,119541401.0,119541401.0,
550922,73689461.0,25498767.0,25498767.0,
550931,26804905.0,5824371.0,5824371.0,
550932,115803124.0,29205249.0,29205249.0,
550941,1035433.0,185465.0,185465.0,
550942,3406073.0,763789.0,763789.0,
550951,205430719.0,74607073.0,74607073.0,
550953,119161794.0,40013441.0,40013441.0,
550959,400082.0,211503.0,211503.0,
550961,17833231.0,2057416.0,2057416.0,
550962,1121470.0,200221.0,200221.0,
550969,41790862.0,6509547.0,6509547.0,
550992,684072.0,221981.0,221981.0,
550999,425326.0,352192.0,352192.0,
551011,341417494.0,102669529.0,102669529.0,
551012,33915438.0,9459607.0,9459607.0,
551020,3127.0,388.0,388.0,
551030,10201519.0,2539759.0,2539759.0,
551090,3255393.0,2316786.0,2316786.0,
551110,13667.0,1014.0,1014.0,
551130,47942.0,14459.0,14459.0,
551211,30541517.0,5770432.0,5770432.0,
551219,13772776.0,1776009.0,1776009.0,
551221,140024.0,6253.0,6253.0,
551229,25003.0,3631.0,3631.0,
551299,19823.0,8835.0,8835.0,
551311,109495217.0,20299217.0,20299217.0,
551312,9754784.0,1892272.0,1892272.0,
551313,2332708.0,255798.0,255798.0,
551319,6834711.0,1634976.0,1634976.0,
551321,26056613.0,2848007.0,2848007.0,
551323,2772285.0,218676.0,218676.0,
551329,808995.0,106224.0,106224.0,
551331,519187.0,39437.0,39437.0,
551339,8972.0,722.0,722.0,
551341,59259.0,6373.0,6373.0,
551349,1165303.0,110502.0,110502.0,
551411,13611192.0,4176483.0,4176483.0,
551412,22363257.0,4277950.0,4277950.0,
551419,3581075.0,761934.0,761934.0,
551421,298565.0,17038.0,17038.0,
551422,1176993.0,146585.0,146585.0,
551423,142709.0,21498.0,21498.0,
551429,162967.0,26237.0,26237.0,
551430,2943.0,172.0,172.0,
551441,26043.0,865.0,865.0,
551443,35419.0,12427.0,12427.0,
551449,2004765.0,328395.0,328395.0,
551511,44471492.0,6728173.0,6728173.0,
551512,51081221.0,11096759.0,11096759.0,
551513,64689.0,2910.0,2910.0,
551519,1207399.0,233180.0,233180.0,
551521,10866583.0,1403704.0,1403704.0,
551522,1864.0,917.0,917.0,
551529,19124.0,3806.0,3806.0,
551599,223082.0,10504.0,10504.0,
551611,42136386.0,8913043.0,8913043.0,
551612,443744.0,51893.0,51893.0,
551613,4255.0,275.0,275.0,
551614,543842.0,47776.0,47776.0,
551621,4357051.0,894161.0,894161.0,
551622,1894203.0,224364.0,224364.0,
551623,1081017.0,112062.0,112062.0,
551624,1798092.0,196456.0,196456.0,
551632,14245.0,796.0,796.0,
551641,608428.0,71247.0,71247.0,
551642,743298.0,91475.0,91475.0,
551643,275814.0,25975.0,25975.0,
551691,3668113.0,744839.0,744839.0,
551692,811201.0,72366.0,72366.0,
551693,49559.0,3997.0,3997.0,
551694,12249.0,545.0,545.0,
560121,7281992.0,727570.0,727570.0,
560122,50180943.0,5321810.0,5321810.0,
560129,383373.0,46070.0,46070.0,
560130,62889.0,2257.0,2257.0,
560210,17524.0,11011.0,11011.0,
560221,8283.0,1784.0,1784.0,
560229,12137.0,1195.0,1195.0,
560290,273108.0,124415.0,124415.0,
560311,9767129.0,2915237.0,2915237.0,
560312,12248332.0,3194223.0,3194223.0,
560313,4327039.0,1546484.0,1546484.0,
560314,2739369.0,1438682.0,1438682.0,
560391,996323.0,15897.0,15897.0,
560392,226012.0,43133.0,43133.0,
560393,1612255.0,242034.0,242034.0,
560394,22868548.0,4071368.0,4071368.0,
560410,118546.0,20161.0,20161.0,
560490,831434.0,43970.0,43970.0,
560500,1341692.0,133286.0,133286.0,
560600,674795.0,129259.0,129259.0,
560721,3487.0,1288.0,1288.0,
560729,1176865.0,646401.0,646401.0,
560741,17707.0,9091.0,9091.0,
560749,77164.0,27094.0,27094.0,
560750,1958091.0,439432.0,439432.0,
560790,60751.0,58059.0,58059.0,
560811,19977693.0,2494539.0,2494539.0,
560819,596155.0,207447.0,207447.0,
560890,131995.0,24707.0,24707.0,
560900,3648548.0,1071196.0,1071196.0,
570110,542840.0,56568.0,5348.0,
570190,55745.0,73463.0,,
570210,76567.0,42194.0,2784.0,
570220,1021.0,344.0,268.0,
570231,1001.0,133.0,28.0,
570232,8861.0,11216.0,379.0,
570239,25861.0,34221.0,,
570241,5296.0,6362.0,188.0,
570242,17422567.0,8268445.0,1685722.0,
570249,5943.0,307.0,641.0,
570250,4603.0,855.0,204.0,
570292,3501.0,308.0,437.0,
570299,12186.0,10723.0,1002.0,
570310,1511940.0,53033.0,41117.0,
570320,7005152.0,2710608.0,467128.0,
570330,16042822.0,6637683.0,1658432.0,
570390,1105725.0,145930.0,,
570410,61.0,245.0,5.0,
570490,2093189.0,832189.0,,
570500,26952468.0,3076615.0,4334167.0,
580110,117017.0,35970.0,35970.0,
580122,18761.0,1386.0,1386.0,
580132,8306.0,755.0,755.0,
580133,798.0,34.0,34.0,
580136,22865.0,2650.0,2650.0,
580137,610289.0,37113.0,37113.0,
580190,265401.0,25244.0,25244.0,
580219,32036.0,2800.0,2800.0,
580220,41471.0,7038.0,7038.0,
580230,31803.0,1294.0,1294.0,
580300,34816.0,6303.0,6303.0,
580410,3918300.0,389327.0,389327.0,
580421,18346255.0,1263157.0,1263157.0,
580429,317559.0,21451.0,21451.0,
580430,423587.0,31990.0,31990.0,
580500,29216.0,5711.0,5711.0,
580610,1895090.0,463604.0,463604.0,
580620,6549034.0,452157.0,452157.0,
580631,8851.0,6180.0,6180.0,
580632,3843868.0,557073.0,557073.0,
580639,6110953.0,1076273.0,1076273.0,
580710,1763208.0,131510.0,131510.0,
580790,216483.0,12674.0,12674.0,
580810,224639.0,26521.0,26521.0,
580890,19613.0,2271.0,2271.0,
580900,4489.0,2380.0,2380.0,
581010,2507786.0,119459.0,119459.0,
581091,1856223.0,109424.0,109424.0,
581092,8117287.0,579601.0,579601.0,
581099,2285334.0,155842.0,155842.0,
581100,358869.0,48641.0,48641.0,
590110,510465.0,168599.0,168599.0,
590190,459111.0,109805.0,109805.0,
590210,44268055.0,7505867.0,7505867.0,
590220,33186811.0,8062038.0,8062038.0,
590290,2973.0,260.0,260.0,
590310,3110402.0,880409.0,880409.0,
590320,4553374.0,1182992.0,1182992.0,
590390,7054063.0,2168336.0,2168336.0,
590490,52516.0,27580.0,21047.0,
590500,297.0,105.0,41.0,
590610,19163709.0,5512463.0,5512463.0,
590691,32992.0,1520.0,1520.0,
590699,1826791.0,553979.0,553979.0,
590700,3793215.0,254376.0,254376.0,
590800,7372.0,11494.0,11494.0,
590900,69641.0,78957.0,78957.0,
591000,2684.0,54.0,54.0,
591110,434974.0,111154.0,111154.0,
591120,102726.0,1381.0,1381.0,
591131,90.0,19.0,19.0,
591132,82229.0,3507.0,3507.0,
591140,140.0,100.0,100.0,
591190,6933447.0,584870.0,584870.0,
600110,2519399.0,332068.0,332068.0,
600121,837400.0,95927.0,95927.0,
600122,1167637.0,129900.0,129900.0,
600129,245606.0,74768.0,74768.0,
600191,3414104.0,587716.0,587716.0,
600192,1390024.0,332483.0,332483.0,
600199,4569815.0,592216.0,592216.0,
600240,680270.0,74249.0,74249.0,
600290,3665418.0,592258.0,592258.0,
600320,279.0,130.0,130.0,
600330,95705.0,21453.0,21453.0,
600390,62899.0,5907.0,5907.0,
600410,17596995.0,2606369.0,2606369.0,
600490,4947226.0,758860.0,758860.0,
600521,6407427.0,1858725.0,1858725.0,
600522,27208.0,5042.0,5042.0,
600523,209878.0,26963.0,26963.0,
600524,160344.0,11212.0,11212.0,
600531,1109271.0,188871.0,188871.0,
600532,2951498.0,188834.0,188834.0,
600533,1675398.0,744377.0,744377.0,
600534,1661.0,232.0,232.0,
600542,147701.0,34896.0,34896.0,
600590,3046176.0,533205.0,533205.0,
600610,30126.0,3190.0,3190.0,
600621,1164254.0,196735.0,196735.0,
600622,21156137.0,3287550.0,3287550.0,
600623,2146617.0,365453.0,365453.0,
600624,2373807.0,326532.0,326532.0,
600631,3246884.0,668470.0,668470.0,
600632,12958161.0,1737235.0,1737235.0,
600633,193339.0,32684.0,32684.0,
600634,190999.0,15857.0,15857.0,
600641,13523.0,489.0,489.0,
600642,191540.0,10169.0,10169.0,
600690,8107380.0,1574745.0,1574745.0,
610120,14130230.0,1495639.0,710488.0,
610130,36977547.0,1674232.0,1254239.0,
610190,46215304.0,3209431.0,854984.0,
610210,15383115.0,928787.0,195503.0,
610220,66397601.0,5253440.0,4326073.0,
610230,13910379.0,723637.0,611964.0,
610290,25572098.0,1090204.0,,
610310,38538911.0,5555768.0,,
610322,1522342.0,182850.0,218233.0,
610323,1955059.0,120756.0,233670.0,
610329,7702385.0,486505.0,,
610331,416642.0,31402.0,,
610332,3500813.0,438752.0,246056.0,
610333,4193141.0,186945.0,253465.0,
610339,6046777.0,318571.0,,
610341,244457.0,9562.0,,
610342,42639186.0,3329354.0,5175078.0,
610343,71511665.0,4777998.0,7775083.0,
610349,46756109.0,2620700.0,,
610413,2117462.0,179653.0,,
610419,24032664.0,2789051.0,,
610422,2898306.0,166411.0,415328.0,
610423,469067.0,32573.0,59913.0,
610429,1324047.0,37661.0,,
610431,235.0,10.0,3.0,
610432,8375293.0,556632.0,561792.0,
610433,6743241.0,273349.0,413403.0,
610439,7442736.0,824500.0,305039.0,
610441,103007.0,10037.0,1349.0,
610442,49400719.0,2987295.0,5106725.0,
610443,44440938.0,3919779.0,2752927.0,
610444,19918147.0,688467.0,994882.0,
610449,85393131.0,5165065.0,4050414.0,
610451,24341.0,2120.0,523.0,
610452,26873743.0,1406437.0,4774858.0,
610453,5601407.0,378282.0,617024.0,
610459,10132796.0,893010.0,820769.0,
610461,68890.0,4285.0,,
610462,201272426.0,18610439.0,32424960.0,
610463,42698203.0,2351234.0,4745421.0,
610469,46823582.0,6413412.0,4988709.0,
610510,110556425.0,8747703.0,10420414.0,
610520,37435197.0,1950263.0,3943692.0,
610590,32960464.0,2188031.0,2991863.0,
610610,84522261.0,4946945.0,10569798.0,
610620,39372914.0,2427261.0,4298670.0,
610690,42883751.0,2932389.0,3332029.0,
610711,13850870.0,757665.0,4381845.0,
610712,7717730.0,483506.0,1449898.0,
610719,818410.0,82775.0,214050.0,
610721,5429745.0,400069.0,856529.0,
610722,670181.0,42570.0,117642.0,
610729,275764.0,31547.0,50405.0,
610791,8671396.0,814449.0,1588259.0,
610799,1283425.0,417738.0,130339.0,
610811,1558204.0,92308.0,261687.0,
610819,4483427.0,651206.0,726216.0,
610821,5991512.0,223070.0,2907075.0,
610822,56556006.0,1586003.0,16402048.0,
610829,8030977.0,496422.0,3259019.0,
610831,23304301.0,1414385.0,3246654.0,
610832,9288617.0,626915.0,965078.0,
610839,3435172.0,507625.0,502593.0,
610891,4184130.0,443782.0,522329.0,
610892,2228051.0,331138.0,,
610899,298809.0,49567.0,24171.0,
610910,409404640.0,31806941.0,78829933.0,
610990,204148617.0,12330817.0,27931585.0,
611011,2132532.0,49491.0,68144.0,
611012,10868373.0,839851.0,86525.0,
611019,7799490.0,291962.0,280279.0,
611020,527754011.0,38685981.0,38340629.0,
611030,247583759.0,16208601.0,18431952.0,
611090,45419887.0,2473868.0,2631243.0,
611120,56126855.0,3656933.0,3656933.0,
611130,7726372.0,503019.0,503019.0,
611190,8250642.0,914304.0,914304.0,
611211,2936462.0,136987.0,213854.0,
611212,33309008.0,1777296.0,2470155.0,
611219,849132.0,74615.0,50517.0,
611220,21438.0,2164.0,,
611231,1959368.0,81843.0,248099.0,
611239,4451078.0,189850.0,,
611241,94026801.0,6025551.0,7098041.0,
611249,9109073.0,545285.0,832483.0,
611300,416029.0,45044.0,45044.0,
611420,24008329.0,1618710.0,1618710.0,
611430,18732676.0,1010382.0,1010382.0,
611490,10934928.0,848797.0,848797.0,
611510,5629754.0,450965.0,450965.0,
611522,389452.0,37353.0,37353.0,
611529,54688895.0,4766485.0,4766485.0,
611530,926901.0,51957.0,51957.0,
611594,65.0,1.0,1.0,
611595,49626276.0,4002381.0,4002381.0,
611596,2589144.0,203294.0,203294.0,
611599,6882683.0,569385.0,569385.0,
611610,16944518.0,492239.0,492239.0,
611691,312493.0,33499.0,33499.0,
611692,2903344.0,826023.0,826023.0,
611693,12777099.0,1350023.0,1350023.0,
611699,12595570.0,5038953.0,5038953.0,
611710,7842931.0,865067.0,,
611780,1463245.0,103467.0,103467.0,
611790,545536.0,139319.0,139319.0,
620111,3636915.0,92657.0,36566.0,
620112,26280659.0,1352354.0,373585.0,
620113,9658743.0,647255.0,166134.0,
620119,148257269.0,4269526.0,2441047.0,
620191,366530.0,18703.0,4052.0,
620192,35005663.0,3511097.0,732018.0,
620193,158627124.0,5407737.0,3571142.0,
620199,21640343.0,816866.0,,
620211,454198.0,51204.0,4933.0,
620212,9039810.0,659315.0,145528.0,
620213,6007826.0,714409.0,107565.0,
620219,14897257.0,1270039.0,,
620291,690669.0,81817.0,9737.0,
620292,3961089.0,261883.0,120665.0,
620293,21310236.0,983255.0,541358.0,
620299,12519137.0,369563.0,251988.0,
620311,4416026.0,621919.0,27895.0,
620312,12692508.0,1409931.0,271471.0,
620319,56597841.0,4866982.0,,
620322,1763417.0,92912.0,87483.0,
620323,264581.0,19726.0,,
620329,842655.0,84070.0,,
620331,3868223.0,103560.0,44886.0,
620332,13191643.0,1304043.0,285801.0,
620333,26066000.0,1690657.0,724897.0,
620339,62577464.0,2669311.0,1072876.0,
620341,7632859.0,209118.0,202406.0,
620342,282295757.0,14613000.0,15060754.0,
620343,123065166.0,6218892.0,6730260.0,
620349,46167460.0,2259997.0,2523122.0,
620411,335649.0,44855.0,2278.0,
620412,6956628.0,493768.0,,
620413,32444672.0,1716220.0,2149115.0,
620419,6409733.0,862106.0,,
620421,19584.0,3100.0,150.0,
620422,759377.0,47093.0,,
620423,386538.0,16296.0,,
620429,2746831.0,132686.0,,
620431,4190501.0,93352.0,54325.0,
620432,17940000.0,640843.0,566085.0,
620433,57625922.0,2599001.0,1942109.0,
620439,8990470.0,410046.0,223686.0,
620441,137071.0,5879.0,,
620442,60330940.0,3985936.0,4295839.0,
620443,67698587.0,3436682.0,3137045.0,
620444,2677070.0,127201.0,102371.0,
620449,62531542.0,4187078.0,,
620451,352927.0,16734.0,9446.0,
620452,19599638.0,846415.0,1641479.0,
620453,19981553.0,1178458.0,1433700.0,
620459,15815098.0,1518341.0,790148.0,
620461,2063048.0,56826.0,58905.0,
620462,325115400.0,15440078.0,19033857.0,
620463,50282159.0,2779327.0,3150380.0,
620469,59644661.0,4093598.0,3128994.0,
620520,368831803.0,13998080.0,24951166.0,
620530,81449104.0,6692918.0,7781644.0,
620590,54611588.0,2405888.0,3904152.0,
620610,3023122.0,146011.0,67575.0,
620620,421079.0,26330.0,,
620630,157609615.0,8689163.0,12421988.0,
620640,290715499.0,12635206.0,25592467.0,
620690,46221407.0,1830481.0,3463040.0,
620711,38333598.0,2270300.0,9784219.0,
620719,2517400.0,298980.0,,
620721,4635869.0,209203.0,502973.0,
620722,525872.0,53775.0,110781.0,
620729,3140149.0,268227.0,,
620791,4120136.0,444441.0,444441.0,
620799,11392618.0,4075406.0,4075406.0,
620811,10397865.0,1138919.0,1554015.0,
620819,19577230.0,2002064.0,2698357.0,
620821,16583310.0,2267952.0,2549914.0,
620822,2009538.0,120330.0,306502.0,
620829,26451256.0,2261899.0,,
620891,8474732.0,1093975.0,1093975.0,
620892,2014460.0,104567.0,104567.0,
620899,2581868.0,159737.0,159737.0,
620920,84684645.0,4330207.0,4330207.0,
620930,16505043.0,1034675.0,1034675.0,
620990,6181964.0,284455.0,284455.0,
621010,21701492.0,2466938.0,2466938.0,
621020,183911.0,12191.0,,
621030,188109.0,19236.0,4078.0,
621040,24176850.0,1761822.0,1761822.0,
621050,23329826.0,1580709.0,1580709.0,
621111,12885341.0,821111.0,812959.0,
621112,3769762.0,218825.0,332707.0,
621120,189493.0,16027.0,4066.0,
621132,4324933.0,566447.0,566447.0,
621133,19178923.0,1452767.0,1452767.0,
621139,2808929.0,224379.0,224379.0,
621142,17389861.0,962723.0,962723.0,
621143,18111067.0,1602135.0,1602135.0,
621149,10938598.0,1003715.0,1003715.0,
621210,284150711.0,7863268.0,7863268.0,
621220,18915161.0,532858.0,532858.0,
621230,2395099.0,119891.0,119891.0,
621290,17953821.0,479610.0,479610.0,
621320,46734.0,4503.0,4503.0,
621390,13190.0,1459.0,1459.0,
621410,759026.0,59478.0,,
621420,289587.0,18689.0,,
621430,974271.0,81275.0,324193.0,
621440,388801.0,134902.0,70792.0,
621490,2610862.0,165099.0,823089.0,
621510,32011.0,45.0,45.0,
621520,2090.0,372.0,372.0,
621590,4646.0,1579.0,1579.0,
621600,44889956.0,1035225.0,1035225.0,
621710,8564810.0,955405.0,955405.0,
621790,1498082.0,54396.0,54396.0,
630110,15096911.0,1203422.0,718619.0,
630120,30751.0,8374.0,8374.0,
630130,1240465.0,150349.0,150349.0,
630140,3246808.0,421611.0,421611.0,
630190,14007531.0,1526290.0,1526290.0,
630210,3493165.0,609232.0,609232.0,
630221,748720.0,111524.0,111524.0,
630222,792577.0,201265.0,201265.0,
630229,171999.0,21239.0,21239.0,
630231,11585313.0,1168202.0,1168202.0,
630232,399314.0,40669.0,40669.0,
630239,305123.0,31661.0,31661.0,
630240,64919.0,14650.0,14650.0,
630251,962672.0,89069.0,89069.0,
630253,162858.0,37493.0,37493.0,
630259,266500.0,24845.0,24845.0,
630260,23364040.0,2846061.0,2846061.0,
630291,300252.0,42662.0,42662.0,
630293,15143.0,3595.0,3595.0,
630299,79027.0,1782.0,1782.0,
630312,1644449.0,192335.0,192335.0,
630319,510253.0,55564.0,55564.0,
630391,10081006.0,1632643.0,1632643.0,
630392,117548.0,9298.0,9298.0,
630399,1462015.0,141323.0,141323.0,
630411,145323.0,18443.0,18443.0,
630419,1515549.0,575101.0,575101.0,
630491,2516063.0,322505.0,322505.0,
630492,226756.0,20318.0,20318.0,
630493,1305281.0,155247.0,155247.0,
630499,850418.0,105869.0,105869.0,
630510,58257.0,19955.0,19955.0,
630520,588062.0,81546.0,81546.0,
630532,44654385.0,11931269.0,11931269.0,
630533,67601198.0,32314561.0,32314561.0,
630539,386241.0,39753.0,39753.0,
630590,55152.0,4968.0,4968.0,
630612,376034.0,159416.0,159416.0,
630619,247371.0,89262.0,89262.0,
630622,201837.0,20073.0,20073.0,
630629,77093.0,13746.0,13746.0,
630630,6862.0,1165.0,1165.0,
630640,63686.0,17917.0,17917.0,
630690,2142355.0,343413.0,343413.0,
630710,10796329.0,1318576.0,1318576.0,
630720,45609.0,5892.0,5892.0,
630790,29554357.0,5292662.0,5292662.0,
630800,72267.0,15790.0,15790.0,
631010,122500336.0,6733062.0,6733062.0,
631090,7968794.0,25005554.0,25005554.0,
640110,253374.0,51692.0,14292.0,
640192,6958103.0,610943.0,668623.0,
640199,1079252.0,212821.0,,
640212,4265672.0,228058.0,54933.0,
640219,424121000.0,26864712.0,19766487.0,
640220,6586811.0,457100.0,1821772.0,
640291,4162282.0,293206.0,219609.0,
640299,101310197.0,7978576.0,9333158.0,
640312,223899.0,13571.0,3957.0,
640319,1334074273.0,67478421.0,48488995.0,
640320,683985.0,39921.0,32879.0,
640340,82759131.0,6933694.0,3458063.0,
640351,247015.0,6072.0,4620.0,
640359,85571661.0,2610253.0,1311146.0,
640391,102824030.0,4962244.0,2381973.0,
640399,589546301.0,33067679.0,19093408.0,
640411,263082734.0,16746546.0,10567907.0,
640419,405548422.0,24004088.0,30039847.0,
640420,2650289.0,137763.0,85949.0,
640510,5455210.0,210214.0,190190.0,
640520,11632039.0,1349849.0,1186633.0,
640590,14117191.0,1529522.0,894075.0,
640610,60609954.0,2099849.0,2099849.0,
640620,9018995.0,667072.0,667072.0,
640690,7810396.0,581658.0,581658.0,
650100,52838.0,10926.0,10926.0,
650200,64700.0,5409.0,5409.0,
650400,1646434.0,77300.0,77300.0,
650500,14439212.0,1022818.0,1022818.0,
650610,7275735.0,552679.0,198618.0,
650691,19006.0,4888.0,4888.0,
650699,1999821.0,118127.0,118127.0,
650700,2473157.0,77028.0,77028.0,
660110,1174579.0,170054.0,,
660199,963800.0,39757.0,,
660200,27166.0,14239.0,8912.0,
660320,9686.0,1344.0,1344.0,
660390,82275.0,6475.0,6475.0,
670100,71792.0,15570.0,15570.0,
670210,42215.0,16898.0,16898.0,
670290,1668344.0,109603.0,109603.0,
670300,5929769.0,130355.0,130355.0,
670411,91553911.0,3084666.0,3084666.0,
670419,81658195.0,5935048.0,5935048.0,
670420,49246948.0,529811.0,529811.0,
670490,48321218.0,1208860.0,1208860.0,
680100,4828757.0,6570160.0,6570160.0,
680210,5839205.0,10338837.0,10338837.0,
680221,13006828.0,22674295.0,22674295.0,
680223,1059660.0,1801000.0,1801000.0,
680229,15957791.0,51580446.0,51580446.0,
680291,9312310.0,8830597.0,8830597.0,
680292,1451.0,894.0,894.0,
680293,199586.0,576692.0,576692.0,
680299,12356032.0,25407871.0,25407871.0,
680300,414.0,248.0,248.0,
680410,10556944.0,4913462.0,4913462.0,
680421,8483205.0,93246.0,93246.0,
680422,696239.0,38022.0,38022.0,
680423,473001.0,2915213.0,2915213.0,
680430,31722.0,23165.0,23165.0,
680510,1075240.0,131123.0,131123.0,
680520,154783.0,25196.0,25196.0,
680530,379127.0,956586.0,956586.0,
680610,4171497.0,1970569.0,1970569.0,
680620,1465290.0,3736217.0,3736217.0,
680690,610452.0,1549698.0,1549698.0,
680790,407557.0,690533.0,690533.0,
680800,2018867.0,1539957.0,1539957.0,
680911,7269093.0,38970618.0,38970618.0,
680919,1822845.0,936707.0,936707.0,
680990,113500.0,113271.0,113271.0,
681011,2030008.0,19520824.0,19520824.0,
681019,6262520.0,14875209.0,14875209.0,
681091,15555614.0,114866743.0,114866743.0,
681099,3997068.0,2291822.0,2291822.0,
681140,546339.0,2349852.0,2349852.0,
681181,16668.0,66640.0,66640.0,
681182,1210262.0,4308750.0,4308750.0,
681189,578427.0,2133166.0,2133166.0,
681280,18793.0,9241.0,9241.0,
681291,145197.0,14525.0,14525.0,
681293,138467.0,16985.0,16985.0,
681299,79168.0,12181.0,12181.0,
681320,500925.0,27551.0,27551.0,
681381,2589781.0,532318.0,532318.0,
681389,8048739.0,525618.0,525618.0,
681410,27208.0,3374.0,3374.0,
681490,20887.0,9294.0,9294.0,
681510,3194768.0,5745337.0,5745337.0,
681520,337148.0,339707.0,339707.0,
681591,203351.0,931000.0,931000.0,
681599,1791417.0,2077829.0,2077829.0,
690100,741393.0,1635334.0,1635334.0,
690210,3064.0,4287.0,4287.0,
690220,352817.0,463318.0,463318.0,
690290,129516.0,455713.0,455713.0,
690310,1076.0,329.0,329.0,
690320,3006909.0,3745659.0,3745659.0,
690390,639375.0,87611.0,87611.0,
690410,1048.0,1805.0,,
690490,332982.0,1115708.0,1115708.0,
690510,1217707.0,5253714.0,5253714.0,
690590,57290.0,139147.0,139147.0,
690600,12674.0,2748.0,2748.0,
690710,414573.0,956945.0,43528.0,
690790,18059858.0,43142070.0,1496603.0,
690810,20088287.0,69878833.0,1986826.0,
690890,44183827.0,151245224.0,5837369.0,
690911,4550377.0,1913223.0,1913223.0,
690912,11117.0,41063.0,41063.0,
690919,94215384.0,9466992.0,9466992.0,
690990,1898815.0,1477042.0,1477042.0,
691010,18227631.0,7825492.0,724709.0,
691090,3021497.0,1428661.0,124634.0,
691110,82384468.0,13565306.0,13565306.0,
691190,1390990.0,375486.0,375486.0,
691200,33261129.0,16635667.0,16635667.0,
691310,4242823.0,1200020.0,1200020.0,
691390,5205795.0,2956420.0,2956420.0,
691410,300901.0,156215.0,156215.0,
691490,6361200.0,5850968.0,5850968.0,
700100,215.0,432.0,432.0,
700210,59.0,253.0,253.0,
700231,1850122.0,694635.0,694635.0,
700232,4293.0,195.0,195.0,
700239,3642.0,780.0,780.0,
700312,122399.0,34604.0,,
700319,491894.0,1282399.0,,
700320,188.0,64.0,22.0,
700420,105089.0,15596.0,4211.0,
700490,74439.0,40162.0,,
700510,61438127.0,171531441.0,6761288.0,
700521,76470983.0,189292595.0,12118337.0,
700529,19942851.0,70276968.0,4670242.0,
700530,1469763.0,328657.0,43812.0,
700600,741205.0,508700.0,508700.0,
700711,4124000.0,1918724.0,1918724.0,
700719,1715322.0,1762131.0,,
700721,6454817.0,2471494.0,2471494.0,
700729,8903277.0,9665657.0,,
700800,494713.0,186323.0,186323.0,
700910,10183323.0,1152796.0,1152796.0,
700991,7130063.0,9357719.0,9357719.0,
700992,11427309.0,2893981.0,2893981.0,
701010,4862320.0,574010.0,574010.0,
701020,319447.0,192998.0,192998.0,
701090,49912137.0,84413805.0,84413805.0,
701110,17079318.0,19745929.0,19745929.0,
701120,74268.0,27846.0,27846.0,
701190,46789.0,12200.0,12200.0,
701310,8590755.0,10035773.0,10035773.0,
701322,8280.0,17784.0,17784.0,
701328,5729691.0,7498027.0,7498027.0,
701333,2775.0,172.0,172.0,
701337,9235646.0,14268319.0,14268319.0,
701342,22331841.0,32380270.0,32380270.0,
701349,35473152.0,50869868.0,50869868.0,
701391,4137.0,2549.0,2549.0,
701399,20132988.0,15728030.0,15728030.0,
701400,9174.0,4721.0,4721.0,
701510,129182.0,9102.0,9102.0,
701590,276.0,99.0,99.0,
701610,4182.0,4459.0,4459.0,
701690,8589194.0,20141126.0,20141126.0,
701710,68603.0,2782.0,2782.0,
701720,1313049.0,109783.0,109783.0,
701790,1044139.0,64538.0,64538.0,
701810,1877115.0,227622.0,227622.0,
701820,578.0,756.0,756.0,
701890,3730253.0,148149.0,148149.0,
701911,5492.0,1685.0,1685.0,
701912,534.0,198.0,198.0,
701919,444417.0,94519.0,94519.0,
701931,13416.0,7898.0,7898.0,
701932,36.0,8.0,8.0,
701939,7865850.0,808850.0,808850.0,
701940,7227.0,4306.0,4306.0,
701951,95705.0,10205.0,10205.0,
701952,1084377.0,289102.0,289102.0,
701959,10541.0,1581.0,1581.0,
701990,599223.0,281852.0,281852.0,
702000,1696018.0,521626.0,521626.0,
710110,15074766.0,2970.0,2970.0,
710121,9363781.0,878.0,878.0,
710122,4993078.0,830.0,830.0,
710510,2545.0,164.0,,
710590,540597.0,3950045.0,3950045.0,
710610,83355032.0,82260.0,82260.0,
710691,157427.0,143.0,143.0,
710692,956.0,2.0,2.0,
710811,75487345.0,1346.0,1346.0,
710812,1877300557.0,39173.0,39173.0,
710813,53725255.0,1018.0,1018.0,
710900,16143.0,13.0,13.0,
711011,5852.0,286.0,286.0,
711049,10.0,5.0,5.0,
711100,11945.0,177.0,177.0,
711230,141.0,4.0,4.0,
711292,183255.0,4498.0,4498.0,
711299,594508284.0,900316.0,900316.0,
711311,73158865.0,90637.0,90637.0,
711319,74594496.0,3569.0,3569.0,
711320,9745750.0,766.0,766.0,
711411,1753484.0,21371.0,21371.0,
711419,1088808.0,22808.0,22808.0,
711420,7852.0,350.0,350.0,
711510,359867.0,3469.0,3469.0,
711590,588494.0,358.0,358.0,
711610,195169.0,101.0,101.0,
711620,4026.0,5.0,5.0,
711711,1989225.0,47226.0,47226.0,
711719,8789618.0,319697.0,319697.0,
711790,1422802.0,128059.0,128059.0,
711810,82003.0,3606.0,3606.0,
720150,5037643.0,2232067.0,2232067.0,
720211,44800.0,40000.0,40000.0,
720221,1814527.0,1373535.0,1373535.0,
720229,16745.0,3609.0,3609.0,
720230,25021794.0,21936689.0,21936689.0,
720249,21.0,10.0,10.0,
720260,336764138.0,77121342.0,77121342.0,
720280,5506885.0,1208681.0,1208681.0,
720299,180.0,61.0,61.0,
720310,5103348.0,41789261.0,41789261.0,
720390,464042.0,1659848.0,1659848.0,
720410,286699.0,585261.0,585261.0,
720421,63929588.0,37053682.0,37053682.0,
720429,292096.0,501080.0,501080.0,
720449,1061381.0,2809695.0,2809695.0,
720510,566.0,355.0,355.0,
720529,15105.0,13675.0,13675.0,
720690,122295.0,49359.0,49359.0,
720711,28.0,80.0,80.0,
720712,278198.0,58761.0,58761.0,
720719,6175019.0,1208117.0,1208117.0,
720720,522251.0,1057459.0,1057459.0,
720810,1494294.0,5451.0,5451.0,
720825,71763.0,105553.0,105553.0,
720826,494745.0,774910.0,774910.0,
720827,1044304.0,934130.0,934130.0,
720836,3643971.0,5049322.0,5049322.0,
720837,922111.0,1502262.0,1502262.0,
720838,1333669.0,2021100.0,2021100.0,
720839,3148431.0,5060350.0,5060350.0,
720840,152843.0,192140.0,192140.0,
720851,82612302.0,113722028.0,113722028.0,
720852,23807399.0,32788998.0,32788998.0,
720853,637324.0,825733.0,825733.0,
720854,231933.0,274101.0,274101.0,
720890,864134.0,550544.0,550544.0,
720915,14920.0,13170.0,13170.0,
720916,24601.0,15803.0,15803.0,
720917,388816.0,218558.0,218558.0,
720918,1178456.0,1433315.0,1433315.0,
720925,259.0,364.0,364.0,
720926,1488.0,1230.0,1230.0,
720927,164087.0,108369.0,108369.0,
720928,4032.0,7935.0,7935.0,
721011,922363.0,793191.0,793191.0,
721012,3813.0,5156.0,5156.0,
721020,98718.0,6885.0,6885.0,
721030,1753456.0,1182470.0,1182470.0,
721041,750810.0,685008.0,685008.0,
721049,3129174.0,2983595.0,2983595.0,
721050,9950214.0,7494524.0,7494524.0,
721061,1647987.0,2402223.0,2402223.0,
721069,3628.0,1509.0,1509.0,
721070,2469736.0,3009636.0,3009636.0,
721090,546320.0,235225.0,235225.0,
721113,398610.0,186190.0,186190.0,
721114,2627.0,2.0,2.0,
721119,2179.0,296.0,296.0,
721123,226.0,181.0,181.0,
721129,32607.0,18115.0,18115.0,
721190,319905.0,272204.0,272204.0,
721210,200.0,1.0,1.0,
721220,13619.0,18932.0,18932.0,
721230,771420.0,730861.0,730861.0,
721240,23526.0,12966.0,12966.0,
721250,29583.0,1805.0,1805.0,
721310,3959.0,4002.0,4002.0,
721320,177683.0,158680.0,158680.0,
721391,36921116.0,50456912.0,50456912.0,
721399,43312.0,36789.0,36789.0,
721410,8485917.0,1851760.0,1851760.0,
721420,3945504.0,5239686.0,5239686.0,
721430,11277.0,889.0,889.0,
721491,809282.0,1483928.0,1483928.0,
721499,3730585.0,6039399.0,6039399.0,
721510,125822.0,413.0,413.0,
721550,138363.0,269586.0,269586.0,
721590,66007.0,31243.0,31243.0,
721610,69844.0,327789.0,327789.0,
721621,162220.0,262806.0,262806.0,
721622,14254.0,11856.0,11856.0,
721631,242136.0,113666.0,113666.0,
721632,5367256.0,6103608.0,6103608.0,
721633,1528274.0,1844285.0,1844285.0,
721640,452898.0,605538.0,605538.0,
721650,538635.0,173597.0,173597.0,
721669,2514.0,482.0,482.0,
721691,34608.0,9478.0,9478.0,
721699,94613.0,81720.0,81720.0,
721710,1251593.0,693434.0,693434.0,
721720,25175514.0,22758008.0,22758008.0,
721730,14802993.0,2709646.0,2709646.0,
721790,4163.0,4289.0,4289.0,
721810,1157020.0,966509.0,966509.0,
721891,7224.0,11338.0,11338.0,
721899,738788.0,416806.0,416806.0,
721911,111878.0,14672.0,14672.0,
721914,15417.0,3053.0,3053.0,
721921,88313.0,33868.0,33868.0,
721922,40252.0,23033.0,23033.0,
721923,44639.0,27774.0,27774.0,
721932,211134.0,95032.0,95032.0,
721933,55935210.0,26306728.0,26306728.0,
721934,70257455.0,33090318.0,33090318.0,
721935,12399200.0,6133667.0,6133667.0,
721990,12319.0,10884.0,10884.0,
722011,11455.0,1438.0,1438.0,
722012,23395.0,3229.0,3229.0,
722020,1.0,2.0,2.0,
722090,18626108.0,1696378.0,1696378.0,
722211,345.0,71.0,71.0,
722219,96158.0,75000.0,75000.0,
722220,748809.0,14333.0,14333.0,
722230,3708.0,1709.0,1709.0,
722240,36675.0,17326.0,17326.0,
722300,1648468.0,1117823.0,1117823.0,
722490,29472.0,6312.0,6312.0,
722511,321697.0,123585.0,123585.0,
722519,1313.0,660.0,660.0,
722530,13175.0,8001.0,8001.0,
722540,3050198.0,1571325.0,1571325.0,
722550,1773.0,733.0,733.0,
722599,2200.0,360.0,360.0,
722611,277087.0,107192.0,107192.0,
722619,7425.0,8543.0,8543.0,
722620,59.0,8.0,8.0,
722691,357483.0,2952.0,2952.0,
722699,52825.0,20158.0,20158.0,
722720,267000.0,270000.0,270000.0,
722790,6316.0,2193.0,2193.0,
722810,109789.0,28933.0,28933.0,
722830,4244526.0,2345761.0,2345761.0,
722840,90973.0,27990.0,27990.0,
722850,48743.0,1950.0,1950.0,
722860,122894.0,11036.0,11036.0,
722870,1919186.0,2090840.0,2090840.0,
722880,73385.0,32629.0,32629.0,
722920,25545.0,1305.0,1305.0,
722990,126273.0,61075.0,61075.0,
730110,23047451.0,7744677.0,7744677.0,
730120,57897.0,9900.0,9900.0,
730210,155266.0,162083.0,162083.0,
730230,2720.0,35.0,35.0,
730240,81185.0,144462.0,144462.0,
730290,1059487.0,318334.0,318334.0,
730300,23188562.0,4987061.0,4987061.0,
730411,2262765.0,2087275.0,2087275.0,
730419,250733004.0,198400603.0,198400603.0,
730422,11339622.0,2656231.0,2656231.0,
730423,6281205.0,2281690.0,2281690.0,
730424,3755739.0,1526966.0,1526966.0,
730429,303321201.0,155911416.0,155911416.0,
730431,379789.0,114678.0,114678.0,
730439,977738.0,130029.0,130029.0,
730441,12055248.0,3095556.0,3095556.0,
730449,185009.0,12961.0,12961.0,
730451,12712.0,5987.0,5987.0,
730459,86104.0,10131.0,10131.0,
730490,702655.0,96642.0,96642.0,
730511,109655372.0,95003098.0,95003098.0,
730512,815984.0,905622.0,905622.0,
730519,18956007.0,17886794.0,17886794.0,
730520,8239037.0,2980688.0,2980688.0,
730531,5688358.0,2681767.0,2681767.0,
730539,113728.0,46900.0,46900.0,
730590,1355866.0,293967.0,293967.0,
730611,11006030.0,4957582.0,4957582.0,
730619,15380441.0,8536846.0,8536846.0,
730621,97751.0,47251.0,47251.0,
730629,3033861.0,218038.0,218038.0,
730630,7349090.0,6285096.0,6285096.0,
730640,4670600.0,690802.0,690802.0,
730650,299561.0,39504.0,39504.0,
730661,130.0,170.0,170.0,
730690,379389.0,157622.0,157622.0,
730711,3361316.0,268702.0,268702.0,
730719,12826826.0,3173487.0,3173487.0,
730721,4792143.0,1092318.0,1092318.0,
730722,1492770.0,271574.0,271574.0,
730723,336569.0,66898.0,66898.0,
730729,10273442.0,2270281.0,2270281.0,
730791,10068503.0,2545740.0,2545740.0,
730792,3398406.0,1344020.0,1344020.0,
730793,203899.0,31410.0,31410.0,
730799,49292191.0,12004070.0,12004070.0,
730810,33565208.0,13433386.0,13433386.0,
730820,204022013.0,60736308.0,60736308.0,
730830,1729843.0,542734.0,542734.0,
730840,27847743.0,4877139.0,4877139.0,
730890,160235560.0,60199528.0,60199528.0,
730900,29060411.0,11205114.0,11205114.0,
731010,26121908.0,15723652.0,15723652.0,
731021,14062889.0,5742009.0,5742009.0,
731029,11898826.0,5495790.0,5495790.0,
731100,20629754.0,31093706.0,31093706.0,
731210,46706322.0,19848277.0,19848277.0,
731290,60196526.0,9406307.0,9406307.0,
731300,2897404.0,440373.0,440373.0,
731412,209.0,34.0,34.0,
731414,944305.0,323741.0,323741.0,
731419,201014.0,19876.0,19876.0,
731420,178409.0,172525.0,172525.0,
731439,196617.0,186479.0,186479.0,
731441,3169041.0,2233414.0,2233414.0,
731442,3025703.0,1879539.0,1879539.0,
731449,1792.0,711.0,711.0,
731450,243753.0,132720.0,132720.0,
731511,584887.0,179140.0,179140.0,
731512,155122.0,67177.0,67177.0,
731519,20574.0,12895.0,12895.0,
731520,371334.0,80424.0,80424.0,
731581,75330.0,5690.0,5690.0,
731582,425741.0,134613.0,134613.0,
731589,116105.0,26867.0,26867.0,
731590,22206369.0,7070617.0,7070617.0,
731600,8349664.0,1362570.0,1362570.0,
731700,711573.0,630636.0,630636.0,
731811,11813.0,310.0,310.0,
731812,451747.0,182825.0,182825.0,
731813,183467.0,58656.0,58656.0,
731814,930884.0,423992.0,423992.0,
731815,64636600.0,15937632.0,15937632.0,
731816,18152841.0,2092863.0,2092863.0,
731819,1010027.0,306143.0,306143.0,
731821,851292.0,62359.0,62359.0,
731822,2868796.0,478065.0,478065.0,
731823,194166.0,17059.0,17059.0,
731824,1045495.0,135002.0,135002.0,
731829,1545540.0,311494.0,311494.0,
731940,556529.0,26852.0,26852.0,
731990,481318.0,103986.0,103986.0,
732010,56373576.0,27553991.0,27553991.0,
732020,6235378.0,1282210.0,1282210.0,
732090,3213558.0,1291520.0,1291520.0,
732111,6811426.0,1323337.0,40450.0,
732112,5443081.0,1955057.0,,
732119,130591.0,48439.0,,
732181,179528.0,22884.0,,
732182,154247.0,63017.0,,
732189,5022.0,6016.0,11.0,
732190,3365281.0,1180723.0,1180723.0,
732211,15890.0,11223.0,11223.0,
732219,291234.0,36610.0,36610.0,
732290,130516.0,10067.0,10067.0,
732310,1121899.0,272575.0,272575.0,
732391,2202038.0,553212.0,553212.0,
732392,6417289.0,1315483.0,1315483.0,
732393,33540718.0,4347231.0,4347231.0,
732394,8257438.0,1809948.0,1809948.0,
732399,19602842.0,6201871.0,6201871.0,
732410,371800.0,52835.0,52835.0,
732421,3499.0,3851.0,3851.0,
732429,1732.0,1684.0,1684.0,
732490,114684.0,51879.0,51879.0,
732510,850944.0,261729.0,261729.0,
732591,70482.0,2039.0,2039.0,
732599,15698860.0,6244637.0,6244637.0,
732611,93579.0,2739.0,2739.0,
732619,15225027.0,7704602.0,7704602.0,
732620,23939669.0,17520460.0,17520460.0,
732690,136937942.0,53671436.0,53671436.0,
740100,4960.0,304.0,304.0,
740200,1086.0,326.0,326.0,
740311,544774740.0,68938055.0,68938055.0,
740312,62122.0,5624.0,5624.0,
740319,356271435.0,303448.0,303448.0,
740321,889966.0,94289.0,94289.0,
740322,141812.0,43294.0,43294.0,
740329,60911.0,7031.0,7031.0,
740400,247984273.0,40900444.0,40900444.0,
740500,6058.0,700.0,700.0,
740610,606.0,4.0,4.0,
740620,7686.0,23004.0,23004.0,
740710,88024460.0,10845271.0,10845271.0,
740721,1701463.0,425136.0,425136.0,
740729,5559909.0,1660135.0,1660135.0,
740811,579242441.0,70595012.0,70595012.0,
740819,332630761.0,40245115.0,40245115.0,
740821,28446.0,3327.0,3327.0,
740822,135.0,1.0,1.0,
740829,1480287.0,206695.0,206695.0,
740911,1797869.0,120410.0,120410.0,
740919,12318522.0,15975.0,15975.0,
740921,4738462.0,825456.0,825456.0,
740929,1002530.0,185370.0,185370.0,
740931,313226.0,34406.0,34406.0,
740939,2557571.0,925960.0,925960.0,
740940,3659956.0,3581.0,3581.0,
740990,75547.0,1152.0,1152.0,
741011,223776.0,56452.0,56452.0,
741012,3.0,1.0,1.0,
741021,34691129.0,159585.0,159585.0,
741110,498758.0,37620.0,37620.0,
741121,439863.0,29330.0,29330.0,
741129,11980.0,3167.0,3167.0,
741210,6.0,5.0,5.0,
741220,3703066.0,281290.0,281290.0,
741300,985252.0,197022.0,197022.0,
741510,124552.0,94725.0,94725.0,
741521,3633.0,2728.0,2728.0,
741529,2960.0,126.0,126.0,
741533,593862.0,99945.0,99945.0,
741539,72987.0,14591.0,14591.0,
741810,1341817.0,103834.0,103834.0,
741820,218334.0,16723.0,16723.0,
741910,106186.0,111219.0,111219.0,
741991,3339289.0,392470.0,392470.0,
741999,610421.0,65624.0,65624.0,
750110,981838952.0,91024307.0,91024307.0,
750300,3842215.0,522859.0,522859.0,
750400,300.0,20.0,20.0,
750522,5147.0,427.0,427.0,
750620,156.0,6.0,6.0,
750712,139110.0,6365.0,6365.0,
750720,118718.0,6107.0,6107.0,
750810,7633.0,680.0,680.0,
750890,7365734.0,221800.0,221800.0,
760110,294132928.0,148624100.0,148624100.0,
760120,11807840.0,5211176.0,5211176.0,
760200,13952733.0,11335126.0,11335126.0,
760310,114526.0,1958497.0,1958497.0,
760320,2185.0,211.0,211.0,
760410,2087369.0,402054.0,402054.0,
760421,4544214.0,1141240.0,1141240.0,
760429,39720254.0,11337824.0,11337824.0,
760511,13695510.0,5839886.0,5839886.0,
760519,4118460.0,1454347.0,1454347.0,
760521,2882220.0,1066712.0,1066712.0,
760529,1851740.0,617720.0,617720.0,
760611,224763012.0,81521720.0,81521720.0,
760612,15159508.0,5381470.0,5381470.0,
760691,6000.0,373.0,373.0,
760692,487523.0,142369.0,142369.0,
760711,6959321.0,1999727.0,1999727.0,
760719,2175990.0,557720.0,557720.0,
760720,4657303.0,937848.0,937848.0,
760810,70855.0,27165.0,27165.0,
760820,35528820.0,6447948.0,6447948.0,
760900,626751.0,233107.0,233107.0,
761010,20955304.0,3621415.0,3621415.0,
761090,3824938.0,1168637.0,1168637.0,
761100,892423.0,203992.0,203992.0,
761210,2956815.0,645271.0,645271.0,
761290,29890013.0,7728438.0,7728438.0,
761300,3410611.0,517549.0,517549.0,
761410,9346334.0,935492.0,935492.0,
761490,5526826.0,1255785.0,1255785.0,
761510,16492930.0,2351931.0,2351931.0,
761520,981913.0,198221.0,198221.0,
761610,1082159.0,78428.0,78428.0,
761691,253312.0,52724.0,52724.0,
761699,8722332.0,1472601.0,1472601.0,
780110,2388205.0,1108232.0,1108232.0,
780191,2375485.0,1097400.0,1097400.0,
780199,2120352.0,514229.0,514229.0,
780200,4372.0,45400.0,45400.0,
780419,550053.0,5570.0,5570.0,
780600,500926.0,545042.0,545042.0,
790111,1417.0,7500.0,7500.0,
790112,35826.0,52460.0,52460.0,
790120,97156.0,110671.0,110671.0,
790200,597047.0,662891.0,662891.0,
790310,260111.0,685982.0,685982.0,
790390,2447420.0,3188360.0,3188360.0,
790400,1224580.0,1222100.0,1222100.0,
790500,232232.0,270117.0,270117.0,
790700,835641.0,494620.0,494620.0,
800110,2051299854.0,101236490.0,101236490.0,
800120,17457.0,466.0,466.0,
800200,1643686.0,204301.0,204301.0,
800300,15737179.0,3110672.0,3110672.0,
800700,63507413.0,16307024.0,16307024.0,
810110,529.0,335.0,335.0,
810194,570476.0,27077.0,27077.0,
810196,82282.0,1476.0,1476.0,
810197,726587.0,34338.0,34338.0,
810199,857.0,256.0,256.0,
810296,113218.0,13812.0,13812.0,
810320,1647840.0,1931.0,1931.0,
810330,11581216.0,197955.0,197955.0,
810411,754.0,200.0,200.0,
810420,6289.0,4000.0,4000.0,
810430,8240.0,2000.0,2000.0,
810520,10960.0,685.0,685.0,
810530,12610.0,1300.0,1300.0,
810590,300.0,300.0,300.0,
810830,556172.0,93522.0,93522.0,
810890,1043962.0,13796.0,13796.0,
811010,416.0,250.0,250.0,
811219,4025.0,25.0,25.0,
811300,36319.0,1196.0,1196.0,
820110,16451.0,5799.0,5799.0,
820130,145862.0,40706.0,40706.0,
820140,35841.0,16188.0,16188.0,
820150,1331.0,3754.0,3754.0,
820160,368.0,92.0,92.0,
820190,242767.0,9937.0,9937.0,
820210,16428.0,15242.0,15242.0,
820220,874589.0,10542.0,10542.0,
820231,580.0,122.0,122.0,
820239,2208121.0,36215.0,36215.0,
820240,102567.0,15545.0,15545.0,
820291,22024.0,1152.0,1152.0,
820299,985091.0,5611.0,5611.0,
820310,3668067.0,608955.0,608955.0,
820320,124280.0,36202.0,36202.0,
820330,365177.0,69628.0,69628.0,
820340,138984.0,8406.0,8406.0,
820411,171133.0,34440.0,34440.0,
820412,156057.0,14479.0,14479.0,
820420,174669.0,47520.0,47520.0,
820510,1747271.0,2182230.0,2182230.0,
820520,267755.0,55285.0,55285.0,
820530,46055.0,25572.0,25572.0,
820540,77652.0,5915.0,5915.0,
820551,3052485.0,193349.0,193349.0,
820559,2057961.0,61550.0,61550.0,
820560,844.0,308.0,308.0,
820570,7149315.0,629293.0,629293.0,
820590,327238.0,25436.0,25436.0,
820600,1188621.0,27401.0,27401.0,
820713,575009.0,10489.0,10489.0,
820719,16931081.0,269905.0,269905.0,
820720,311036.0,36114.0,36114.0,
820730,5334457.0,130802.0,130802.0,
820740,5898.0,587.0,587.0,
820750,4815185.0,102826.0,102826.0,
820760,437728.0,61787.0,61787.0,
820770,24375.0,1203.0,1203.0,
820780,2512.0,798.0,798.0,
820790,2868602.0,101855.0,101855.0,
820810,56292.0,1009.0,1009.0,
820820,14273965.0,461634.0,461634.0,
820830,98400.0,6914.0,6914.0,
820840,23662.0,8368.0,8368.0,
820890,1765002.0,56160.0,56160.0,
820900,434187.0,25039.0,25039.0,
821000,21245.0,5192.0,5192.0,
821110,38287.0,190.0,6590.0,
821191,624264.0,44065.0,1184615.0,
821192,12805.0,2030.0,4567.0,
821193,4474.0,262.0,462.0,
821194,10168.0,1542.0,1542.0,
821195,9998.0,985.0,985.0,
821210,67348.0,3410.0,,
821220,156121.0,11661.0,,
821290,544.0,70.0,70.0,
821300,50255.0,8664.0,8664.0,
821410,5687.0,1264.0,1264.0,
821420,79363.0,7417.0,7417.0,
821490,237319.0,40477.0,40477.0,
821510,826.0,1585.0,1585.0,
821520,3200018.0,315201.0,315201.0,
821599,26837777.0,2560028.0,2560028.0,
830110,123557.0,55400.0,55400.0,
830120,45823342.0,3449782.0,3449782.0,
830130,63595.0,6549.0,6549.0,
830140,163542.0,50498.0,50498.0,
830150,221770.0,22066.0,22066.0,
830160,11577492.0,1144122.0,1144122.0,
830170,585758.0,262482.0,262482.0,
830210,2456319.0,339077.0,339077.0,
830220,895068.0,87837.0,87837.0,
830230,9424966.0,1533566.0,1533566.0,
830241,16950666.0,4546569.0,4546569.0,
830242,15814977.0,2436447.0,2436447.0,
830249,1996765.0,1597034.0,1597034.0,
830250,614128.0,75210.0,75210.0,
830260,339176.0,136810.0,136810.0,
830300,12907092.0,6783495.0,6783495.0,
830400,1023357.0,438296.0,438296.0,
830510,41662.0,34479.0,34479.0,
830520,211973.0,69684.0,69684.0,
830590,46849.0,19446.0,19446.0,
830610,953370.0,153726.0,153726.0,
830621,403186.0,82295.0,82295.0,
830629,6377444.0,1342174.0,1342174.0,
830630,2293403.0,574433.0,574433.0,
830710,215186.0,24559.0,24559.0,
830790,7525.0,623.0,623.0,
830810,1088882.0,158954.0,158954.0,
830820,414.0,22.0,22.0,
830890,934368.0,121017.0,121017.0,
830910,344987.0,156264.0,156264.0,
830990,33485363.0,7325145.0,7325145.0,
831000,418691.0,34795.0,34795.0,
831110,23689970.0,12905546.0,12905546.0,
831120,730067.0,542566.0,542566.0,
831130,715369.0,376484.0,376484.0,
831190,600495.0,159779.0,159779.0,
840110,2248.0,6310.0,6310.0,
840120,275831.0,88862.0,88862.0,
840140,3177.0,120.0,120.0,
840211,134422.0,1537.0,1537.0,
840212,1415386.0,217538.0,217538.0,
840219,313742.0,56454.0,56454.0,
840220,1289.0,309.0,309.0,
840290,61012820.0,13229764.0,13229764.0,
840310,2177747.0,373929.0,,
840390,11375747.0,3814952.0,3814952.0,
840410,5009860.0,864687.0,864687.0,
840420,14256579.0,2648336.0,2648336.0,
840490,15449332.0,1608716.0,1608716.0,
840510,3775800.0,214756.0,214756.0,
840590,196197.0,53623.0,53623.0,
840610,6164.0,1129.0,,
840681,50.0,580.0,,
840682,2077926.0,5681.0,,
840690,34486246.0,2507218.0,2507218.0,
840710,3580609.0,11238.0,,
840721,258518.0,28614.0,66.0,
840729,71503.0,6251.0,9.0,
840731,400.0,50.0,,
840732,403920.0,90597.0,,
840733,4868.0,15287.0,2.0,
840734,88266332.0,10302842.0,38171.0,
840790,60376.0,14587.0,,
840810,2797721.0,214777.0,,
840820,23922586.0,1820317.0,3379.0,
840890,63418083.0,4478625.0,,
840910,664600.0,44473.0,44473.0,
840991,223142642.0,15385742.0,15385742.0,
840999,111285576.0,21345911.0,21345911.0,
841011,27198.0,18210.0,1.0,
841090,277463.0,9702.0,9702.0,
841111,658022.0,10096.0,,
841112,5020000.0,31792.0,,
841121,1541316.0,1618.0,5.0,
841122,675206.0,1720.0,1.0,
841181,79614.0,8630.0,0.0,
841182,12556783.0,77073.0,,
841191,1270192.0,4339.0,4339.0,
841199,43524018.0,390600.0,390600.0,
841210,103646.0,4758.0,,
841221,11640592.0,1728635.0,,
841229,5559532.0,364652.0,,
841231,56507.0,7088.0,,
841239,230729.0,29843.0,,
841280,791136.0,33328.0,,
841290,9279463.0,579422.0,579422.0,
841311,173662.0,7397.0,54.0,
841319,5185941.0,419782.0,,
841320,1399766.0,340136.0,,
841330,58787080.0,980146.0,,
841350,2854960.0,128971.0,,
841360,347434.0,24172.0,,
841370,9700983.0,1407905.0,,
841381,12926230.0,2189551.0,,
841382,2625626.0,90878.0,,
841391,16971894.0,2004933.0,2004933.0,
841392,29866.0,2138.0,2138.0,
841410,529410.0,26431.0,,
841420,310948.0,35536.0,,
841430,12407572.0,1700113.0,,
841440,3634169.0,443706.0,303.0,
841451,36566064.0,2046729.0,1767286.0,
841459,2694605.0,160100.0,,
841460,1107111.0,231172.0,12538.0,
841480,202037611.0,19150839.0,,
841490,10340118.0,613571.0,613571.0,
841510,1366272.0,305750.0,4287.0,
841520,5314861.0,267352.0,,
841581,20479.0,2660.0,,
841582,11770.0,347.0,,
841583,391459.0,9947.0,,
841590,12280548.0,1159595.0,1159595.0,
841610,481407.0,59958.0,59958.0,
841620,18511.0,23005.0,23005.0,
841630,88.0,41.0,41.0,
841690,81595.0,45516.0,45516.0,
841710,34743.0,9846.0,1.0,
841720,707796.0,61398.0,,
841780,954573.0,132595.0,,
841790,493675.0,66554.0,66554.0,
841810,294104794.0,76136082.0,927125.0,
841821,38260828.0,9069787.0,161511.0,
841829,4760736.0,1484470.0,16359.0,
841830,2377980.0,693642.0,9859.0,
841840,1545939.0,427977.0,,
841850,51799811.0,9905466.0,36907.0,
841861,2057.0,713.0,,
841869,4701912.0,251475.0,251475.0,
841891,610703.0,54251.0,54251.0,
841899,57974337.0,5853816.0,5853816.0,
841911,195872.0,47108.0,,
841919,2261686.0,233225.0,4105.0,
841920,1446831.0,93323.0,,
841931,73340.0,7204.0,,
841932,58177.0,5000.0,2.0,
841939,5662516.0,675483.0,,
841940,1994869.0,329096.0,,
841950,13365503.0,2786579.0,,
841960,362919.0,62159.0,,
841981,289470.0,59709.0,119.0,
841989,934045.0,122606.0,,
841990,1920167.0,170682.0,170682.0,
842010,160141.0,21961.0,,
842091,155653.0,164191.0,164191.0,
842099,102435.0,10772.0,10772.0,
842111,11896.0,4842.0,,
842119,309802.0,137830.0,,
842121,1782776.0,353424.0,,
842122,6596.0,322.0,,
842123,89557686.0,19848133.0,15616186.0,
842129,9794829.0,458336.0,,
842131,38106582.0,5596753.0,,
842139,8941690.0,1520165.0,,
842191,180369.0,16088.0,16088.0,
842199,5670771.0,250897.0,250897.0,
842211,3278.0,50.0,13.0,
842219,117189.0,1798.0,35.0,
842220,17740.0,12224.0,1.0,
842230,1921961.0,111798.0,,
842240,6987874.0,1207323.0,,
842290,1602706.0,140836.0,140836.0,
842310,14417814.0,486289.0,,
842320,243680.0,2458.0,,
842330,326057.0,33452.0,14.0,
842381,5747.0,701.0,,
842382,450798.0,34950.0,,
842389,206072.0,32916.0,,
842390,2312751.0,14834.0,14834.0,
842410,233268.0,15876.0,,
842420,316981.0,45515.0,,
842430,921734.0,83518.0,,
842481,6115621.0,1135913.0,,
842489,1027189.0,99558.0,,
842490,1104381.0,131661.0,131661.0,
842511,2235910.0,157173.0,,
842519,4217651.0,237433.0,,
842531,83436.0,6000.0,,
842539,19256472.0,1421521.0,,
842541,1687.0,3724.0,1.0,
842542,925880.0,466261.0,,
842549,605855.0,690890.0,,
842611,4186159.0,616767.0,,
842612,8532230.0,1704577.0,,
842619,8992632.0,6221571.0,,
842620,15903670.0,2052338.0,189.0,
842641,3133097.0,549115.0,30.0,
842649,9764318.0,2679692.0,78.0,
842691,14444.0,3339.0,1.0,
842699,13549895.0,1516986.0,,
842710,137624.0,38387.0,9.0,
842720,374930.0,223980.0,11.0,
842790,7805643.0,2377032.0,,
842810,1372503.0,143120.0,64.0,
842820,1671463.0,326938.0,108.0,
842832,83993.0,29157.0,,
842833,1559465.0,24471.0,96.0,
842839,1302022.0,56295.0,90.0,
842840,18417.0,16550.0,1.0,
842860,118070.0,1838.0,,
842890,3748281.0,458692.0,,
842911,39806966.0,6346666.0,359.0,
842919,12271910.0,5294510.0,235.0,
842920,1253574.0,347895.0,12.0,
842930,5.0,5.0,0.0,
842940,24178500.0,5117152.0,608.0,
842951,725544.0,428999.0,16.0,
842952,114234807.0,28351371.0,2016.0,
842959,9802967.0,2439526.0,195.0,
843010,1085738.0,680124.0,18.0,
843031,326532.0,43835.0,,
843039,1461924.0,518684.0,,
843041,3176968.0,903791.0,,
843049,30597197.0,2247290.0,,
843050,744051.0,262907.0,17.0,
843061,106972.0,7914.0,,
843069,2073923.0,92052.0,,
843110,32759326.0,1228437.0,1228437.0,
843120,1274990.0,241655.0,241655.0,
843131,4132814.0,872419.0,872419.0,
843139,2034016.0,344971.0,344971.0,
843141,6106081.0,654775.0,654775.0,
843142,17347148.0,12941375.0,12941375.0,
843143,109320431.0,9260242.0,9260242.0,
843149,284988998.0,71116553.0,71116553.0,
843210,62342.0,6870.0,,
843221,9347.0,1402.0,1.0,
843229,15257.0,4133.0,,
843230,1505.0,222.0,0.0,
843280,85314.0,13589.0,,
843290,107098.0,14029.0,14029.0,
843311,3358.0,783.0,,
843319,44714.0,3552.0,,
843320,35017.0,10102.0,6.0,
843330,6259.0,1358.0,1.0,
843340,556920.0,77179.0,30.0,
843351,709.0,135.0,0.0,
843359,53.0,250.0,,
843360,4000.0,1500.0,0.0,
843390,593353.0,74682.0,74682.0,
843410,129.0,1200.0,,
843490,26216.0,360.0,360.0,
843510,22497.0,12772.0,2.0,
843590,166.0,331.0,331.0,
843610,40250.0,10617.0,2.0,
843621,1544.0,454.0,,
843629,51917.0,43853.0,,
843680,4403.0,1000.0,,
843691,58454.0,2353.0,2353.0,
843699,3378114.0,257157.0,257157.0,
843710,19566.0,6283.0,1.0,
843780,953322.0,148300.0,,
843790,916988.0,228592.0,228592.0,
843810,2112543.0,286273.0,,
843820,770069.0,178660.0,,
843830,16.0,45.0,,
843850,319508.0,7655.0,,
843860,300.0,123.0,,
843880,4333914.0,307852.0,,
843890,4960688.0,178180.0,178180.0,
843920,51521.0,10080.0,,
843991,177754.0,21055.0,21055.0,
843999,7181892.0,1218014.0,1218014.0,
844010,12100.0,188.0,,
844090,716439.0,42633.0,42633.0,
844110,352838.0,90532.0,,
844120,36015.0,1355.0,1.0,
844130,203668.0,18919.0,,
844140,304172.0,21791.0,10.0,
844180,285026.0,165970.0,11.0,
844190,990817.0,114805.0,114805.0,
844230,141934.0,17705.0,5.0,
844240,296308.0,7905.0,7905.0,
844250,1304373.0,96709.0,96709.0,
844311,408121.0,25290.0,,
844312,464.0,600.0,,
844313,430899.0,48765.0,,
844314,45700.0,24482.0,1.0,
844315,728.0,549.0,0.0,
844316,38900.0,5990.0,,
844317,27988.0,67476.0,,
844319,3608138.0,338658.0,,
844331,1427216523.0,71035910.0,,
844332,131116826.0,8277968.0,,
844339,9797454.0,333296.0,,
844391,98274198.0,2049815.0,2049815.0,
844399,155853980.0,4173021.0,4173021.0,
844400,69208.0,24785.0,,
844511,256425.0,51970.0,8.0,
844513,28000.0,14000.0,1.0,
844519,865575.0,400502.0,33.0,
844520,422257.0,148465.0,,
844530,11090372.0,1395552.0,314.0,
844540,1150871.0,165913.0,33.0,
844590,486173.0,119268.0,21.0,
844610,8033.0,804.0,0.0,
844629,529125.0,378387.0,,
844630,337525.0,131197.0,,
844711,220048.0,29660.0,14.0,
844720,500496.0,72293.0,20.0,
844790,676546.0,152398.0,,
844811,60463.0,4718.0,4718.0,
844819,147960.0,27203.0,27203.0,
844820,6390549.0,76203.0,76203.0,
844831,6797.0,10181.0,10181.0,
844832,35190.0,13024.0,13024.0,
844833,155633.0,59390.0,59390.0,
844839,406144.0,26156.0,26156.0,
844842,464140.0,10055.0,10055.0,
844849,3431131.0,51371.0,51371.0,
844851,16560.0,625.0,625.0,
844859,70449.0,6417.0,6417.0,
844900,53237.0,1424.0,1424.0,
845011,214128.0,59796.0,891.0,
845012,4765633.0,1059015.0,,
845019,7127.0,1042.0,,
845020,1568.0,833.0,0.0,
845090,176444.0,54431.0,54431.0,
845110,2254.0,2009.0,0.0,
845121,13372.0,4010.0,67.0,
845129,134551.0,15226.0,59.0,
845130,74035.0,18689.0,,
845140,893511.0,62390.0,,
845150,23284.0,29325.0,1.0,
845180,215000.0,23306.0,,
845190,99584.0,16597.0,16597.0,
845210,249475.0,63255.0,,
845221,325960.0,59265.0,,
845229,457878.0,81006.0,,
845230,1200247.0,28807.0,28807.0,
845290,421746.0,157231.0,157231.0,
845310,84159.0,32510.0,,
845320,298186.0,86479.0,,
845380,356736.0,23320.0,,
845390,202606.0,7593.0,7593.0,
845410,104979.0,8717.0,,
845420,761642.0,17367.0,,
845430,448887.0,141792.0,,
845490,118242.0,3810.0,3810.0,
845521,12.0,1.0,,
845530,53963.0,12056.0,3.0,
845590,185692.0,9815.0,9815.0,
845610,556070.0,14763.0,,
845620,17597.0,1431.0,1.0,
845630,13522.0,3790.0,0.0,
845690,257390.0,38162.0,,
845710,277303.0,54584.0,3.0,
845720,2390.0,850.0,,
845730,258518.0,30303.0,,
845811,287284.0,37115.0,3.0,
845819,83871.0,45550.0,4.0,
845891,63323.0,42730.0,,
845899,99651.0,79504.0,,
845910,199139.0,6154.0,,
845921,964.0,82.0,,
845929,357978.0,15118.0,,
845931,658897.0,33376.0,,
845939,324857.0,17958.0,,
845940,57779.0,2284.0,2.0,
845959,145901.0,17825.0,6.0,
845961,173759.0,63750.0,3.0,
845969,113274.0,7443.0,,
845970,48437.0,13932.0,,
846011,155.0,12.0,0.0,
846019,1779595.0,6431.0,87.0,
846021,123800.0,1947.0,0.0,
846029,569636.0,29935.0,,
846031,295925.0,24451.0,3.0,
846039,28684.0,17552.0,,
846040,13758.0,5199.0,,
846090,555680.0,8882.0,,
846120,23495.0,27711.0,,
846140,71717.0,56055.0,,
846150,419954.0,24783.0,,
846190,117932.0,26549.0,,
846210,4526048.0,2002344.0,,
846221,126805.0,34600.0,2.0,
846229,413030.0,74965.0,,
846239,90484.0,2016.0,,
846241,154300.0,15740.0,,
846249,279891.0,43119.0,18.0,
846291,322922.0,309357.0,,
846299,805313.0,234409.0,,
846310,6263.0,434.0,,
846320,967762.0,98323.0,37.0,
846330,415724.0,7106.0,,
846390,619473.0,91222.0,,
846410,7277.0,10081.0,,
846420,14883.0,2647.0,,
846490,79408.0,525220.0,,
846510,13055.0,260.0,,
846591,176070.0,31349.0,,
846592,2061350.0,146687.0,,
846593,81899.0,12886.0,,
846594,35019.0,10346.0,1.0,
846595,389011.0,37498.0,,
846596,3233.0,1880.0,,
846599,229354.0,134510.0,,
846610,681332.0,24711.0,24711.0,
846620,143192.0,6006.0,6006.0,
846630,144690.0,3263.0,3263.0,
846691,11051.0,3189.0,3189.0,
846692,252381.0,11261.0,11261.0,
846693,1578104.0,88894.0,88894.0,
846694,962266.0,232427.0,232427.0,
846711,25415.0,327.0,,
846719,1593032.0,32863.0,6696.0,
846721,41658.0,4839.0,432.0,
846722,13538.0,2428.0,152.0,
846729,36134.0,4906.0,415.0,
846781,214682.0,22322.0,832.0,
846789,507827.0,20841.0,,
846791,94511.0,118235.0,118235.0,
846792,4115.0,574.0,574.0,
846799,194483.0,24807.0,24807.0,
846810,17515.0,1382.0,,
846820,272692.0,22185.0,,
846880,12994.0,6505.0,,
846890,2803814.0,99640.0,99640.0,
846900,1458476.0,121632.0,,
847010,4164.0,211.0,,
847021,3200.0,46.0,,
847029,1908.0,861.0,,
847030,62282.0,4870.0,,
847050,27091853.0,1790225.0,107987.0,
847090,391000.0,12806.0,,
847130,5315188.0,253998.0,9959.0,
847141,2069425.0,139892.0,,
847149,2876216.0,20015.0,,
847150,6656240.0,656762.0,,
847160,115704340.0,3635405.0,,
847170,86621516.0,1505711.0,,
847180,640121.0,12198.0,,
847190,209278307.0,6436202.0,,
847210,47009.0,1615.0,31.0,
847230,12016.0,55.0,,
847290,161882.0,7736.0,,
847310,3383999.0,28172.0,28172.0,
847321,1750.0,17.0,17.0,
847329,3039890.0,105955.0,105955.0,
847330,197714814.0,5247548.0,5247548.0,
847340,6574618.0,29781.0,29781.0,
847350,22849500.0,670222.0,670222.0,
847410,221362.0,37071.0,7.0,
847420,1366436.0,267367.0,,
847431,889156.0,284681.0,,
847432,455943.0,38402.0,,
847439,966582.0,78248.0,43.0,
847480,855770.0,134650.0,36.0,
847490,93092580.0,31961225.0,31961225.0,
847510,406983.0,14748.0,,
847529,28045.0,27297.0,,
847590,307025.0,28226.0,28226.0,
847621,63295608.0,9777388.0,36159.0,
847629,1015555.0,120658.0,768.0,
847690,3658001.0,399939.0,399939.0,
847710,7668312.0,959479.0,123.0,
847720,1279356.0,184225.0,24.0,
847730,964998.0,119543.0,,
847740,28167.0,5617.0,,
847751,124.0,127.0,,
847759,154187.0,45381.0,,
847780,4191806.0,367554.0,140.0,
847790,3368366.0,334922.0,334922.0,
847810,5413767.0,725074.0,,
847890,932646.0,82061.0,82061.0,
847910,902650.0,252582.0,36.0,
847920,2274055.0,295956.0,,
847930,880139.0,65420.0,56.0,
847940,4573.0,22.0,,
847950,477733.0,61551.0,17.0,
847960,560135.0,84558.0,,
847971,5691.0,800.0,0.0,
847979,73585.0,1573.0,,
847981,1369546.0,114703.0,88.0,
847982,5223131.0,489720.0,,
847989,78558132.0,2967894.0,,
847990,29035562.0,915881.0,915881.0,
848010,1259214.0,130378.0,130378.0,
848020,3976168.0,277850.0,277850.0,
848030,3285673.0,157954.0,157954.0,
848041,141916.0,8660.0,8660.0,
848049,2755768.0,361935.0,361935.0,
848050,21745.0,1880.0,1880.0,
848060,8007739.0,511230.0,511230.0,
848071,6143920.0,571083.0,571083.0,
848079,2521013.0,231540.0,231540.0,
848110,9736797.0,977720.0,977720.0,
848120,2548461.0,107661.0,107661.0,
848130,22929345.0,2281101.0,2281101.0,
848140,3599403.0,186123.0,186123.0,
848180,44237733.0,2354800.0,2354800.0,
848190,2605872.0,203901.0,203901.0,
848210,140728783.0,6184372.0,,
848220,2235098.0,119610.0,,
848230,322355.0,24222.0,2531.0,
848240,120941.0,7563.0,,
848250,488992.0,27114.0,,
848280,1326836.0,85553.0,,
848291,8625048.0,1178251.0,1178251.0,
848299,1438890.0,99095.0,99095.0,
848310,52169460.0,5822363.0,,
848320,426764.0,28926.0,,
848330,9872058.0,523351.0,,
848340,76078419.0,6348448.0,,
848350,25327348.0,8473719.0,,
848360,16116512.0,801904.0,,
848390,11543053.0,1111127.0,1111127.0,
848410,11852705.0,271676.0,271676.0,
848420,12171620.0,547631.0,547631.0,
848490,5228633.0,581847.0,581847.0,
848610,1462025.0,93734.0,,
848620,1376288.0,154140.0,,
848630,106180.0,1932.0,,
848640,711971.0,22395.0,18.0,
848690,4230965.0,111724.0,111724.0,
848710,2049834.0,223618.0,223618.0,
848790,20701888.0,1259176.0,1259176.0,
850110,293202108.0,13959389.0,,
850120,156609.0,6053.0,,
850131,56176025.0,4344629.0,,
850132,421600.0,107595.0,,
850133,89519.0,11060.0,6.0,
850134,29605.0,8835.0,1.0,
850140,963886.0,79037.0,12129.0,
850151,126774.0,5099.0,,
850152,558708.0,43515.0,,
850153,841912.0,60778.0,,
850161,34726.0,13504.0,,
850162,164761.0,8535.0,,
850163,186995.0,28830.0,,
850164,89788.0,14225.0,,
850211,7928631.0,737795.0,,
850212,505430.0,131683.0,26.0,
850213,25074389.0,2878494.0,,
850220,1656463.0,127807.0,,
850239,723001.0,101689.0,,
850240,163488.0,3140.0,,
850300,17072389.0,1857374.0,1857374.0,
850410,27469066.0,1801112.0,2638774.0,
850421,2473350.0,275443.0,400.0,
850422,19095604.0,1758813.0,652.0,
850423,80839518.0,8225118.0,172.0,
850431,33451955.0,2314898.0,,
850432,528014.0,78912.0,,
850433,402008.0,25741.0,,
850434,6312154.0,738073.0,,
850440,331786307.0,10156112.0,,
850450,32668354.0,651804.0,,
850490,43779214.0,1628392.0,1628392.0,
850511,12712106.0,2202747.0,2202747.0,
850519,55138354.0,1055324.0,1055324.0,
850520,5209.0,2849.0,2849.0,
850590,4719187.0,268921.0,268921.0,
850610,172306393.0,57638648.0,,
850630,15060.0,1700.0,,
850650,108490172.0,2886648.0,,
850660,21314.0,23819.0,,
850680,51904767.0,2069245.0,,
850690,865193.0,57032.0,57032.0,
850710,144579965.0,48124954.0,3018607.0,
850720,93316065.0,43470066.0,998609.0,
850730,530980.0,5095.0,,
850740,50.0,81.0,,
850750,385053.0,9319.0,,
850760,102785826.0,881277.0,1814541.0,
850780,18744537.0,4398930.0,245595.0,
850790,52418536.0,3194624.0,3194624.0,
850811,2694.0,191.0,27.0,
850819,66857.0,15436.0,785.0,
850860,93642.0,11939.0,,
850870,19195.0,1145.0,1145.0,
850940,10293767.0,1647840.0,270220.0,
850980,374500.0,41045.0,8049.0,
850990,272640.0,58489.0,58489.0,
851010,624134.0,19919.0,17927.0,
851020,3402986.0,101482.0,162207.0,
851090,12525.0,1370.0,1370.0,
851110,14595616.0,965343.0,15445775.0,
851120,4012370.0,478353.0,573139.0,
851130,29119007.0,743304.0,2692130.0,
851140,3566998.0,460705.0,66625.0,
851150,7911889.0,708202.0,110508.0,
851180,36202.0,669.0,5216.0,
851190,28183859.0,3773495.0,3773495.0,
851210,7727.0,385.0,,
851220,9544853.0,516396.0,,
851230,25192912.0,2029260.0,,
851240,23113243.0,1812901.0,,
851290,53025435.0,4146715.0,4146715.0,
851310,6221316.0,433744.0,,
851390,371945.0,59681.0,59681.0,
851410,52843.0,4583.0,,
851420,49876.0,9233.0,,
851430,114691.0,17893.0,,
851440,8475.0,1617.0,,
851490,145762.0,25095.0,25095.0,
851511,38239.0,3575.0,,
851519,478460.0,23516.0,,
851521,227494.0,8274.0,,
851529,2678997.0,130865.0,,
851531,249375.0,5730.0,,
851539,539267.0,44850.0,,
851580,1192727.0,28055.0,,
851590,3721064.0,58572.0,58572.0,
851610,406751.0,128892.0,4961.0,
851621,656.0,770.0,,
851629,63721.0,5730.0,,
851631,42333.0,11291.0,1961.0,
851632,33914.0,3285.0,2890.0,
851633,6410.0,170.0,52.0,
851640,231584168.0,16433811.0,8185526.0,
851650,9607.0,1603.0,79.0,
851660,5159361.0,958473.0,26652.0,
851671,176232.0,33252.0,1727.0,
851672,155176.0,31389.0,9035.0,
851679,230554.0,22397.0,6031.0,
851680,139930.0,11924.0,,
851690,14537286.0,678944.0,678944.0,
851711,1824084.0,14878.0,,
851712,13997984.0,53626.0,80351.0,
851718,57697365.0,721822.0,452735.0,
851761,69919880.0,171968.0,,
851762,51254154.0,621322.0,,
851769,481889.0,6284.0,,
851770,214907300.0,1136140.0,1136140.0,
851810,11702238.0,628023.0,,
851821,33338004.0,4707772.0,,
851822,37792461.0,5415079.0,147273.0,
851829,83148277.0,8293441.0,,
851830,44631472.0,948385.0,1530028.0,
851840,6521577.0,712597.0,,
851850,35548138.0,2038799.0,,
851890,76241180.0,4808342.0,4808342.0,
851920,5934.0,2103.0,,
851930,787172.0,45691.0,4161.0,
851981,192037.0,39000.0,,
851989,2114290.0,43160.0,,
852110,153457.0,7851.0,,
852190,657741893.0,38494379.0,,
852210,2154272.0,21698.0,21698.0,
852290,365801587.0,5151642.0,5151642.0,
852321,873159.0,13279.0,,
852329,13058646.0,2869176.0,,
852341,709152.0,16700.0,,
852349,944801.0,3039.0,,
852351,40766.0,160.0,,
852352,1800415.0,34635.0,,
852359,1390304.0,252933.0,,
852380,1003395.0,44838.0,,
852550,197846.0,433620.0,,
852560,41202903.0,266176.0,,
852580,431888946.0,2953129.0,,
852610,45638961.0,1079111.0,,
852691,76438622.0,598051.0,,
852692,24002137.0,919594.0,,
852712,1955.0,354.0,,
852713,156752.0,10600.0,2205.0,
852719,19064339.0,1032852.0,,
852721,265013106.0,8880235.0,2288531.0,
852729,732939.0,41142.0,8264.0,
852791,2711516.0,466855.0,19962.0,
852792,183.0,394.0,,
852799,2789.0,86.0,,
852841,148597.0,16077.0,,
852849,129523.0,62037.0,,
852851,110231972.0,3611385.0,,
852859,4886722.0,59112.0,,
852861,203735.0,13551.0,,
852869,67117.0,2758.0,,
852871,660615950.0,12794134.0,8860624.0,
852872,571025719.0,24689121.0,1663975.0,
852910,9650406.0,868726.0,868726.0,
852990,465920676.0,10980159.0,10980159.0,
853010,44531.0,56.0,,
853080,100521.0,2400.0,,
853090,2205022.0,32740.0,32740.0,
853110,12537445.0,507246.0,,
853120,19223737.0,243456.0,,
853180,82621.0,4323.0,,
853190,1642957.0,26185.0,26185.0,
853210,671093.0,12991.0,12991.0,
853221,930959.0,1236.0,1236.0,
853222,169022562.0,5995799.0,5995799.0,
853223,16873343.0,823717.0,823717.0,
853224,494179.0,4153.0,4153.0,
853225,8718347.0,188381.0,188381.0,
853229,279313274.0,599699.0,599699.0,
853230,54840.0,4122.0,4122.0,
853290,3809379.0,89283.0,89283.0,
853310,819613.0,36748.0,36748.0,
853321,51985060.0,1558403.0,1558403.0,
853329,10732231.0,373109.0,373109.0,
853331,656135.0,23320.0,23320.0,
853339,773896.0,36708.0,36708.0,
853340,13332522.0,315080.0,315080.0,
853390,16842556.0,838051.0,838051.0,
853400,218841769.0,2945283.0,2945283.0,
853510,5345409.0,54763.0,54763.0,
853521,408127.0,17685.0,17685.0,
853529,227292.0,111769.0,111769.0,
853530,260406.0,4077.0,4077.0,
853540,3535534.0,25214.0,25214.0,
853590,5146082.0,441171.0,441171.0,
853610,31047471.0,1021314.0,1021314.0,
853620,7551059.0,173040.0,173040.0,
853630,2440045.0,41420.0,41420.0,
853641,27656480.0,833401.0,833401.0,
853649,25387219.0,657184.0,657184.0,
853650,86852274.0,2106695.0,2106695.0,
853661,460936.0,11551.0,11551.0,
853669,7191423.0,186561.0,186561.0,
853670,1908829.0,100661.0,100661.0,
853690,362384354.0,8263542.0,8263542.0,
853710,46480482.0,1292336.0,1292336.0,
853720,102257273.0,5745842.0,5745842.0,
853810,17485346.0,418304.0,418304.0,
853890,72703370.0,1195958.0,1195958.0,
853910,3439270.0,196555.0,,
853921,1140193.0,43146.0,748630.0,
853922,43593987.0,7616402.0,,
853929,17165448.0,3014809.0,,
853931,144564450.0,9661040.0,95208905.0,
853932,3725.0,157.0,338.0,
853939,1219501.0,163162.0,,
853941,4547255.0,21067.0,,
853949,413696.0,26310.0,,
853990,8028118.0,1082772.0,1082772.0,
854011,131083035.0,59570102.0,,
854012,13528.0,330.0,,
854020,28502.0,730.0,17.0,
854040,36338.0,4793.0,,
854079,406529.0,849.0,13.0,
854089,482434.0,44560.0,,
854091,37054.0,5861.0,5861.0,
854099,110164.0,2404.0,2404.0,
854110,2748072.0,54960.0,,
854121,314137.0,466.0,,
854129,6269869.0,110926.0,,
854130,102982.0,295.0,,
854140,32485407.0,374592.0,,
854150,126127885.0,202022.0,,
854160,54835563.0,79466.0,,
854190,1978864.0,14027.0,14027.0,
854231,174927054.0,814927.0,,
854232,223581.0,554.0,,
854233,121086.0,4896.0,,
854239,269291621.0,665232.0,,
854290,86927996.0,308017.0,308017.0,
854310,2114.0,56.0,,
854320,189341.0,1767.0,,
854330,905782.0,199231.0,,
854370,21984012.0,1327043.0,,
854390,41735103.0,1047623.0,1047623.0,
854411,172996751.0,20311939.0,20311939.0,
854419,2163349.0,108329.0,108329.0,
854420,26043957.0,1894367.0,1894367.0,
854430,611904436.0,30823969.0,30823969.0,
854442,87118000.0,9478866.0,9478866.0,
854449,136881502.0,18093583.0,18093583.0,
854460,34267588.0,5251291.0,5251291.0,
854470,1799569.0,151646.0,151646.0,
854511,89100.0,33000.0,33000.0,
854519,5430305.0,3355462.0,3355462.0,
854520,39225.0,1374.0,1374.0,
854590,9048669.0,572836.0,572836.0,
854610,35375.0,11767.0,11767.0,
854620,80154.0,53519.0,53519.0,
854690,42601.0,36710.0,36710.0,
854710,152148.0,9603.0,9603.0,
854720,1328053.0,287714.0,287714.0,
854790,633923.0,142613.0,142613.0,
854810,37084503.0,1435740.0,1435740.0,
854890,20043932.0,183602.0,183602.0,
860210,5412.0,5825.0,0.0,
860290,666.0,409.0,,
860400,83805.0,281919.0,,
860500,5955500.0,553599.0,,
860699,710582.0,105725.0,21.0,
860712,2638701.0,1086668.0,1086668.0,
860719,82893.0,16116.0,16116.0,
860729,1850.0,611.0,611.0,
860730,11193.0,11959.0,11959.0,
860791,5742.0,78.0,78.0,
860799,9564704.0,1162178.0,1162178.0,
860800,133589.0,2223.0,2223.0,
860900,9932010.0,3837905.0,,
870110,266634.0,167177.0,,
870120,1477480.0,167860.0,44.0,
870130,1305029.0,172900.0,,
870190,346440.0,51654.0,12.0,
870210,801232.0,128949.0,,
870290,924728.0,118887.0,31.0,
870310,96866.0,61664.0,16.0,
870321,1961233.0,246090.0,265.0,
870322,933727345.0,87108573.0,91841.0,
870323,891389421.0,99410534.0,54565.0,
870324,189089425.0,15454090.0,4595.0,
870331,2341559.0,210652.0,188.0,
870332,203337524.0,19934962.0,9575.0,
870333,41626268.0,3760685.0,1023.0,
870390,776855.0,173851.0,33.0,
870410,55858058.0,15283547.0,,
870421,3590682.0,664480.0,219.0,
870422,1712142.0,256048.0,60.0,
870423,774721.0,180685.0,13.0,
870431,154133867.0,17318975.0,11953.0,
870432,8426240.0,628000.0,305.0,
870490,319788.0,42620.0,15.0,
870510,17420.0,16044.0,0.0,
870520,258500.0,49000.0,,
870530,166225.0,5000.0,1.0,
870540,406281.0,38445.0,8.0,
870590,804814.0,155736.0,9.0,
870600,607738.0,89783.0,18.0,
870710,118280.0,35404.0,,
870790,10118853.0,1343093.0,,
870810,13612879.0,1267880.0,1267880.0,
870821,507013.0,70546.0,70546.0,
870829,120741586.0,19796759.0,19796759.0,
870830,33140884.0,7895210.0,7895210.0,
870840,430503026.0,27107711.0,27107711.0,
870850,149781610.0,11778468.0,11778468.0,
870870,281609943.0,58495107.0,58495107.0,
870880,23192557.0,3017970.0,3017970.0,
870891,94608420.0,7516626.0,7516626.0,
870892,2544776.0,254755.0,254755.0,
870893,79889321.0,7830343.0,7830343.0,
870894,17557874.0,943709.0,943709.0,
870895,18636102.0,802190.0,802190.0,
870899,210632997.0,31691135.0,31691135.0,
870911,9017006.0,1258503.0,768.0,
870919,899383.0,168212.0,,
870990,653352.0,38664.0,38664.0,
871000,53295612.0,548132.0,,
871110,1782462.0,242073.0,1276.0,
871120,198419393.0,19676536.0,126558.0,
871130,5892.0,1964.0,1.0,
871140,238335.0,9948.0,32.0,
871150,211038.0,3149.0,18.0,
871190,81387.0,2199.0,,
871200,128604981.0,12863151.0,,
871310,2689797.0,363028.0,6697.0,
871390,112981.0,25260.0,79.0,
871410,196330515.0,17311896.0,17311896.0,
871420,20016207.0,1245351.0,1245351.0,
871491,6292638.0,928077.0,928077.0,
871492,3500868.0,683588.0,683588.0,
871493,294168.0,131152.0,131152.0,
871494,7453644.0,529251.0,529251.0,
871495,1475614.0,335919.0,1018317.0,
871496,7785923.0,2479335.0,2479335.0,
871499,220116205.0,24637164.0,24637164.0,
871500,195814.0,16256.0,16256.0,
871610,5740.0,14072.0,0.0,
871631,216000.0,29460.0,6.0,
871639,1958460.0,793985.0,117.0,
871640,8639506.0,2206124.0,,
871680,2198620.0,991305.0,10759.0,
871690,654596.0,42348.0,42348.0,
880100,292.0,911.0,0.0,
880211,15372946.0,7645.0,,
880212,3000000.0,8847.0,1.0,
880220,1077534.0,30138.0,,
880230,20568560.0,25027.0,,
880240,27733731.0,829663.0,1.0,
880310,692168.0,25455.0,25455.0,
880320,33972.0,3817.0,3817.0,
880330,128699476.0,927113.0,927113.0,
880390,11698056.0,61586.0,61586.0,
880400,529894.0,15249.0,15249.0,
880510,2560.0,1961.0,1961.0,
880521,104.0,2.0,2.0,
880529,382164.0,10012.0,10012.0,
890110,33090712.0,3399000.0,,
890120,3227407.0,12307350.0,,
890130,5378508.0,2100000.0,,
890190,244207466.0,83961599.0,,
890200,4913.0,5388.0,,
890310,44082.0,38978.0,,
890391,966026.0,42117.0,,
890392,389467.0,31650.0,,
890399,2066861.0,1450789.0,,
890400,70876314.0,12728540.0,,
890510,57349223.0,7101000.0,,
890520,308354439.0,24220409.0,,
890590,40775144.0,8872406.0,,
890690,39284510.0,6243247.0,,
890710,99984.0,30724.0,,
890790,12462286.0,2123199.0,,
900110,392863.0,4847.0,4847.0,
900120,970.0,26.0,26.0,
900130,97375769.0,407372.0,,
900140,4617413.0,81230.0,734136.0,
900150,41185188.0,1633104.0,4963136.0,
900190,636337.0,7855.0,7855.0,
900211,34943717.0,113986.0,113986.0,
900219,22970.0,228.0,228.0,
900220,36902.0,3183.0,3183.0,
900290,472815.0,2195.0,2195.0,
900311,10246.0,325.0,361.0,
900319,1831406.0,2966.0,55834.0,
900390,2375446.0,6086.0,6086.0,
900410,230329.0,12313.0,8032.0,
900490,5387954.0,112674.0,,
900580,32380.0,2707.0,,
900590,4490.0,606.0,606.0,
900610,48.0,43.0,,
900630,9675.0,268.0,,
900640,139000.0,745.0,,
900651,36691.0,66.0,,
900659,23063.0,343.0,,
900661,3530704.0,3396.0,16399.0,
900669,20.0,10.0,,
900691,23039.0,2164.0,2164.0,
900699,10533612.0,17210.0,17210.0,
900710,128796.0,484.0,,
900720,227624.0,44831.0,,
900791,500.0,5.0,5.0,
900792,188944.0,2194.0,2194.0,
900850,6684.0,1350.0,,
900890,1849.0,10.0,10.0,
901010,18606.0,1162.0,,
901050,5779.0,1365.0,,
901060,6320.0,152.0,16.0,
901090,20031.0,1727.0,1727.0,
901110,200.0,15.0,,
901120,45825.0,136.0,,
901180,45778.0,1494.0,,
901190,7.0,30.0,30.0,
901290,15911.0,205.0,205.0,
901310,64727.0,590.0,,
901320,869476.0,622.0,,
901380,859092.0,16578.0,,
901390,13290.0,73.0,73.0,
901410,17652.0,655.0,,
901420,85241.0,274.0,,
901480,2336360.0,344600.0,,
901490,578415.0,68661.0,68661.0,
901510,4863294.0,254724.0,,
901520,19758.0,3524.0,2.0,
901530,118354.0,3048.0,355.0,
901540,114353.0,5915.0,5915.0,
901580,8951641.0,110356.0,,
901590,20967231.0,373392.0,373392.0,
901600,12627.0,654.0,654.0,
901710,1033978.0,23226.0,,
901720,44381.0,3710.0,,
901730,509356.0,39446.0,3553.0,
901780,192236.0,7678.0,,
901790,1074598.0,26342.0,26342.0,
901811,14544.0,18.0,8.0,
901812,1147902.0,1792.0,57.0,
901813,206052.0,7495.0,,
901814,14790.0,27.0,,
901819,64900449.0,5018606.0,,
901831,418888.0,104669.0,,
901839,953988.0,23883.0,,
901841,7875.0,35.0,35.0,
901849,131009.0,3573.0,,
901850,191032.0,2053.0,2053.0,
901890,65897329.0,4604281.0,,
901910,8791882.0,213084.0,213084.0,
901920,45896.0,548.0,548.0,
902000,19840.0,8476.0,8476.0,
902110,811475.0,4051.0,4051.0,
902121,22.0,1.0,1.0,
902129,15364.0,383.0,383.0,
902139,75663.0,422.0,422.0,
902140,34890276.0,40219.0,137828.0,
902190,60822732.0,44447.0,44447.0,
902212,90372.0,1641.0,1.0,
902213,27691.0,157.0,,
902214,270252.0,5207.0,7.0,
902219,167931.0,2522.0,5.0,
902221,228851.0,8774.0,,
902229,186580.0,6308.0,,
902230,543736.0,7848.0,39.0,
902290,5318376.0,11736.0,11736.0,
902300,9161987.0,270567.0,270567.0,
902410,59230.0,2868.0,,
902480,593872.0,9285.0,,
902490,121106.0,1134.0,1134.0,
902511,433025.0,882.0,,
902519,3287546.0,14849.0,,
902580,383514.0,7935.0,,
902590,388631.0,29506.0,29506.0,
902610,3556055.0,85054.0,,
902620,5960345.0,108574.0,,
902680,1833799.0,31259.0,,
902690,5163594.0,173849.0,173849.0,
902710,621913.0,7490.0,,
902720,15150.0,190.0,1.0,
902730,175560.0,1676.0,,
902750,4923716.0,12000.0,706.0,
902780,1172283.0,9388.0,,
902790,10017529.0,37989.0,37989.0,
902810,194466.0,32641.0,,
902820,15834032.0,1431930.0,,
902830,27272861.0,1569881.0,299708.0,
902890,2462963.0,204225.0,204225.0,
902910,171990.0,2545.0,,
902920,12664297.0,661413.0,,
902990,1589918.0,33868.0,33868.0,
903010,659649.0,8031.0,,
903020,605873.0,1266.0,113.0,
903031,1807995.0,69049.0,,
903032,40536.0,782.0,,
903033,891359.0,14515.0,,
903039,218520.0,1760.0,,
903040,289522.0,1405.0,,
903082,505437.0,3285.0,,
903084,334506.0,1679.0,,
903089,1030550.0,11914.0,,
903090,2257694.0,18646.0,18646.0,
903110,609849.0,12988.0,,
903120,562001.0,7763.0,,
903141,18442.0,463.0,,
903149,7312539.0,20598.0,,
903180,28938780.0,394278.0,,
903190,66764049.0,1118758.0,1118758.0,
903210,1686239.0,71758.0,,
903220,28184.0,73.0,,
903281,345681.0,22343.0,,
903289,1038651.0,30946.0,,
903290,2678950.0,88150.0,88150.0,
903300,8542841.0,209962.0,209962.0,
910119,187750.0,210.0,,
910121,228413.0,912.0,15.0,
910129,4106.0,13.0,0.0,
910199,135966.0,3130.0,,
910211,225091.0,3132.0,1772.0,
910212,1434.0,17.0,30.0,
910219,337885.0,1200.0,,
910221,31070.0,162.0,15.0,
910229,69716.0,331.0,28.0,
910291,41418.0,968.0,,
910299,820216.0,11700.0,,
910390,122703.0,3182.0,,
910400,18632.0,352.0,,
910519,146845.0,11219.0,,
910521,366.0,164.0,,
910529,91635.0,27573.0,,
910599,3154.0,345.0,,
910610,1806524.0,23198.0,,
910690,3529051.0,50633.0,,
910700,2744527.0,136522.0,228353.0,
910890,151658.0,280.0,,
910990,100.0,6.0,,
911090,5120.0,72.0,72.0,
911190,520.0,24.0,24.0,
911220,75.0,1.0,,
911390,10144.0,308.0,308.0,
911410,7233.0,1147.0,1147.0,
911490,252138.0,15272.0,15272.0,
920110,83294911.0,10811424.0,27229.0,
920120,39028928.0,2503843.0,2542.0,
920190,13290804.0,1576504.0,9568.0,
920210,10113.0,5337.0,,
920290,62811912.0,2861235.0,,
920510,26050.0,3651.0,22.0,
920590,49709835.0,1282290.0,,
920600,7943997.0,1053583.0,166161.0,
920710,137628887.0,17668545.0,204097.0,
920790,88443480.0,5224061.0,249888.0,
920810,5517.0,1125.0,,
920890,175291.0,21009.0,,
920930,461164.0,3631.0,3631.0,
920991,30452448.0,6805360.0,6805360.0,
920992,449065.0,22533.0,22533.0,
920994,13384932.0,2062781.0,2062781.0,
920999,16537442.0,193116.0,193116.0,
930110,21491.0,6698.0,,
930190,639165.0,3064.0,,
930200,764112.0,950.0,1783.0,
930330,715.0,90.0,2.0,
930390,276806.0,1227.0,,
930400,3340.0,1360.0,,
930591,16.0,3.0,3.0,
930599,125255.0,831.0,831.0,
930621,4166302.0,161844.0,161844.0,
930630,200622.0,1154.0,1154.0,
930690,518825.0,3300.0,3300.0,
930700,12898.0,705.0,705.0,
940110,37885.0,3953.0,,
940120,17943232.0,4090577.0,129145.0,
940130,32755.0,13634.0,,
940140,998888.0,413267.0,5214.0,
940151,75213803.0,18231170.0,1213126.0,
940159,126487739.0,42474259.0,,
940161,12726737.0,2984178.0,45020.0,
940169,121051625.0,33064138.0,,
940171,13024259.0,2838352.0,115852.0,
940179,41573670.0,6078053.0,1011036.0,
940180,65539953.0,18538549.0,,
940190,53778343.0,6130853.0,6130853.0,
940210,30654.0,9505.0,9505.0,
940290,17608907.0,1788256.0,1788256.0,
940310,5008306.0,926644.0,926644.0,
940320,38426495.0,7787953.0,7787953.0,
940330,30376252.0,11541569.0,404769.0,
940340,48996606.0,20577435.0,872124.0,
940350,152022956.0,62886261.0,1839613.0,
940360,746056295.0,297918336.0,10927692.0,
940370,30266927.0,6291183.0,6291183.0,
940381,40466236.0,12550171.0,12550171.0,
940389,119305162.0,40849286.0,40849286.0,
940390,10156727.0,4776006.0,4776006.0,
940410,1239170.0,1105873.0,1105873.0,
940421,741688.0,173220.0,8284.0,
940429,16212469.0,5188292.0,,
940430,336846.0,29558.0,17316.0,
940490,23688712.0,3519833.0,3519833.0,
940510,2817650.0,311196.0,311196.0,
940520,19974000.0,1269816.0,1269816.0,
940530,32780545.0,5033750.0,5033750.0,
940540,6994473.0,292672.0,292672.0,
940550,824692.0,126371.0,126371.0,
940560,11166.0,595.0,595.0,
940591,684118.0,29289.0,29289.0,
940592,247967.0,62352.0,62352.0,
940599,1647116.0,136734.0,136734.0,
940600,24088172.0,15866738.0,15866738.0,
950300,347067820.0,30713461.0,30713461.0,
950420,171605.0,56205.0,56205.0,
950430,4929817.0,352956.0,,
950440,94788.0,126220.0,,
950450,238349.0,19342.0,19342.0,
950490,537455.0,110502.0,,
950510,24728.0,2581.0,2581.0,
950590,8450899.0,1797067.0,1797067.0,
950619,775314.0,23725.0,23725.0,
950621,2665043.0,169950.0,,
950629,229017.0,10728.0,,
950631,17650.0,3249.0,,
950632,20167601.0,2348361.0,,
950639,308440.0,35967.0,35967.0,
950640,1655516.0,417945.0,417945.0,
950651,52081.0,1414.0,,
950659,269807.0,21324.0,,
950661,4576569.0,609069.0,7794524.0,
950662,10828036.0,1181623.0,4194211.0,
950669,1084303.0,110432.0,359032.0,
950670,1600.0,105.0,50.0,
950691,7048911.0,141453.0,141453.0,
950699,12876668.0,503879.0,,
950710,20429812.0,289601.0,,
950720,159207.0,43859.0,43859.0,
950730,2071771.0,56085.0,57533.0,
950790,4053828.0,173996.0,,
950890,377258.0,139530.0,139530.0,
960110,3539.0,523.0,523.0,
960190,2302867.0,446744.0,446744.0,
960200,11598051.0,578649.0,578649.0,
960310,6256048.0,11167056.0,4949276.0,
960321,10348908.0,633396.0,17993478.0,
960329,1128617.0,232260.0,515228.0,
960330,28619.0,3508.0,,
960340,21096577.0,4402953.0,26441365.0,
960350,9081.0,699.0,2895.0,
960390,807767.0,294183.0,,
960400,7977.0,1515.0,47.0,
960500,484777.0,41785.0,,
960610,4197618.0,327237.0,327237.0,
960621,63980.0,14893.0,14893.0,
960622,55294.0,2911.0,2911.0,
960629,1045597.0,22384.0,22384.0,
960630,2351438.0,115169.0,115169.0,
960711,1317338.0,405070.0,405070.0,
960719,9171253.0,812860.0,812860.0,
960720,58552652.0,8402275.0,8402275.0,
960810,16634052.0,1074034.0,,
960820,6521418.0,554852.0,19589977.0,
960830,60511.0,7637.0,,
960840,22773.0,982.0,49541.0,
960850,3931.0,773.0,2818.0,
960860,337875.0,13745.0,,
960891,5936.0,121.0,,
960899,176169.0,25143.0,25143.0,
960910,80275180.0,8635918.0,8635918.0,
960920,1591789.0,300366.0,300366.0,
960990,5653255.0,2287257.0,2287257.0,
961000,20848.0,6755.0,6755.0,
961100,100563.0,5900.0,5900.0,
961210,51672.0,4562.0,,
961220,40391.0,3392.0,,
961310,338994.0,133677.0,1546869.0,
961320,8770.0,6141.0,,
961380,5868.0,3109.0,795.0,
961390,2465138.0,85168.0,85168.0,
961400,1293.0,445.0,445.0,
961511,20438.0,8546.0,8546.0,
961519,233024.0,19131.0,19131.0,
961590,69855.0,7770.0,7770.0,
961610,5095802.0,403091.0,403091.0,
961620,86736.0,20907.0,20907.0,
961700,278629.0,162958.0,162958.0,
961800,1237554.0,45161.0,45161.0,
961900,57448047.0,15949774.0,15949774.0,
970110,10252916.0,698686.0,,
970190,2649826.0,415208.0,415208.0,
970200,146559.0,103259.0,,
970300,5620183.0,527521.0,,
970400,6.0,84.0,84.0,
970500,300.0,16.0,16.0,
999999,1862584.0,,,
