tahun,klasifikasi,isic5,isic3,isic2,n_perusahaan,tk_total,upah_total,nilai_output,biaya_input,nilai_tambah,modal,energi,bahan_total,bahan_impor,ekspor,n_eksportir,n_lapor_modal,n_asing,ULC,upah_per_pekerja,produktivitas,modal_per_pekerja,energi_per_pekerja,pangsa_impor,intensitas_ekspor
2006,Rev3,15111,151,15,19,0,0,394244572,222870124,171374448,0,0,0,0,0,0,0,0,,,,,,,0.0
2007,Rev3,15111,151,15,18,2776,56188202,893211180,612473670,280737510,57493077,176474284,418281863,25844000,0,0,7,0,0.2001,20240707,101130227,20710763,63571428,0.0618,0.0
2009,Rev3,15111,151,15,20,1420,20384520,733984763,528372675,205612088,35969861,13896796,478947324,0,0,0,3,0,0.0991,14355296,144797245,25330888,9786476,0.0,0.0
2010,Rev3,15111,151,15,19,1036,15631260,1093727912,892010115,201717797,14500617,30025072,802015856,0,0,0,3,0,0.0775,15088089,194708298,13996735,28981730,0.0,0.0
2006,Rev3,15112,151,15,34,0,0,880622069,639552576,241069493,0,0,0,0,57881442,2,0,0,,,,,,,0.0657
2007,Rev3,15112,151,15,45,6519,82577509,913842777,609836006,304006771,118078295,12900347,537872968,41014022,19644118,1,8,4,0.2716,12667205,46633958,18112946,1978884,0.0763,0.0215
2009,Rev3,15112,151,15,36,5333,108620052,1840774351,1200929026,639845325,42358980,37335837,1021491065,49241386,29000000,1,7,2,0.1698,20367533,119978497,7942805,7000907,0.0482,0.0158
2010,Rev3,15112,151,15,46,5790,86592971,1293154953,821504743,471650210,54520362,24090180,709704933,103348251,0,0,14,2,0.1836,14955608,81459449,9416297,4160653,0.1456,0.0
2006,Rev3,15121,151,15,43,0,0,3669269886,2891066956,778202930,0,0,0,0,1804460513,17,0,0,,,,,,,0.4918
2007,Rev3,15121,151,15,61,20401,151841743,2951479517,2164027881,787451636,84620958,62596402,1856902902,189582265,756558465,17,24,7,0.1928,7442858,38598678,4147883,3068301,0.1021,0.2563
2009,Rev3,15121,151,15,44,22332,264918114,3491281668,2451598824,1039682844,62351511,67170152,2078205641,333341317,1840124710,26,23,7,0.2548,11862713,46555743,2792025,3007798,0.1604,0.5271
2010,Rev3,15121,151,15,47,23339,221991987,5131168641,3659807407,1471361234,115860327,182090723,3181630566,333519042,1387786150,25,22,8,0.1509,9511632,63043028,4964237,7801993,0.1048,0.2705
2006,Rev3,15122,151,15,173,0,0,756722375,605364227,151358148,0,0,0,0,272406016,38,0,0,,,,,,,0.36
2007,Rev3,15122,151,15,157,9607,40777618,763208668,560193294,203015374,6825756,9292481,528207194,0,222051494,22,48,3,0.2009,4244574,21132026,710498,967261,0.0,0.2909
2009,Rev3,15122,151,15,134,6031,31617626,1080611757,440678493,639933264,6533175,10049909,417259176,0,764564499,39,20,3,0.0494,5242518,106107323,1083266,1666375,0.0,0.7075
2010,Rev3,15122,151,15,105,4954,30691115,710669886,547540306,163129580,2747883,28662484,459076148,52703,299812039,24,16,2,0.1881,6195219,32928862,554680,5785725,0.0001,0.4219
2006,Rev3,15123,151,15,34,0,0,34807802,22655414,12152388,0,0,0,0,3763484,2,0,0,,,,,,,0.1081
2007,Rev3,15123,151,15,20,590,4325020,39841774,31920326,7921448,46575,1538062,28648421,0,899892,2,2,1,0.546,7330542,13426183,78941,2606885,0.0,0.0226
2009,Rev3,15123,151,15,29,1583,16975929,297253673,263241732,34011941,4638850,3557491,255558661,0,224486026,3,5,1,0.4991,10723897,21485749,2930417,2247310,0.0,0.7552
2010,Rev3,15123,151,15,28,1618,15965750,349673922,302208750,47465172,9091884,3129398,293270286,0,301196395,4,5,1,0.3364,9867583,29335706,5619211,1934115,0.0,0.8614
2006,Rev3,15124,151,15,373,0,0,20099346644,15997077208,4102269436,0,0,0,0,14720393915,182,0,0,,,,,,,0.7324
2007,Rev3,15124,151,15,345,60074,575902061,14415057312,11899448785,2515608527,246844542,341039991,10589835624,75627942,3145380731,83,96,28,0.2289,9586544,41875163,4109008,5676998,0.0071,0.2182
2009,Rev3,15124,151,15,277,49428,546744040,11964329508,8474000998,3490328510,206324370,209462230,7890420416,61655277,5731524252,124,86,28,0.1566,11061423,70614399,4174241,4237724,0.0078,0.4791
2010,Rev3,15124,151,15,269,50018,550777870,9551892947,5536616769,4015276178,285177173,201701706,5027749387,34282398,5104164063,113,91,32,0.1372,11011593,80276624,5701491,4032582,0.0068,0.5344
2006,Rev3,15125,151,15,129,0,0,462424139,409549046,52875093,0,0,0,0,0,0,0,0,,,,,,,0.0
2007,Rev3,15125,151,15,115,3798,16609285,407138878,357665349,49473529,1052525,8718093,321907939,0,0,0,37,0,0.3357,4373166,13026206,277126,2295443,0.0,0.0
2009,Rev3,15125,151,15,102,3390,16886675,336258878,297512334,38746544,1175660,8445623,276793110,22684770,0,0,28,0,0.4358,4981320,11429659,346802,2491334,0.082,0.0
2010,Rev3,15125,151,15,98,2975,12093168,281497292,243333485,38163807,1412005,5615517,229636064,23816502,0,0,12,0,0.3169,4064930,12828170,474624,1887569,0.1037,0.0
2006,Rev3,15129,151,15,57,0,0,765699461,552074359,213625102,0,0,0,0,150895893,11,0,0,,,,,,,0.1971
2007,Rev3,15129,151,15,77,7711,68577588,1069441233,802882006,266559227,7705032,33856969,685289869,11549372,89891018,8,19,7,0.2573,8893475,34568698,999226,4390736,0.0169,0.0841
2009,Rev3,15129,151,15,107,5981,54509987,875690732,600523824,275166908,6272999,29053314,505919551,3033815,160697203,23,19,3,0.1981,9113858,46006840,1048821,4857601,0.006,0.1835
2010,Rev3,15129,151,15,102,5424,63066896,944849900,618355834,326494066,10641365,36499023,543876634,3394391,372790390,29,24,1,0.1932,11627378,60194334,1961904,6729171,0.0062,0.3945
2006,Rev3,15131,151,15,7,0,0,942836593,657364023,285472570,0,0,0,0,924527054,4,0,0,,,,,,,0.9806
2007,Rev3,15131,151,15,8,20517,221152103,822112491,402160622,419951869,24194595,68537082,162929273,121009879,3700000,1,2,2,0.5266,10778969,20468483,1179246,3340502,0.7427,0.0045
2009,Rev3,15131,151,15,7,15214,322050560,1531963233,1073557535,458405698,41173941,66549635,888225545,297697591,1360198219,3,2,2,0.7025,21168040,30130518,2706319,4374237,0.3352,0.8879
2010,Rev3,15131,151,15,6,1375,64793630,155534794,91643015,63891779,2928479,5901274,71066861,0,56936839,3,1,1,1.0141,47122640,46466748,2129803,4291836,0.0,0.3661
2006,Rev3,15132,151,15,10,0,0,25752591,19344469,6408122,0,0,0,0,8218691,3,0,0,,,,,,,0.3191
2007,Rev3,15132,151,15,9,392,2929109,12897863,8323224,4574639,163595,551180,5145626,5435,6120132,3,4,0,0.6403,7472217,11669997,417334,1406071,0.0011,0.4745
2009,Rev3,15132,151,15,4,188,602993,5174201,3539774,1634427,293520,60405,3352565,0,2488543,1,2,0,0.3689,3207410,8693761,1561277,321303,0.0,0.481
2010,Rev3,15132,151,15,7,224,2041341,9415483,4959304,4456179,63075,155944,3511612,0,3091707,2,3,0,0.4581,9113129,19893656,281585,696179,0.0,0.3284
2006,Rev3,15133,151,15,40,0,0,188005494,117887119,70118375,0,0,0,0,19499241,2,0,0,,,,,,,0.1037
2007,Rev3,15133,151,15,29,2813,28687559,188011042,99781451,88229591,11277713,19683708,61242178,1587599,7087000,1,8,0,0.3251,10198208,31364945,4009141,6997408,0.0259,0.0377
2009,Rev3,15133,151,15,44,3090,38213735,312720210,202485638,110234572,6188082,14057548,164488726,4747889,5623972,2,14,1,0.3467,12366905,35674619,2002616,4549368,0.0289,0.018
2010,Rev3,15133,151,15,53,5158,56867326,569148861,270526182,298622679,30214352,14590211,214695192,3332129,10019748,2,19,0,0.1904,11025073,57895052,5857765,2828657,0.0155,0.0176
2006,Rev3,15134,151,15,5,0,0,405167333,177550056,227617277,0,0,0,0,0,0,0,0,,,,,,,0.0
2007,Rev3,15134,151,15,6,362,4259484,224596780,180028071,44568709,41487365,9812078,163906237,0,100500,1,2,0,0.0956,11766530,123117981,114605981,27105188,0.0,0.0004
2009,Rev3,15134,151,15,5,144,1487719,94943111,88461264,6481847,10626850,735342,87109608,0,2959999,1,1,0,0.2295,10331382,45012826,73797569,5106542,0.0,0.0312
2010,Rev3,15134,151,15,9,1082,22504377,623233626,554480740,68752886,10766850,3307388,540633106,0,5045515,1,2,0,0.3273,20798870,63542409,9950878,3056736,0.0,0.0081
2006,Rev3,15139,151,15,11,0,0,58505085,33830039,24675046,0,0,0,0,3581573,1,0,0,,,,,,,0.0612
2007,Rev3,15139,151,15,13,1519,9314790,88546234,48473432,40072802,36038399,1817160,38234496,1343555,0,0,3,0,0.2324,6132186,26381041,23725082,1196287,0.0351,0.0
2009,Rev3,15139,151,15,15,2672,17976638,186319523,142260013,44059510,3709259,1679719,137515855,864786,15547671,5,2,1,0.408,6727784,16489338,1388196,628637,0.0063,0.0834
2010,Rev3,15139,151,15,17,2696,22322175,140484213,32470143,108014070,12266796,1209426,28293747,574444,24298911,5,2,1,0.2067,8279739,40064566,4549999,448600,0.0203,0.173
2006,Rev3,15141,151,15,351,0,0,63998456723,45684152435,18314304288,0,0,0,0,10500553957,84,0,0,,,,,,,0.1641
2007,Rev3,15141,151,15,351,116185,1704501174,94255054299,71352400833,22902653466,8997868113,1721107492,65831197321,33591760,5498435475,34,145,63,0.0744,14670579,197122292,77444318,14813509,0.0005,0.0583
2009,Rev3,15141,151,15,430,107654,2615349447,152762869804,111216279458,41546590346,366012945366,2330539416,104797647721,786523935,21976176537,98,138,72,0.0629,24294029,385927047,3399901029,21648424,0.0075,0.1439
2010,Rev3,15141,151,15,444,115269,3523971995,167551422060,107545878104,60005543956,4429742242,1768898451,103138443130,652531165,18488087380,70,119,82,0.0587,30571723,520569658,38429606,15345830,0.0063,0.1103
2006,Rev3,15142,151,15,3,0,0,1144879854,920596396,224283458,0,0,0,0,415788891,3,0,0,,,,,,,0.3632
2007,Rev3,15142,151,15,3,2297,119450056,1676285360,1194134107,482151253,2581439,35571670,1104192113,206593952,76222000,1,1,1,0.2477,52002636,209904768,1123831,15486143,0.1871,0.0455
2009,Rev3,15142,151,15,1,381,17408576,617983554,417525819,200457735,28423960,7083463,333565468,9614920,0,0,1,1,0.0868,45691801,526135787,74603570,18591766,0.0288,0.0
2010,Rev3,15142,151,15,1,381,19219068,685416401,463409370,222007031,28423960,7861893,370222286,10671541,0,0,1,1,0.0866,50443748,582695619,74603570,20634890,0.0288,0.0
2006,Rev3,15143,151,15,45,0,0,3286029093,1791967412,1494061681,0,0,0,0,1013225323,5,0,0,,,,,,,0.3083
2007,Rev3,15143,151,15,45,5880,78174396,6195920792,4103516604,2092404188,28550267,140170915,3653978794,19486604,15354192,1,6,0,0.0374,13294965,355851052,4855488,23838591,0.0053,0.0025
2009,Rev3,15143,151,15,26,2239,35898651,3936018601,2930759853,1005258748,27462324,97843082,2801654783,776879,2197352405,5,6,0,0.0357,16033341,448976663,12265442,43699456,0.0003,0.5583
2010,Rev3,15143,151,15,22,2084,48271587,3861156295,711042712,3150113583,62290266,27156054,627114233,0,1692777044,6,7,0,0.0153,23162950,1511570817,29889763,13030736,0.0,0.4384
2006,Rev3,15144,151,15,40,0,0,38479151971,26905729960,11573422011,0,0,0,0,19845919571,20,0,0,,,,,,,0.5158
2007,Rev3,15144,151,15,41,8509,279319757,49611210125,30523171599,19088038526,491587644,509581496,29379329854,8279332,168130738,4,12,7,0.0146,32826391,2243276358,57772669,59887354,0.0003,0.0034
2009,Rev3,15144,151,15,48,16703,519492330,65788364117,46337843475,19450520642,847235048,1016836541,43434396674,61993309,13309635470,16,17,7,0.0267,31101738,1164492645,50723526,60877480,0.0014,0.2023
2010,Rev3,15144,151,15,52,16543,719596073,53220995869,35535665651,17685330217,1554266820,580288369,32665867548,110182807,15368667860,15,15,9,0.0407,43498523,1069052180,93953142,35077578,0.0034,0.2888
2006,Rev3,15145,151,15,2,0,0,5128770,2944370,2184400,0,0,0,0,4500000,1,0,0,,,,,,,0.8774
2007,Rev3,15145,151,15,3,238,2216912,643906054,260495393,383410661,170150,134253754,28667898,0,0,0,1,0,0.0058,9314756,1610969164,714916,564091403,0.0,0.0
2009,Rev3,15145,151,15,2,99,631101,7188934,6307537,881397,0,344193,5899252,0,0,0,0,0,0.716,6374758,8903000,0,3476697,0.0,0.0
2010,Rev3,15145,151,15,2,110,1141453,1694153,430385,1263768,0,19737,373725,0,0,0,0,0,0.9032,10376845,11488800,0,179427,0.0,0.0
2006,Rev3,15149,151,15,2,0,0,143352105,69851201,73500904,0,0,0,0,0,0,0,0,,,,,,,0.0
2007,Rev3,15149,151,15,9,3097,52319241,1407743118,958634541,449108577,7993501,26964321,839327096,3130716,10595767,1,4,2,0.1165,16893523,145014071,2581046,8706594,0.0037,0.0075
2009,Rev3,15149,151,15,2,146,7824612,15933125,7100978,8832147,0,3633467,701998,0,15927900,1,0,0,0.8859,53593233,60494158,0,24886760,0.0,0.9997
2010,Rev3,15149,151,15,2,127,7930329,24319453,16052890,8266563,0,1173950,13921194,0,2965963,1,0,0,0.9593,62443535,65091047,0,9243701,0.0,0.122
2010,Rev3,15201,152,15,1,298,5247800,94741689,74651000,20090689,1473751,6613648,60802210,60757010,8153979,1,1,1,0.2612,17610067,67418419,4945473,22193450,0.9993,0.0861
2010,Rev3,15203,152,15,2,1121,35483013,38650587,11764523,26886064,0,72864,11435531,48440,0,0,0,0,1.3198,31653000,23984000,0,64999,0.0042,0.0
2006,Rev3,15211,152,15,31,0,0,8012398984,5753561075,2258837909,0,0,0,0,44588515,3,0,0,,,,,,,0.0056
2007,Rev3,15211,152,15,29,7943,240628895,9830602989,7371869975,2458733014,220094021,89863191,6667857181,3419155242,286137012,2,17,4,0.0979,30294460,309547150,27709181,11313508,0.5128,0.0291
2009,Rev3,15211,152,15,29,9248,321168969,23308333558,20276404828,3031928730,374451919,172599923,18419844912,5001987240,1020118974,4,10,6,0.1059,34728478,327846965,40490043,18663486,0.2716,0.0438
2010,Rev3,15211,152,15,25,9695,330990890,9263627421,6613340561,2650286860,740928540,115276966,5097393018,2952328503,297089466,4,10,7,0.1249,34140370,273366360,76423779,11890352,0.5792,0.0321
2006,Rev3,15212,152,15,6,0,0,228150210,84920053,143230157,0,0,0,0,0,0,0,0,,,,,,,0.0
2007,Rev3,15212,152,15,4,884,13355884,232511195,123228227,109282968,0,11006835,95914109,53320153,0,0,0,1,0.1222,15108466,123623267,0,12451171,0.5559,0.0
2009,Rev3,15212,152,15,3,136,1951207,8338707,4101814,4236893,2526180,417773,1494411,0,0,0,1,0,0.4605,14347110,31153625,18574853,3071860,0.0,0.0
2010,Rev3,15212,152,15,3,142,1507437,5070906,2675458,2395448,2526180,271237,1528855,0,0,0,1,0,0.6293,10615754,16869352,17790000,1910120,0.0,0.0
2006,Rev3,15213,152,15,16,0,0,635781774,400448672,235333103,0,0,0,0,0,0,0,0,,,,,,,0.0
2007,Rev3,15213,152,15,16,2394,47843731,494000098,326214325,167785773,9829885,67673434,237041196,12066994,0,0,4,0,0.2851,19984850,70085954,4106051,28267934,0.0509,0.0
2009,Rev3,15213,152,15,17,2238,43320582,467287673,267709663,199578010,9672249,13379789,227597683,702180,0,0,4,0,0.2171,19356828,89176948,4321827,5978458,0.0031,0.0
2010,Rev3,15213,152,15,14,1495,25067128,278575610,136344454,142231156,567381,6622219,113346165,1073226,0,0,2,0,0.1762,16767310,95137897,379519,4429578,0.0095,0.0
2006,Rev3,15311,153,15,451,0,0,4073225835,3356882986,716342849,0,0,0,0,5984347,2,0,0,,,,,,,0.0015
2007,Rev3,15311,153,15,417,13585,106449817,4611687961,3821271386,790416575,4388969936,103969916,3618609974,0,499000,1,139,0,0.1347,7835835,58183038,323074710,7653288,0.0,0.0001
2009,Rev3,15311,153,15,380,12408,107902971,4764908705,4172294379,592614326,56080218,81960456,3941164579,600567,8859860,2,128,0,0.1821,8696242,47760665,4519682,6605453,0.0002,0.0019
2010,Rev3,15311,153,15,335,10787,98047344,4367587294,3525588177,841999117,43887314,44978993,3402708852,0,0,0,103,1,0.1164,9089399,78056839,4068537,4169741,0.0,0.0
2006,Rev3,15312,153,15,7,0,0,47284847,32207569,15077278,0,0,0,0,0,0,0,0,,,,,,,0.0
2007,Rev3,15312,153,15,14,804,7616019,355581235,135923577,219657658,2954976,23327434,117843940,0,0,0,4,1,0.0347,9472660,273206042,3675343,29014221,0.0,0.0
2009,Rev3,15312,153,15,17,1086,13530388,623838453,534187114,89651339,11035075,8520647,520359357,0,573105,1,7,0,0.1509,12458921,82551878,10161211,7845900,0.0,0.0009
2010,Rev3,15312,153,15,12,861,12803884,551279942,481591399,69688543,11347578,8868192,459787968,0,0,0,3,0,0.1837,14870945,80939074,13179533,10299875,0.0,0.0
2006,Rev3,15313,153,15,66,0,0,1921679749,1512761518,408918231,0,0,0,0,1236422822,33,0,0,,,,,,,0.6434
2007,Rev3,15313,153,15,54,12051,87366175,1509141821,1136388305,372753516,1016734300,28148890,1006150384,344118,677332753,12,23,5,0.2344,7249703,30931335,84369289,2335814,0.0003,0.4488
2009,Rev3,15313,153,15,50,12762,95885830,2496038550,2029390600,466647950,1061946552,31535406,1458769609,0,41855958138,16,15,4,0.2055,7513386,36565425,83211609,2471039,0.0,16.769
2010,Rev3,15313,153,15,45,10520,130004460,5236895462,4304646714,932248748,1551135659,49056173,3843713499,11280,412789238,14,16,3,0.1395,12357838,88616801,147446355,4663134,0.0,0.0788
2006,Rev3,15314,153,15,24,0,0,10291746619,1170190058,9121556561,0,0,0,0,5487334191,17,0,0,,,,,,,0.5332
2007,Rev3,15314,153,15,21,6006,41147013,9076391895,8109822444,966569451,12866462,302385126,7534258106,12524210,45906971,4,4,5,0.0426,6850985,160933975,2142268,50347174,0.0017,0.0051
2009,Rev3,15314,153,15,14,6378,399048646,6402370786,5577084616,825286170,5170728,3330434,5481416264,0,5610194207,8,2,4,0.4835,62566423,129395762,810713,522175,0.0,0.8763
2010,Rev3,15314,153,15,16,7303,61318098,6051147978,4867702210,1183445768,23468984,14434904,4838826830,0,3783546588,7,6,4,0.0518,8396289,162049263,3213609,1976572,0.0,0.6253
2006,Rev3,15315,153,15,30,0,0,161147196,120675030,40472166,0,0,0,0,138029054,11,0,0,,,,,,,0.8565
2007,Rev3,15315,153,15,32,2380,12834389,169902296,106321547,63580749,643037,1132634,101779253,3171665,105678632,3,10,0,0.2019,5392600,26714600,270184,475897,0.0312,0.622
2009,Rev3,15315,153,15,25,2377,18180952,1028210385,724029124,304181261,2039255,5668107,627027356,112609673,524109030,8,9,0,0.0598,7648697,127968557,857911,2384563,0.1796,0.5097
2010,Rev3,15315,153,15,31,4174,30880618,1465959700,775510593,690449107,110850864,15036048,723528127,100663346,400007729,7,14,2,0.0447,7398327,165416652,26557466,3602311,0.1391,0.2729
2006,Rev3,15316,153,15,22,0,0,65487135,34476655,31010480,0,0,0,0,35541741,1,0,0,,,,,,,0.5427
2007,Rev3,15316,153,15,18,1997,8717555,175996106,137132471,38863635,1363347,2576079,92221679,0,36794801,1,6,1,0.2243,4365325,19461009,682698,1289974,0.0,0.2091
2009,Rev3,15316,153,15,16,498,3155048,41598643,34660369,6938274,4000750,591346,33877005,0,0,0,2,0,0.4547,6335438,13932277,8033635,1187442,0.0,0.0
2010,Rev3,15316,153,15,19,737,8033421,80591977,57899502,22692475,4905315,1273963,54986551,0,0,0,2,0,0.354,10900164,30790332,6655787,1728579,0.0,0.0
2006,Rev3,15317,153,15,13,0,0,12877324,10160496,2716828,0,0,0,0,0,0,0,0,,,,,,,0.0
2007,Rev3,15317,153,15,10,257,675937,1084895,114893,970002,0,0,0,0,0,0,0,0,0.6968,2630105,3774327,0,0,,0.0
2009,Rev3,15317,153,15,11,276,503500,706432,5390,701042,0,0,0,0,0,0,0,0,0.7182,1824275,2540007,0,0,,0.0
2010,Rev3,15317,153,15,11,270,808180,1349737,266729,1083008,0,89272,131650,0,501610,1,0,0,0.7462,2993259,4011141,0,330637,0.0,0.3716
2006,Rev3,15318,153,15,75,0,0,463744116,365928897,97815219,0,0,0,0,60000000,1,0,0,,,,,,,0.1294
2007,Rev3,15318,153,15,66,2095,5799870,119550952,99785027,19765925,102300,962744,96136940,0,5194306,1,4,1,0.2934,2768434,9434809,48831,459544,0.0,0.0434
2009,Rev3,15318,153,15,68,2167,7913827,108720523,93176009,15544514,4043254,716010,89972269,0,0,0,4,1,0.5091,3651974,7173287,1865830,330415,0.0,0.0
2010,Rev3,15318,153,15,67,2126,11571805,3396442516,182467535,3213974981,4780463,976444,177846612,0,0,0,4,1,0.0036,5442994,1511747404,2248571,459287,0.0,0.0
2006,Rev3,15321,153,15,9,0,0,9169166289,7775686168,1393480121,0,0,0,0,383397463,5,0,0,,,,,,,0.0418
2007,Rev3,15321,153,15,10,5147,390894608,26355972168,24388593632,1967378536,76917301,354804127,20910742530,18868413504,0,0,3,1,0.1987,75946106,382237913,14944104,68934161,0.9023,0.0
2009,Rev3,15321,153,15,8,3924,296195214,14867163108,12978280210,1888882898,560400414,62854286,10999322738,10995352607,6397713153,2,3,2,0.1568,75482980,481366692,142813561,16017912,0.9996,0.4303
2010,Rev3,15321,153,15,9,3911,286355566,12060804697,10149436773,1911367924,467866874,67200109,8656572035,8476380836,425200130,2,5,2,0.1498,73217992,488715910,119628452,17182334,0.9792,0.0353
2006,Rev3,15322,153,15,46,0,0,483145239,293350752,189794487,0,0,0,0,148129889,17,0,0,,,,,,,0.3066
2007,Rev3,15322,153,15,45,2826,23991469,370466977,272475795,97991182,25255116,9186527,238733723,9978644,58306676,2,7,1,0.2448,8489550,34674870,8936701,3250717,0.0418,0.1574
2009,Rev3,15322,153,15,37,3647,35733980,618419545,412320957,206098588,23588970,13631690,329104433,22301467,206596692,11,12,1,0.1734,9798185,56511815,6468048,3737782,0.0678,0.3341
2010,Rev3,15322,153,15,39,3786,46914122,1381882779,1136427728,245455051,48977144,43970156,997156735,25451304,817793757,10,11,2,0.1911,12391474,64832290,12936382,11613882,0.0255,0.5918
2006,Rev3,15323,153,15,171,0,0,1515969683,1247311424,268658259,0,0,0,0,24416381,16,0,0,,,,,,,0.0161
2007,Rev3,15323,153,15,138,10939,83691971,1908661336,1319133767,589527569,30482413,127953286,1137560757,0,2175568,4,34,11,0.142,7650788,53892273,2786581,11696982,0.0,0.0011
2009,Rev3,15323,153,15,142,12407,132059929,4695744443,3512009410,1183735033,12930654,388375584,2857447831,2179975,322827018,8,25,5,0.1116,10643986,95408643,1042206,31302941,0.0008,0.0687
2010,Rev3,15323,153,15,130,10440,125709384,4958926861,3872245579,1086681282,29009975,401525714,3226369100,0,644606008,7,25,5,0.1157,12041129,104088245,2778733,38460317,0.0,0.13
2006,Rev3,15324,153,15,42,0,0,37154922,27294357,9860565,0,0,0,0,933375,1,0,0,,,,,,,0.0251
2007,Rev3,15324,153,15,40,955,4046024,88394543,79085026,9309517,2648294,3144449,74046934,0,0,0,27,1,0.4346,4236674,9748185,2773083,3292617,0.0,0.0
2009,Rev3,15324,153,15,33,737,3617262,59349698,30101679,29248019,1270726,1503041,27943344,0,1371984,1,24,0,0.1237,4908090,39685236,1724187,2039404,0.0,0.0231
2010,Rev3,15324,153,15,22,554,4816947,67368654,32443777,34924877,633350,1996913,29385755,0,16312144,1,8,0,0.1379,8694850,63041294,1143231,3604536,0.0,0.2421
2006,Rev3,15329,153,15,5,0,0,63208682,50180464,13028218,0,0,0,0,38288204,2,0,0,,,,,,,0.6057
2007,Rev3,15329,153,15,5,678,11687005,73268630,60122218,13146412,9952070,11239275,38876673,3345768,53660287,2,2,2,0.889,17237471,19389988,14678569,16577102,0.0861,0.7324
2009,Rev3,15329,153,15,2,171,1005093,16993722,12959892,4033830,0,5902987,5343903,0,0,0,0,1,0.2492,5877737,23589649,0,34520392,0.0,0.0
2010,Rev3,15329,153,15,3,149,712600,15483361,11985113,3498248,71300,230172,11705813,0,0,0,1,1,0.2037,4782550,23478174,478523,1544779,0.0,0.0
2006,Rev3,15331,153,15,82,0,0,13496576269,10655437520,2841138749,0,0,0,0,152436208,7,0,0,,,,,,,0.0113
2007,Rev3,15331,153,15,67,10217,266563029,17687522957,13108580352,4578942605,2134500188,183960339,12139090606,5134995141,11929148,1,31,11,0.0582,26090147,448168993,208916530,18005318,0.423,0.0007
2009,Rev3,15331,153,15,65,11825,269956875,28637152621,22312949536,6324203085,3138352372,352284639,21114172585,9460671754,102693423,5,27,16,0.0427,22829334,534816329,265399778,29791513,0.4481,0.0036
2010,Rev3,15331,153,15,65,11815,320209914,27541908436,19907790181,7634118255,1724605328,238786455,18890885677,8487968164,459755631,5,28,16,0.0419,27101982,646137813,145967442,20210449,0.4493,0.0167
2006,Rev3,15332,153,15,20,0,0,2368709902,2012359694,356350208,0,0,0,0,639076990,3,0,0,,,,,,,0.2698
2007,Rev3,15332,153,15,31,3077,58843860,3575601340,2574399229,1001202111,24590944,33678650,2466945521,1032744759,12751680,1,11,3,0.0588,19123776,325382552,7991857,10945288,0.4186,0.0036
2009,Rev3,15332,153,15,25,2812,63142300,5240927258,4038231937,1202695321,14237054,38551698,3793383412,1473297454,398244154,2,7,3,0.0525,22454587,427701039,5062964,13709708,0.3884,0.076
2010,Rev3,15332,153,15,22,2215,56830138,3482170226,2720720889,761449337,87797674,16643572,2625683703,1142667080,26702446,2,6,4,0.0746,25656947,343769452,39637776,7514028,0.4352,0.0077
2006,Rev3,15410,154,15,713,0,0,4220546103,2793390851,1427155252,0,0,0,0,137918991,14,0,0,,,,,,,0.0327
2007,Rev3,15410,154,15,681,56733,627155417,5249255109,3035187688,2214067421,221518494,140521097,2284477294,203464896,92843926,3,130,10,0.2833,11054508,39026095,3904579,2476885,0.0891,0.0177
2009,Rev3,15410,154,15,616,52321,753592851,6591770585,3140527052,3451243533,167935431,156422255,2516663154,279013658,122350262,15,138,11,0.2184,14403258,65962874,3209714,2989665,0.1109,0.0186
2010,Rev3,15410,154,15,589,55836,712093767,9698377865,5931160747,3767217118,283137809,335576577,4263066966,376167395,231867799,12,129,12,0.189,12753309,67469323,5070883,6010040,0.0882,0.0239
2006,Rev3,15421,154,15,61,0,0,12634510815,8157439349,4477071466,0,0,0,0,203629499,3,0,0,,,,,,,0.0161
2007,Rev3,15421,154,15,60,57769,1062235780,16297645006,9156613296,7141031710,751607491,1211400776,7314620394,121345627,0,0,28,2,0.1488,18387644,123613559,13010568,20969738,0.0166,0.0
2009,Rev3,15421,154,15,60,64387,1109954474,28337761641,10813089858,17524671783,12027016433,472443589,10121929231,505381195,0,0,24,2,0.0633,17238798,272177175,186792620,7337562,0.0499,0.0
2010,Rev3,15421,154,15,57,57256,1170031144,30285033238,14737914875,15547118363,2660124294,1137455844,13168894525,1024771872,0,0,25,3,0.0753,20435084,271536928,46460184,19866142,0.0778,0.0
2006,Rev3,15422,154,15,61,0,0,36817948,25650850,11167098,0,0,0,0,1496400,2,0,0,,,,,,,0.0406
2007,Rev3,15422,154,15,64,2104,7616861,38293261,25570351,12722910,221300,2575031,21525535,0,1512000,1,16,0,0.5987,3620181,6047010,105181,1223874,0.0,0.0395
2009,Rev3,15422,154,15,62,1748,4304751,33703907,21655268,12048639,309885,1625141,18924569,0,1747990,2,16,0,0.3573,2462672,6892814,177280,929715,0.0,0.0519
2010,Rev3,15422,154,15,40,1299,4531068,24484243,17073003,7411240,184800,1606409,15323297,0,1528800,1,3,0,0.6114,3488120,5705343,142263,1236651,0.0,0.0624
2006,Rev3,15423,154,15,10,0,0,168216566,111266655,56949911,0,0,0,0,0,0,0,0,,,,,,,0.0
2007,Rev3,15423,154,15,11,1915,23179430,923732404,743898828,179833576,33303425,137687708,578547129,176086684,0,0,4,1,0.1289,12104141,93907873,17390822,71899586,0.3044,0.0
2009,Rev3,15423,154,15,9,2113,46536635,5088860277,3347776434,1741083843,42717681,31931006,3205465895,2766053314,58339450,2,5,4,0.0267,22023964,823986674,20216602,15111692,0.8629,0.0115
2010,Rev3,15423,154,15,8,1793,57187742,4886622717,3630207085,1256415632,128594919,161744704,3394922006,3053944708,1034444263,4,8,2,0.0455,31895004,700733760,71720535,90208982,0.8996,0.2117
2006,Rev3,15424,154,15,29,0,0,645573368,487852234,157721134,0,0,0,0,0,0,0,0,,,,,,,0.0
2007,Rev3,15424,154,15,22,1293,15522796,115896973,84966190,30930783,7324286,7260696,64505440,5631113,0,0,4,1,0.5019,12005256,23921719,5664568,5615387,0.0873,0.0
2009,Rev3,15424,154,15,10,687,9198531,81863635,52885894,28977741,500000,4754930,44873034,6821874,0,0,2,1,0.3174,13389419,42180118,727802,6921295,0.152,0.0
2010,Rev3,15424,154,15,14,891,10359211,110128433,83171268,26957165,2492739,6659744,66902008,3074782,0,0,4,1,0.3843,11626499,30254955,2797687,7474460,0.046,0.0
2006,Rev3,15429,154,15,7,0,0,52248554,37034089,15214465,0,0,0,0,0,0,0,0,,,,,,,0.0
2007,Rev3,15429,154,15,8,232,1753603,19695659,12151447,7544212,15475,580703,11154484,34757,0,0,1,0,0.2324,7558634,32518155,66703,2503030,0.0031,0.0
2009,Rev3,15429,154,15,6,151,1116925,15994535,11521789,4472746,146428,1000812,10363257,30300,0,0,1,0,0.2497,7396854,29620834,969722,6627894,0.0029,0.0
2010,Rev3,15429,154,15,6,149,1198017,22025525,16288437,5737088,0,712395,15274620,37950,0,0,0,0,0.2088,8040383,38503946,0,4781174,0.0025,0.0
2006,Rev3,15431,154,15,9,0,0,3299090990,3224278906,74812084,0,0,0,0,800240,1,0,0,,,,,,,0.0002
2007,Rev3,15431,154,15,11,7611,19179050,1607653574,1597333610,10319964,12692231,20669515,1420485762,21457361,0,0,3,0,1.8584,2519912,1355927,1667617,2715742,0.0151,0.0
2009,Rev3,15431,154,15,7,1684,37005359,1227133372,1122045117,105088255,3540119927,7912031,1009417668,12275733,932999923,3,4,2,0.3521,21974679,62403952,2102208983,4698356,0.0122,0.7603
2010,Rev3,15431,154,15,7,1936,45200983,608609407,335786280,272823127,3542154119,2336627,320699390,88988000,316185045,3,3,2,0.1657,23347615,140921037,1829625061,1206935,0.2775,0.5195
2006,Rev3,15432,154,15,88,0,0,4131436108,3029928548,1101507560,0,0,0,0,884206103,25,0,0,,,,,,,0.214
2007,Rev3,15432,154,15,86,14510,328246861,4290482472,3182338562,1108143910,152638457,75516686,2160924858,393942309,719730119,12,31,11,0.2962,22622113,76371048,10519535,5204458,0.1823,0.1678
2009,Rev3,15432,154,15,78,16073,368614622,4985659064,3369136008,1616523056,149700783,64705378,2868651600,238998633,1323277974,17,19,11,0.228,22933779,100573823,9313805,4025719,0.0833,0.2654
2010,Rev3,15432,154,15,71,17430,309015307,9199594299,7441407371,1758186928,256720750,165828470,5621320380,898632336,1506593925,17,28,11,0.1758,17728933,100871310,14728672,9513968,0.1599,0.1638
2006,Rev3,15440,154,15,329,0,0,4417051488,3539643465,877408024,0,0,0,0,44658985,4,0,0,,,,,,,0.0101
2007,Rev3,15440,154,15,331,31913,388155757,5478741478,4071151953,1407589525,62341118,198376940,3476132376,17772979,15453508,4,67,3,0.2758,12162935,44107089,1953471,6216180,0.0051,0.0028
2009,Rev3,15440,154,15,286,27682,352448545,7193017716,5321914428,1871103288,55053811,227331414,4671448833,30403094,10314076,8,52,1,0.1884,12732048,67592778,1988795,8212247,0.0065,0.0014
2010,Rev3,15440,154,15,279,29013,337749204,6900109919,4558021449,2342088470,1381577201,189924308,3985908958,13426448,24638144,6,38,2,0.1442,11641306,80725484,47619247,6546180,0.0034,0.0036
2006,Rev3,15491,154,15,212,0,0,5815151070,4622337825,1192813245,0,0,0,0,1204515041,62,0,0,,,,,,,0.2071
2007,Rev3,15491,154,15,206,54712,479565626,3830100304,2798583850,1031516454,14872108037,386605930,1834116061,178220845,1109159686,30,69,9,0.4649,8765273,18853569,271825341,7066200,0.0972,0.2896
2009,Rev3,15491,154,15,199,46611,571980488,6846180781,4798913515,2047267266,15216403584,248903447,4196938331,80867313,1393481361,63,60,6,0.2794,12271363,43922406,326455206,5340015,0.0193,0.2035
2010,Rev3,15491,154,15,190,53513,519643371,5468650002,3438610195,2030039807,15234820020,309156165,2701039584,324381675,1991890347,57,66,6,0.256,9710601,37935451,284693813,5777216,0.1201,0.3642
2006,Rev3,15492,154,15,159,0,0,321424852,182635274,138789578,0,0,0,0,0,0,0,0,,,,,,,0.0
2007,Rev3,15492,154,15,154,5415,52188634,313963775,164307393,149656382,13775205,35667896,25756022,6137,0,0,31,2,0.3487,9637790,27637374,2543898,6586869,0.0002,0.0
2009,Rev3,15492,154,15,130,6134,63721514,339099399,188905485,150193914,485340267,41320612,19715181,93875,68795,1,32,3,0.4243,10388248,24485477,79122965,6736324,0.0048,0.0002
2010,Rev3,15492,154,15,7,1159,15469996,53310769,24853514,28457255,16075727,7051197,9964987,0,1426409,1,4,1,0.5436,13347710,24553283,13870343,6083863,0.0,0.0268
2006,Rev3,15493,154,15,92,0,0,2030494519,1121007124,909487395,0,0,0,0,59897223,1,0,0,,,,,,,0.0295
2007,Rev3,15493,154,15,94,9930,326537252,1975979252,1228827218,747152034,66890332,37872743,1048843876,240163767,0,0,15,2,0.437,32883913,75241897,6736187,3813972,0.229,0.0
2009,Rev3,15493,154,15,87,9733,181029844,2036921002,1400251088,636669914,54174165,122049546,870379322,7361146,777600,1,11,2,0.2843,18599594,65413533,5566029,12539766,0.0085,0.0004
2010,Rev3,15493,154,15,81,7153,83611015,1573938873,966982063,606956810,55979096,80129597,597642637,3478867,0,0,16,2,0.1378,11688944,84853461,7825961,11202236,0.0058,0.0
2006,Rev3,15494,154,15,140,0,0,306927048,204772328,102154720,0,0,0,0,0,0,0,0,,,,,,,0.0
2007,Rev3,15494,154,15,135,4308,38244785,384916128,279213882,105702246,9402060,21263133,248973866,35567779,0,0,26,1,0.3618,8877620,24536269,2182465,4935732,0.1429,0.0
2009,Rev3,15494,154,15,141,4521,44759478,417537647,274823410,142714237,45158495,24121734,244402212,44156031,334692,1,30,2,0.3136,9900349,31566962,9988608,5335486,0.1807,0.0008
2010,Rev3,15494,154,15,135,4096,46131209,397965444,270424417,127541027,2364916,20272117,242867395,39174267,0,0,21,0,0.3617,11262502,31137946,577372,4949247,0.1613,0.0
2006,Rev3,15495,154,15,75,0,0,718010549,533810618,184199931,0,0,0,0,51409993,5,0,0,,,,,,,0.0716
2007,Rev3,15495,154,15,72,12449,115747620,1320841757,815453713,505388044,19405872,60177137,661848443,1957079,266156549,4,16,0,0.229,9297744,40596678,1558830,4833893,0.003,0.2015
2009,Rev3,15495,154,15,58,8778,103465633,1143434600,750096450,393338150,5731524,56910625,586862613,773261,201199410,6,8,0,0.263,11786926,44809541,652942,6483325,0.0013,0.176
2010,Rev3,15495,154,15,56,10705,75158370,1500996369,863483154,637513215,14229764,63988495,597898381,43362179,365615959,5,17,0,0.1179,7020866,59552846,1329263,5977440,0.0725,0.2436
2006,Rev3,15496,154,15,953,0,0,1692950982,1107490826,585460156,0,0,0,0,128319870,19,0,0,,,,,,,0.0758
2007,Rev3,15496,154,15,884,32901,192106703,1512465012,983731987,528733025,43031240,72044466,839433281,1735738,23017206,12,199,1,0.3633,5838932,16070424,1307901,2189735,0.0021,0.0152
2009,Rev3,15496,154,15,795,30600,218571043,1730219943,1135170721,595049222,478943142,73058769,1001542453,30356375,10885723,11,175,2,0.3673,7142845,19446053,15651737,2387541,0.0303,0.0063
2010,Rev3,15496,154,15,826,31201,238529731,1990727393,1277289891,713437502,42358650,79557875,1139556566,23972229,76835479,8,170,2,0.3343,7644939,22865854,1357606,2549850,0.021,0.0386
2006,Rev3,15497,154,15,56,0,0,12666920220,6394252684,6272667536,0,0,0,0,2733284898,11,0,0,,,,,,,0.2158
2007,Rev3,15497,154,15,55,9264,311815242,11741004225,7244453184,4496551041,77371876,210645964,5641494858,1201712308,124675762,4,10,6,0.0693,33658813,485378998,8351886,22738122,0.213,0.0106
2009,Rev3,15497,154,15,47,8962,206070869,19696459608,12671545864,7024913744,103073881,269719678,10794976623,1733966631,1160350095,7,11,9,0.0293,22993848,783855584,11501214,30095925,0.1606,0.0589
2010,Rev3,15497,154,15,48,8715,325018435,21301414343,15587059153,5714355190,104747782,349138852,13187148762,1905618440,690507743,7,13,10,0.0569,37294141,655691932,12019252,40061830,0.1445,0.0324
2006,Rev3,15498,154,15,114,0,0,203412026,134585390,68826636,0,0,0,0,354490,2,0,0,,,,,,,0.0017
2007,Rev3,15498,154,15,107,5146,34971567,314929348,164037642,150891706,9613608,15558479,132682606,1600789,29985979,3,33,0,0.2318,6795874,29322135,1868171,3023412,0.0121,0.0952
2009,Rev3,15498,154,15,78,4307,31163719,362180282,202873616,159306666,5288403,5152773,182989588,11571041,892277,3,21,1,0.1956,7235598,36987849,1227862,1196372,0.0632,0.0025
2010,Rev3,15498,154,15,74,3534,25276877,409354572,237746024,171608548,5761550,4132985,224488271,16720302,209951,2,25,1,0.1473,7152484,48559295,1630320,1169492,0.0745,0.0005
2006,Rev3,15499,154,15,266,0,0,2283195439,1289934089,993261350,0,0,0,0,495890508,16,0,0,,,,,,,0.2172
2007,Rev3,15499,154,15,269,16546,147432636,2141245785,1417113522,724132263,52003499,84161031,1153342099,225625093,87431943,9,49,5,0.2036,8910470,43764793,3142965,5086488,0.1956,0.0408
2009,Rev3,15499,154,15,254,19134,228056012,2268748968,1553549237,715199731,61452402,95550894,1297783235,106398976,67282984,8,44,5,0.3189,11918888,37378474,3211686,4993775,0.082,0.0297
2010,Rev3,15499,154,15,233,19310,192423038,1878603541,1261252612,617350929,91191329,65211874,1092753164,131377808,108874616,10,54,6,0.3117,9964942,31970530,4722492,3377104,0.1202,0.058
2006,Rev3,15510,155,15,11,0,0,45356320,24211911,21144409,0,0,0,0,119572,1,0,0,,,,,,,0.0026
2007,Rev3,15510,155,15,14,1177,12666731,606525488,307017609,299507879,13891098,5144176,250518930,151281584,5910642,1,5,1,0.0423,10761879,254467187,11802122,4370583,0.6039,0.0097
2009,Rev3,15510,155,15,13,1754,90601872,1401363072,723108340,678254732,135480463,14239619,621846628,418228893,36363,2,3,2,0.1336,51654431,386690269,77240857,8118369,0.6726,0.0
2010,Rev3,15510,155,15,14,2159,97600886,1332299907,452459459,879840448,229556823,11068245,382165788,249380906,10172711,1,3,2,0.1109,45206524,407522208,106325532,5126561,0.6525,0.0076
2006,Rev3,15520,155,15,6,0,0,31761246,13782011,17979235,0,0,0,0,0,0,0,0,,,,,,,0.0
2007,Rev3,15520,155,15,5,329,5039605,38065946,21322085,16743861,710771,1186902,13925448,0,0,0,1,0,0.301,15317948,50893195,2160398,3607605,0.0,0.0
2009,Rev3,15520,155,15,6,458,4874464,139283641,68364819,70918822,314752,5761710,43202692,4968000,73245,1,1,0,0.0687,10642934,154844590,687231,12580153,0.115,0.0005
2010,Rev3,15520,155,15,5,575,14400489,105813135,70452608,35360527,9330868,3060514,54962187,4859578,3635181,1,1,0,0.4072,25044329,61496569,16227597,5322633,0.0884,0.0344
2006,Rev3,15530,155,15,6,0,0,1182463667,710199542,472264125,0,0,0,0,36858539,5,0,0,,,,,,,0.0312
2007,Rev3,15530,155,15,10,1990,91181068,1701541367,251667087,1449874280,102246791,9901914,176176714,128827342,6499398,1,7,4,0.0629,45819632,728580040,51380297,4975836,0.7312,0.0038
2009,Rev3,15530,155,15,3,398,30843690,1109060731,531351460,577709271,25365840,24599701,428926946,52272831,0,0,1,3,0.0534,77496709,1451530832,63733266,61808294,0.1219,0.0
2010,Rev3,15530,155,15,3,465,20279728,1398955235,823451721,575503514,67484518,38963606,747125741,148403403,0,0,1,3,0.0352,43612318,1237641966,145127996,83792701,0.1986,0.0
2006,Rev3,15540,155,15,311,0,0,6991498376,4073850148,2917648228,0,0,0,0,200433366,19,0,0,,,,,,,0.0287
2007,Rev3,15540,155,15,290,28325,327737149,5910533555,2786195643,3124337912,291195746,142440003,1831358961,303244799,6468040,4,75,26,0.1049,11570597,110303192,10280521,5028773,0.1656,0.0011
2009,Rev3,15540,155,15,285,35083,536769399,11080671602,5196080155,5884591447,1419244207,173438338,3446034075,763023241,553838489,11,71,29,0.0912,15299986,167733416,40453901,4943658,0.2214,0.05
2010,Rev3,15540,155,15,270,33618,583524145,11654981275,6433720227,5221261048,4105550147,257187109,4307295624,544830576,906990519,9,73,26,0.1118,17357491,155311471,122123569,7650280,0.1265,0.0778
2010,Rev3,15541,155,15,2,82,818673,1907900,915611,992289,0,210480,645615,216450,0,0,0,0,0.825,9983817,12101085,0,2566829,0.3353,0.0
2010,Rev3,15542,155,15,14,385,211676632,370922649,41124263,329798386,3583450,2123375,1939071,0,0,0,3,0,0.6418,549809434,856619184,9307662,5515260,0.0,0.0
2006,Rev3,16001,160,16,711,0,0,1412592208,779316110,633276098,0,0,0,0,271346432,26,0,0,,,,,,,0.1921
2007,Rev3,16001,160,16,675,37221,178753356,5369772529,2898330412,2471442117,42042136,27143110,2677441519,526823954,103810900,12,159,3,0.0723,4802487,66399133,1129527,729242,0.1968,0.0193
2009,Rev3,16001,160,16,560,44409,173038538,4715959800,2512307782,2203652018,29645154,43336127,2304032821,334029652,369101551,10,165,2,0.0785,3896475,49621744,667548,975841,0.145,0.0783
2010,Rev3,16001,160,16,493,51913,146078316,9833346223,7597224650,2236121573,46975122,167679604,7253429921,648754767,953681732,25,122,5,0.0653,2813906,43074405,904882,3230012,0.0894,0.097
2006,Rev3,16002,160,16,421,0,0,60240468647,18250629684,41989838963,0,0,0,0,2279341984,5,0,0,,,,,,,0.0378
2007,Rev3,16002,160,16,385,234985,2548821304,65406007052,22893459381,42512547671,1630891041,803479024,20225969708,202211736,6695550,3,100,1,0.06,10846740,180916006,6940405,3419278,0.01,0.0001
2009,Rev3,16002,160,16,341,224053,2899486058,85176732879,39729104487,45447628392,5573066909,776655886,33973404552,253792328,321367705,5,66,0,0.0638,12941072,202843204,24873878,3466394,0.0075,0.0038
2010,Rev3,16002,160,16,343,246345,1806596944,92235681156,35801370030,56434311126,4183439556,403849259,33216310133,1283318999,3253928047,5,68,2,0.032,7333605,229086489,16982036,1639365,0.0386,0.0353
2006,Rev3,16003,160,16,12,0,0,408006917,166470597,241536320,0,0,0,0,34530132,4,0,0,,,,,,,0.0846
2007,Rev3,16003,160,16,12,1007,33073426,1573653635,786031736,787621899,16870100,13915897,624664959,140602328,0,0,6,2,0.042,32843521,782146871,16752830,13819163,0.2251,0.0
2009,Rev3,16003,160,16,13,3315,126092427,5402440983,3489344324,1913096659,215196520,35296584,3066151165,1253884161,3596987791,3,8,1,0.0659,38036931,577103065,64915994,10647537,0.4089,0.6658
2010,Rev3,16003,160,16,12,3721,79868145,3642910684,2846608769,796301915,17961722,24339680,2492196045,1392223413,1595784742,2,6,1,0.1003,21464162,214002127,4827122,6541166,0.5586,0.4381
2006,Rev3,16004,160,16,30,0,0,152541605,71662695,80878910,0,0,0,0,1493256,5,0,0,,,,,,,0.0098
2007,Rev3,16004,160,16,36,4585,30518592,280810208,215570510,65239698,1532631,5447354,142200983,0,795600,1,11,0,0.4678,6656181,14228942,334271,1188082,0.0,0.0028
2009,Rev3,16004,160,16,34,10609,88189850,795259792,194594858,600664934,7019735,37998112,153088721,2160294,28178194,2,3,0,0.1468,8312739,56618431,661677,3581686,0.0141,0.0354
2010,Rev3,16004,160,16,36,8691,37380336,410980492,105725352,305255140,7029474,831899,99747340,728287,148257667,2,3,0,0.1225,4301040,35123132,808822,95720,0.0073,0.3607
2006,Rev3,16009,160,16,32,0,0,192845717,130221894,62623823,0,0,0,0,2668014,1,0,0,,,,,,,0.0138
2007,Rev3,16009,160,16,21,2919,24328202,3631286223,2813363644,817922579,350100,9598299,2796906603,14914709,0,0,1,1,0.0297,8334430,280206433,119938,3288215,0.0053,0.0
2009,Rev3,16009,160,16,38,4550,34340239,1447834659,613451899,834382760,534000,14388780,588311771,50273746,6150175,1,2,0,0.0412,7547305,183380826,117363,3162369,0.0855,0.0042
2010,Rev3,16009,160,16,33,4400,31753753,2516207116,1760295456,755911660,7736307,20427838,1720364664,142800000,4784796,3,2,0,0.042,7216762,171798105,1758252,4642690,0.083,0.0019
2006,Rev3,17111,171,17,53,0,0,11876882094,8221459439,3655422655,0,0,0,0,960919044,10,0,0,,,,,,,0.0809
2007,Rev3,17111,171,17,63,42581,1184296875,20529343161,10468915807,10060427354,220460591,468831218,8752108961,4173114537,0,0,17,12,0.1177,27812801,236265643,5177440,11010338,0.4768,0.0
2009,Rev3,17111,171,17,31,14681,408567349,16340823123,7089843363,9250979760,1192537130,107300999,6389213430,3714981446,159740929,2,6,7,0.0442,27829668,630132808,81229966,7308834,0.5814,0.0098
2010,Rev3,17111,171,17,30,12555,230373896,8064907652,4924331173,3140576479,1752309730,103078271,4430107372,2431163542,1596461978,6,9,7,0.0734,18349175,250145478,139570667,8210137,0.5488,0.198
2006,Rev3,17112,171,17,108,0,0,21405185761,13298386419,8106799342,0,0,0,0,8337065128,50,0,0,,,,,,,0.3895
2007,Rev3,17112,171,17,108,73690,1010870705,24487735689,16376366646,8111369043,1347904742,1131439128,11606549686,4021557706,4181197523,25,34,29,0.1246,13717882,110074217,18291556,15354039,0.3465,0.1707
2009,Rev3,17112,171,17,103,54626,943004945,18595934058,13149576751,5446357307,873118375,369945542,10871807310,4185422649,6936816593,36,36,25,0.1731,17262932,99702656,15983568,6772334,0.385,0.373
2010,Rev3,17112,171,17,101,54005,865508301,13645167561,9834261807,3810905754,519432483,201661365,8354661055,3184175569,7000152442,42,31,24,0.2271,16026448,70565795,9618229,3734124,0.3811,0.513
2006,Rev3,17113,171,17,21,0,0,1714782104,1248709253,466072851,0,0,0,0,539455392,5,0,0,,,,,,,0.3146
2007,Rev3,17113,171,17,19,4265,86518358,2322229793,1604163000,718066793,142085540,163545981,1337776250,646022408,187647910,2,6,6,0.1205,20285664,168362671,33314312,38346068,0.4829,0.0808
2009,Rev3,17113,171,17,21,9425,163750082,5511065094,3123674403,2387390691,293709414,57179566,2199527606,1335934701,22961096,2,7,4,0.0686,17374014,253304052,31162803,6066797,0.6074,0.0042
2010,Rev3,17113,171,17,21,10014,196944974,7098977302,5354438839,1744538463,284067954,95164949,4588104444,1962189066,1308140671,4,5,4,0.1129,19666964,174209952,28367081,9503190,0.4277,0.1843
2006,Rev3,17114,171,17,589,0,0,22305368499,13535082521,8770285977,0,0,0,0,5866388370,75,0,0,,,,,,,0.263
2007,Rev3,17114,171,17,657,144603,1845569436,24734625355,15641336833,9093288522,1234224463,925790231,11923564576,2983635646,2920509866,29,104,34,0.203,12763009,62884508,8535262,6402289,0.2502,0.1181
2009,Rev3,17114,171,17,695,141555,1850523083,24794511412,16310951117,8483560295,1434918917,845060128,13343367795,2432592297,3512917793,52,100,29,0.2181,13072820,59931195,10136830,5969836,0.1823,0.1417
2010,Rev3,17114,171,17,688,166385,1825884628,28374892906,16962082537,11412810369,6238969263,857918716,13307761081,2555949253,10333849816,63,108,28,0.16,10973854,68592784,37497186,5156226,0.1921,0.3642
2006,Rev3,17115,171,17,66,0,0,196035379,148898323,47137056,0,0,0,0,131905485,3,0,0,,,,,,,0.6729
2007,Rev3,17115,171,17,107,3698,20583163,93200126,57204411,35995715,990990,735296,50004597,7609168,87808,1,10,0,0.5718,5566026,9733833,267980,198836,0.1522,0.0009
2009,Rev3,17115,171,17,35,4426,33864094,265000871,176774790,88226081,2508967,4908622,155259174,3819600,2300002,1,6,0,0.3838,7651174,19933593,566870,1109042,0.0246,0.0087
2010,Rev3,17115,171,17,31,1522,10009688,40348193,21920116,18428077,232820,259891,19669489,728668,4946227,3,6,0,0.5432,6576668,12107804,152970,170756,0.037,0.1226
2006,Rev3,17121,171,17,41,0,0,7979801494,5636743673,2343057821,0,0,0,0,4205412728,14,0,0,,,,,,,0.527
2007,Rev3,17121,171,17,30,9051,105072615,2229309657,1512050556,717259101,176332938,183688683,1112631601,350535023,557008892,4,11,6,0.1465,11608951,79246393,19482150,20294850,0.3151,0.2499
2009,Rev3,17121,171,17,39,12112,185878010,3627065484,2705965122,921100362,337682476,226237285,2192233456,835116744,528713671,8,10,7,0.2018,15346599,76048577,27879993,18678772,0.3809,0.1458
2010,Rev3,17121,171,17,43,15610,232219981,5499091124,4334784620,1164306504,477148042,386195726,3428800237,1306863106,1534642475,11,14,9,0.1994,14876360,74587220,30566819,24740277,0.3811,0.2791
2006,Rev3,17122,171,17,158,0,0,4403691227,2434553183,1969138044,0,0,0,0,1566034581,16,0,0,,,,,,,0.3556
2007,Rev3,17122,171,17,133,36523,438219655,6732407546,4422702659,2309704887,123007891,428420736,3049173976,768038564,139983934,3,32,9,0.1897,11998457,63239736,3367957,11730163,0.2519,0.0208
2009,Rev3,17122,171,17,124,29868,506436897,8517266386,6297559330,2219707056,1401536802,574343129,4971466959,894933585,1052001415,15,26,14,0.2282,16955836,74317231,46924361,19229380,0.18,0.1235
2010,Rev3,17122,171,17,145,34290,508253866,11241153811,8982557184,2258596627,2892138866,708689060,7138556995,974490482,953091770,15,36,16,0.225,14822218,65867502,84343507,20667514,0.1365,0.0848
2006,Rev3,17123,171,17,141,0,0,7068337755,4269176798,2799160957,0,0,0,0,3855224006,32,0,0,,,,,,,0.5454
2007,Rev3,17123,171,17,114,43681,445158177,5855432815,4450733043,1404699772,110332704,222337131,3555582968,357840344,1030917871,12,32,6,0.3169,10191117,32158141,2525874,5090019,0.1006,0.1761
2009,Rev3,17123,171,17,73,34630,458609740,11449285931,6782602423,4666683508,68748012,151544346,6125949762,851532842,1234355275,19,17,9,0.0983,13243134,134758403,1985215,4376100,0.139,0.1078
2010,Rev3,17123,171,17,75,36056,459454527,11402796660,5264721226,6138075434,110201559,205251615,4535368785,589168824,3643684381,16,21,8,0.0749,12742804,170237282,3056400,5692579,0.1299,0.3195
2006,Rev3,17124,171,17,279,0,0,421774639,317666382,104108257,0,0,0,0,256665038,14,0,0,,,,,,,0.6085
2007,Rev3,17124,171,17,345,13466,69276015,488215702,317501498,170714204,2931830,10704377,288809744,8238608,8170701,9,109,0,0.4058,5144513,12677425,217721,794919,0.0285,0.0167
2009,Rev3,17124,171,17,318,14470,98539699,646395263,397988103,248407160,22082028,13902862,356446161,16451034,34173376,13,66,0,0.3967,6809931,17167046,1526056,960806,0.0462,0.0529
2010,Rev3,17124,171,17,308,16390,136387307,864567868,531053010,333514858,14963160,17743362,475870315,13154413,60260533,12,47,0,0.4089,8321373,20348680,912944,1082572,0.0276,0.0697
2007,Rev3,17144,171,17,1,33,134220,358000,99330,258670,0,660,0,0,0,0,0,0,0.5189,4067273,7838485,0,20000,,0.0
2007,Rev3,17203,172,17,1,32,352400,7468800,4828892,2639908,870000,18000,4307160,0,0,0,1,0,0.1335,11012500,82497125,27187500,562500,0.0,0.0
2006,Rev3,17211,172,17,210,0,0,4314598397,2833462114,1481136283,0,0,0,0,153779940,26,0,0,,,,,,,0.0356
2007,Rev3,17211,172,17,180,17372,172549544,1477628454,1001543851,476084603,109419584,67428885,814179024,281087993,76589644,7,34,4,0.3624,9932624,27405285,6298618,3881469,0.3452,0.0518
2009,Rev3,17211,172,17,183,14592,149172680,897687964,536256065,361431899,53267670,22739209,446592705,43368518,38433965,12,34,6,0.4127,10222908,24769182,3650471,1558334,0.0971,0.0428
2010,Rev3,17211,172,17,176,14591,177238626,1047560846,680576155,366984691,224343446,27330884,550425150,50609671,67767430,13,41,5,0.483,12147120,25151442,15375467,1873133,0.0919,0.0647
2006,Rev3,17212,172,17,30,0,0,423634959,146750268,276884691,0,0,0,0,0,0,0,0,,,,,,,0.0
2007,Rev3,17212,172,17,32,3127,20418055,787033751,553406435,233627316,16662300,10751225,460477800,161150639,6908371,2,3,2,0.0874,6529599,74712925,5328526,3438192,0.35,0.0088
2009,Rev3,17212,172,17,31,7764,177681210,952369286,571946032,380423254,883234680,5435842,482396359,303826355,180755769,4,11,2,0.4671,22885267,48998358,113760263,700134,0.6298,0.1898
2010,Rev3,17212,172,17,29,9228,225708918,2331570748,1602510687,729060061,236225713,73559221,697964979,204562315,116805491,2,8,2,0.3096,24459137,79005208,25598799,7971307,0.2931,0.0501
2006,Rev3,17213,172,17,9,0,0,32356446,21058171,11298275,0,0,0,0,0,0,0,0,,,,,,,0.0
2007,Rev3,17213,172,17,10,805,7238307,46088879,29900559,16188320,3937792,2590455,21129009,1439281,0,0,2,1,0.4471,8991686,20109714,4891667,3217957,0.0681,0.0
2009,Rev3,17213,172,17,6,630,6624909,39094159,27741766,11352393,3937792,3309944,20860878,1872229,0,0,2,0,0.5836,10515729,18019671,6250463,5253879,0.0897,0.0
2010,Rev3,17213,172,17,6,679,6692437,40348357,32430407,7917950,3767792,4000663,25144861,1396803,0,0,1,0,0.8452,9856314,11661193,5549031,5891993,0.0556,0.0
2006,Rev3,17214,172,17,1,0,0,17009109,12248783,4760326,0,0,0,0,0,0,0,0,,,,,,,0.0
2007,Rev3,17214,172,17,3,877,7777111,35852517,21085856,14766661,0,259878,18475466,8948811,0,0,0,0,0.5267,8867857,16837698,0,296326,0.4844,0.0
2009,Rev3,17214,172,17,4,555,14876925,50604700,29274923,21329777,678537,320583,21608413,13627929,21943078,1,1,0,0.6975,26805270,38432031,1222589,577627,0.6307,0.4336
2010,Rev3,17214,172,17,2,215,3684240,12431398,1556331,10875067,678537,19698,134025,0,0,0,1,0,0.3388,17136000,50581707,3155986,91619,0.0,0.0
2006,Rev3,17215,172,17,4,0,0,18511894,14610983,3900911,0,0,0,0,0,0,0,0,,,,,,,0.0
2007,Rev3,17215,172,17,6,1791,15844057,38723540,30575764,8147776,215485,130689,18355649,0,0,0,2,0,1.9446,8846486,4549289,120315,72970,0.0,0.0
2009,Rev3,17215,172,17,2,1239,27431750,290563853,245860215,44703638,11069443,895752,219249119,0,12768428,1,2,0,0.6136,22140234,36080418,8934175,722964,0.0,0.0439
2010,Rev3,17215,172,17,3,1609,12199388,331364091,226774824,104589267,8586944,1557750,207683399,0,75826952,1,3,0,0.1166,7581969,65002652,5336820,968148,0.0,0.2288
2006,Rev3,17220,172,17,17,0,0,236744987,132632608,104112379,0,0,0,0,96334264,5,0,0,,,,,,,0.4069
2007,Rev3,17220,172,17,19,3388,40227208,341714165,242057006,99657159,31209544,11576678,195853124,77518427,117377869,7,8,7,0.4037,11873438,29414746,9211790,3416965,0.3958,0.3435
2009,Rev3,17220,172,17,15,2211,45606512,595248169,394983288,200264881,115037196,10654336,361437380,216423273,104358902,9,7,6,0.2277,20627097,90576608,52029487,4818786,0.5988,0.1753
2010,Rev3,17220,172,17,11,1744,35690181,704298457,540844059,163454398,134215669,10922333,488727024,295705387,194883713,5,4,5,0.2183,20464553,93723852,76958526,6262806,0.6051,0.2767
2006,Rev3,17231,172,17,34,0,0,422093701,309600309,112493392,0,0,0,0,121485436,4,0,0,,,,,,,0.2878
2007,Rev3,17231,172,17,28,3392,41507757,178310653,129890204,48420449,2673750,5295036,112767656,9319555,417000,1,12,2,0.8572,12236957,14274897,788252,1561037,0.0826,0.0023
2009,Rev3,17231,172,17,13,1297,19362658,122101185,78193618,43907567,2927025,3520903,69355844,3890761,0,0,6,1,0.441,14928803,33853174,2256766,2714652,0.0561,0.0
2010,Rev3,17231,172,17,12,1159,14506324,92339627,64922544,27417083,2666025,3484164,55938518,1575627,0,0,5,1,0.5291,12516242,23655809,2300280,3006181,0.0282,0.0
2006,Rev3,17232,172,17,25,0,0,309106954,94807744,214299210,0,0,0,0,173147163,4,0,0,,,,,,,0.5602
2007,Rev3,17232,172,17,27,6551,78657381,610706376,380180288,230526088,22245337,33036367,270152174,178755421,44836694,4,8,2,0.3412,12006927,35189450,3395716,5042950,0.6617,0.0734
2009,Rev3,17232,172,17,32,5903,81769782,540048426,250990711,289057715,8606436,18326794,194758673,128467520,8898365,2,13,2,0.2829,13852242,48967934,1457977,3104658,0.6596,0.0165
2010,Rev3,17232,172,17,27,2963,50010405,383067443,209456907,173610536,3031284,3571729,175154444,107173562,1248994,1,11,1,0.2881,16878301,58592823,1023046,1205443,0.6119,0.0033
2006,Rev3,17291,172,17,26,0,0,906467607,652496321,253971286,0,0,0,0,74663988,3,0,0,,,,,,,0.0824
2007,Rev3,17291,172,17,27,4944,61752813,461028684,287237472,173791212,1166718,3209738,243467748,175196585,1064879,2,6,2,0.3553,12490456,35151944,235987,649219,0.7196,0.0023
2009,Rev3,17291,172,17,29,3344,59426142,296095554,164064220,132031334,26678997,6294828,128854101,14999568,9643875,4,5,6,0.4501,17770975,39483054,7978169,1882425,0.1164,0.0326
2010,Rev3,17291,172,17,26,3478,73707088,471077135,258479620,212597515,18537525,23193874,193962845,63151382,80992499,3,7,6,0.3467,21192377,61126370,5329938,6668739,0.3256,0.1719
2006,Rev3,17292,172,17,9,0,0,114143187,67085072,47058115,0,0,0,0,39308246,2,0,0,,,,,,,0.3444
2007,Rev3,17292,172,17,8,1079,12711383,80044842,58090456,21954386,10502370,5450846,43587816,11261573,0,0,1,0,0.579,11780707,20346975,9733429,5051757,0.2584,0.0
2009,Rev3,17292,172,17,7,1593,19006882,119710276,67351975,52358301,2459141,2324709,54505564,36050824,81295377,4,1,2,0.363,11931502,32867734,1543717,1459328,0.6614,0.6791
2010,Rev3,17292,172,17,6,1308,14378489,109739113,42321811,67417302,26761,2489100,26431701,21120000,40865296,2,1,2,0.2133,10992729,51542280,20459,1902982,0.799,0.3724
2006,Rev3,17293,172,17,280,0,0,461259898,180569258,280690640,0,0,0,0,25716756,22,0,0,,,,,,,0.0558
2007,Rev3,17293,172,17,228,11463,67866470,265788543,116342173,149446370,31277749,4397791,84907903,2312498,4703855,9,37,7,0.4541,5920481,13037283,2728583,383651,0.0272,0.0177
2009,Rev3,17293,172,17,175,9979,60832590,169775697,61544031,108231666,12228790,1896631,46291605,14697334,41766490,6,16,5,0.5621,6096061,10845943,1225452,190062,0.3175,0.246
2010,Rev3,17293,172,17,144,8391,52744532,116287061,30656743,85630318,47800595,1357224,18202618,136370,2633221,4,19,5,0.616,6285846,10205019,5696651,161748,0.0075,0.0226
2006,Rev3,17294,172,17,7,0,0,121942763,95377653,26565110,0,0,0,0,28608308,3,0,0,,,,,,,0.2346
2007,Rev3,17294,172,17,6,809,10736304,199951683,179942112,20009571,948889,6002046,137205813,75122872,118726922,4,3,2,0.5366,13271080,24733710,1172916,7419093,0.5475,0.5938
2009,Rev3,17294,172,17,5,408,9296466,122586020,53084891,69501129,1717061,3526526,46966750,2030609,2329129,1,2,3,0.1338,22785456,170345904,4208483,8643446,0.0432,0.019
2010,Rev3,17294,172,17,6,827,15650835,145927556,77250961,68676595,59748221,4743890,60886684,14459277,6902354,1,4,1,0.2279,18924831,83043041,72246942,5736264,0.2375,0.0473
2007,Rev3,17295,172,17,1,410,1204464,3315625,2091930,1223695,165000,705400,1222015,0,0,0,1,0,0.9843,2937717,2984622,402439,1720488,0.0,0.0
2006,Rev3,17299,172,17,23,0,0,329839619,193417548,136422071,0,0,0,0,93676732,6,0,0,,,,,,,0.284
2007,Rev3,17299,172,17,19,3269,28722757,689704537,381456534,308248003,5237773,16161944,308941809,30300376,0,0,5,3,0.0932,8786405,94294281,1602255,4944002,0.0981,0.0
2009,Rev3,17299,172,17,15,2790,41505662,1066047775,841205725,224842050,205550,28155015,713257074,201711500,4764248,1,3,0,0.1846,14876581,80588548,73674,10091403,0.2828,0.0045
2010,Rev3,17299,172,17,13,1856,34419849,1613187175,1407442634,205744541,3400,41006469,1203749703,295437932,25073292,1,1,0,0.1673,18545177,110853740,1832,22094003,0.2454,0.0155
2006,Rev3,17301,173,17,122,0,0,6815502092,3305240893,3510261199,0,0,0,0,1858510273,14,0,0,,,,,,,0.2727
2007,Rev3,17301,173,17,104,50009,631490587,19731531441,16180994446,3550536995,418200016,1116443083,13442942638,6055878949,100523379,1,25,7,0.1779,12627539,70997960,8362495,22324843,0.4505,0.0051
2009,Rev3,17301,173,17,83,45811,647823710,16741071735,12553380710,4187691025,1302289904,962552087,10326900866,5128340894,712309529,14,18,4,0.1547,14141226,91412347,28427450,21011375,0.4966,0.0425
2010,Rev3,17301,173,17,76,48762,3178275673,14400021814,9510629375,4889392439,488497994,703788776,7904375485,3712404238,477034351,8,14,6,0.65,65179354,100270548,10018006,14433140,0.4697,0.0331
2006,Rev3,17302,173,17,236,0,0,1876641933,1085089783,791552150,0,0,0,0,1249321274,44,0,0,,,,,,,0.6657
2007,Rev3,17302,173,17,251,44615,578774502,2667166170,1626093616,1041072554,96200940,31541569,1362961202,421154161,1044482684,25,53,12,0.5559,12972644,23334586,2156247,706972,0.309,0.3916
2009,Rev3,17302,173,17,241,45540,584072668,4165005630,2537628045,1627377585,96098288,108014800,2124356559,713700588,2289943359,39,46,12,0.3589,12825487,35735125,2110195,2371866,0.336,0.5498
2010,Rev3,17302,173,17,286,45689,619054980,3556726173,1759761712,1796964461,168085918,45643516,1425320508,356380826,1580509176,36,62,11,0.3445,13549322,39330352,3678914,999004,0.25,0.4444
2006,Rev3,17303,173,17,17,0,0,157210369,105775110,51435259,0,0,0,0,102559274,4,0,0,,,,,,,0.6524
2007,Rev3,17303,173,17,18,2681,33870052,166344128,109779058,56565070,1481988,3366153,91756817,3186044,64039949,4,3,2,0.5988,12633365,21098497,552774,1255559,0.0347,0.385
2009,Rev3,17303,173,17,21,6421,94416106,509096777,323171268,185925509,2461303,5566881,250690684,44761360,361703423,5,4,3,0.5078,14704268,28955849,383321,866980,0.1786,0.7105
2010,Rev3,17303,173,17,19,6380,100975218,683658836,458262649,225396187,3453483,8031283,354175524,68511842,537941888,6,4,3,0.448,15826837,35328556,541298,1258822,0.1934,0.7869
2006,Rev3,17304,173,17,28,0,0,94230634,64481235,29749399,0,0,0,0,32387101,5,0,0,,,,,,,0.3437
2007,Rev3,17304,173,17,28,2825,19966401,402216919,248689533,153527386,3267166,1223300,241260159,1167514,317700,1,5,0,0.1301,7067753,54345977,1156519,433027,0.0048,0.0008
2009,Rev3,17304,173,17,15,1044,10865282,34137871,12519819,21618052,0,281526,11053297,394200,0,0,0,0,0.5026,10407358,20706946,0,269661,0.0357,0.0
2010,Rev3,17304,173,17,24,1396,13073076,58257199,30897937,27359262,1651444,1665495,19560136,2300282,3326180,2,6,0,0.4778,9364668,19598325,1182983,1193048,0.1176,0.0571
2006,Rev3,17400,174,17,99,0,0,100078235,70456902,29621333,0,0,0,0,0,0,0,0,,,,,,,0.0
2007,Rev3,17400,174,17,103,4523,21843883,133058896,87252866,45806030,481690,1521062,83834494,252,1465564,1,11,0,0.4769,4829512,10127356,106498,336295,0.0,0.011
2009,Rev3,17400,174,17,118,5395,25674027,221025794,151405920,69619874,22000,2303761,145374312,435,0,0,1,0,0.3688,4758856,12904518,4078,427018,0.0,0.0
2010,Rev3,17400,174,17,116,4942,27101563,232141720,162692597,69449123,674200,2752348,156286010,0,0,0,3,0,0.3902,5483926,14052838,136423,556930,0.0,0.0
2006,Rev3,18101,181,18,2862,0,0,40341195644,22931394233,17409801411,0,0,0,0,20889564235,402,0,0,,,,,,,0.5178
2007,Rev3,18101,181,18,2491,467541,5899302390,42892135900,23943166713,18948969187,2907625349,770269887,18769973274,8899385695,5946470785,91,454,155,0.3113,12617722,40529000,6218974,1647492,0.4741,0.1386
2009,Rev3,18101,181,18,1876,410931,5746717999,42315272533,17735722783,24579549750,11463265583,717246299,13740812947,6278607352,16829395156,185,362,164,0.2338,13984630,59814299,27895840,1745418,0.4569,0.3977
2010,Rev3,18101,181,18,1731,428060,5617640563,54459713324,27351332485,27108380839,13787418169,1326499504,18427471168,7920274061,16089685231,173,349,159,0.2072,13123489,63328461,32209079,3098863,0.4298,0.2954
2006,Rev3,18102,181,18,157,0,0,732995732,455064665,277931067,0,0,0,0,398044940,15,0,0,,,,,,,0.543
2007,Rev3,18102,181,18,206,15031,89523880,613455178,378056135,235399043,41325261,10567932,279012113,51876055,57884999,7,59,8,0.3803,5955950,15660904,2749335,703076,0.1859,0.0944
2009,Rev3,18102,181,18,98,12179,145710953,811801072,254170536,557630536,14159598,19558239,161133262,38337470,69919079,11,30,10,0.2613,11964115,45786233,1162624,1605899,0.2379,0.0861
2010,Rev3,18102,181,18,86,11588,122525715,1363519090,748605096,614913994,8715919,44911190,451877415,108318874,198053685,9,24,7,0.1993,10573500,53064722,752150,3875664,0.2397,0.1453
2006,Rev3,18103,181,18,19,0,0,281837569,180398009,101439560,0,0,0,0,6168600,2,0,0,,,,,,,0.0219
2007,Rev3,18103,181,18,18,5195,59177265,151785721,76746109,75039612,981922,7986851,64624236,31012833,0,0,3,3,0.7886,11391196,14444584,189013,1537411,0.4799,0.0
2009,Rev3,18103,181,18,17,3318,26872655,146956499,58301037,88655462,300059,9580236,44204799,15727002,33759664,4,3,2,0.3031,8099052,26719549,90434,2887353,0.3558,0.2297
2010,Rev3,18103,181,18,15,4249,31253557,180488715,152839733,27648982,87688362,1051571,131059441,83949949,106838715,3,6,2,1.1304,7355509,6507174,20637412,247487,0.6405,0.5919
2006,Rev3,18104,181,18,8,0,0,76978996,55888073,21090923,0,0,0,0,60671345,2,0,0,,,,,,,0.7882
2007,Rev3,18104,181,18,15,4626,56988454,1770032688,265989303,1504043385,6495198,963261,245495838,109169411,135656424,4,6,6,0.0379,12319164,325128272,1404064,208228,0.4447,0.0766
2009,Rev3,18104,181,18,16,4949,66371595,709385939,351149137,358236802,4663655,1367136,322586572,195741887,671616225,9,7,6,0.1853,13411112,72385694,942343,276245,0.6068,0.9468
2010,Rev3,18104,181,18,11,3126,33221964,361505647,194267582,167238065,4751943,558817,172115671,80895171,329050294,6,4,2,0.1987,10627628,53499061,1520135,178764,0.47,0.9102
2006,Rev3,18202,182,18,7,0,0,12621127,7311838,5309289,0,0,0,0,0,0,0,0,,,,,,,0.0
2007,Rev3,18202,182,18,5,117,1020595,3401861,1803165,1598696,52000,29442,1595483,5066,0,0,1,0,0.6384,8723034,13664068,444444,251641,0.0032,0.0
2009,Rev3,18202,182,18,2,86,485100,1191750,264398,927352,0,21345,191487,0,0,0,0,0,0.5231,5640698,10783163,0,248198,0.0,0.0
2010,Rev3,18202,182,18,3,179,1721062,3700610,1508152,2192458,0,15099,1410288,0,2984993,2,0,1,0.785,9614872,12248369,0,84352,0.0,0.8066
2009,Rev3,18203,182,18,1,226,256600,1672500,693282,979218,0,21180,598068,0,0,0,0,0,0.262,1135398,4332823,0,93717,0.0,0.0
2010,Rev3,18203,182,18,1,33,155760,887040,443000,444040,0,30000,149000,0,0,0,0,0,0.3508,4720000,13455758,0,909091,0.0,0.0
2007,Rev3,19102,191,19,1,106,1308906,54589947,43140324,11449623,3923197,1636102,38548039,19283100,0,0,1,1,0.1143,12348170,108015311,37011292,15434925,0.5002,0.0
2006,Rev3,19111,191,19,8,0,0,15061168,11276875,3784293,0,0,0,0,4798525,5,0,0,,,,,,,0.3186
2007,Rev3,19111,191,19,9,591,6731345,33795432,23404681,10390751,625624,381811,20323531,3010151,8476900,4,4,0,0.6478,11389755,17581643,1058585,646042,0.1481,0.2508
2009,Rev3,19111,191,19,9,686,10930673,92687250,71697050,20990200,1549311,777640,61811591,4969375,34127076,6,3,1,0.5208,15933926,30597959,2258471,1133586,0.0804,0.3682
2010,Rev3,19111,191,19,9,761,11777051,136939627,96459232,40480395,11712007,1249281,88865969,14481131,61086699,5,3,1,0.2909,15475757,53193686,15390285,1641631,0.163,0.4461
2006,Rev3,19112,191,19,41,0,0,972003132,620143502,351859630,0,0,0,0,596386021,14,0,0,,,,,,,0.6136
2007,Rev3,19112,191,19,45,5887,112434956,1560358290,1199385718,360972572,48387134,33804615,1024228196,380049798,175387002,10,15,5,0.3115,19098854,61316897,8219320,5742248,0.3711,0.1124
2009,Rev3,19112,191,19,50,5252,88569473,1524280174,1170399999,353880175,22790791,47721226,979257304,99590765,181827938,13,11,5,0.2503,16863951,67380079,4339450,9086296,0.1017,0.1193
2010,Rev3,19112,191,19,54,6288,110158554,1665500511,1301247899,364252612,52393528,68369297,1061192619,136526117,373614387,16,15,5,0.3024,17518854,57928214,8332304,10872980,0.1287,0.2243
2006,Rev3,19113,191,19,5,0,0,46054827,25260830,20793997,0,0,0,0,5611510,1,0,0,,,,,,,0.1218
2007,Rev3,19113,191,19,7,444,5685589,50584180,41223145,9361035,0,1457931,37972708,553608,0,0,0,0,0.6074,12805381,21083412,0,3283628,0.0146,0.0
2009,Rev3,19113,191,19,9,783,11580977,169709757,87241305,82468452,665403,1231462,84089065,0,14002292,2,2,2,0.1404,14790520,105323693,849812,1572748,0.0,0.0825
2010,Rev3,19113,191,19,8,613,8739736,158678744,106192218,52486526,445401,361761,101967049,20802080,53878540,2,2,2,0.1665,14257318,85622392,726592,590148,0.204,0.3395
2006,Rev3,19121,191,19,154,0,0,793295100,418716076,374579024,0,0,0,0,323421779,31,0,0,,,,,,,0.4077
2007,Rev3,19121,191,19,144,14486,145296608,904467010,459288294,445178716,30213587,11332618,305570406,84764090,196135035,13,39,11,0.3264,10030140,30731652,2085709,782315,0.2774,0.2169
2009,Rev3,19121,191,19,122,12187,141263537,764752033,382588771,382163262,8129526,9253548,315308062,59440472,183129729,17,17,9,0.3696,11591330,31358272,667065,759297,0.1885,0.2395
2010,Rev3,19121,191,19,121,11033,128020229,705538481,378727416,326811065,19200379,8984199,302426594,48972337,183466840,22,22,8,0.3917,11603392,29621233,1740268,814302,0.1619,0.26
2006,Rev3,19122,191,19,7,0,0,128033409,97337029,30696380,0,0,0,0,79964806,3,0,0,,,,,,,0.6246
2007,Rev3,19122,191,19,7,1080,14546943,97878910,38524420,59354490,1064429,199255,34314755,1703138,0,0,1,1,0.2451,13469392,54957861,985582,184495,0.0496,0.0
2009,Rev3,19122,191,19,3,503,8147147,108750957,89384548,19366409,5378749,59902,88321769,0,0,0,2,0,0.4207,16197111,38501807,10693338,119089,0.0,0.0
2010,Rev3,19122,191,19,5,766,12213826,128505453,101023577,27481876,5813088,134442,98274991,0,0,0,3,1,0.4444,15944943,35877123,7588888,175512,0.0,0.0
2009,Rev3,19123,191,19,1,25,100800,370900,197088,173812,0,3312,190800,0,0,0,0,0,0.5799,4032000,6952480,0,132480,0.0,0.0
2010,Rev3,19123,191,19,1,25,119000,315280,103670,211610,0,4068,97790,0,0,0,0,0,0.5624,4760000,8464400,0,162720,0.0,0.0
2006,Rev3,19129,191,19,13,0,0,405460360,223128872,182331488,0,0,0,0,91361218,8,0,0,,,,,,,0.2253
2007,Rev3,19129,191,19,17,3962,35280404,696265108,514769357,181495751,18418802,4640687,457560060,1060903,5888481,1,4,3,0.1944,8904696,45809124,4648865,1171299,0.0023,0.0085
2009,Rev3,19129,191,19,8,2062,24542719,738206705,626503959,111702746,587776,1239226,622309901,169166,118064,1,1,2,0.2197,11902386,54172040,285051,600983,0.0003,0.0002
2010,Rev3,19129,191,19,10,2217,19549468,404676595,276155635,128520960,1247803,807867,272292260,201627,1947131,2,5,2,0.1521,8817983,57970663,562834,364396,0.0007,0.0048
2006,Rev3,19201,192,19,400,0,0,6710651764,3705388926,3005262838,0,0,0,0,2329543308,42,0,0,,,,,,,0.3471
2007,Rev3,19201,192,19,360,59406,790734764,4606524090,2155147890,2451376200,188002401,61614012,1705626939,479167745,362621275,7,93,32,0.3226,13310689,41264791,3164704,1037168,0.2809,0.0787
2009,Rev3,19201,192,19,309,50471,622978822,5273864746,2546798692,2727066054,9410539545,33452528,2176832280,489101644,586980790,16,82,26,0.2284,12343303,54032336,186454391,662807,0.2247,0.1113
2010,Rev3,19201,192,19,301,58735,696735890,7757895952,4693944957,3063950995,448065122,50906519,4064297247,791770950,1971178472,26,77,27,0.2274,11862363,52165676,7628588,866715,0.1948,0.2541
2006,Rev3,19202,192,19,67,0,0,9216234140,4791746158,4424487982,0,0,0,0,3044955377,16,0,0,,,,,,,0.3304
2007,Rev3,19202,192,19,68,106990,1870319356,12412849517,7343636126,5069213391,212138846,336721651,5725231716,3926538262,3142286877,8,20,8,0.369,17481254,47380254,1982791,3147225,0.6858,0.2531
2009,Rev3,19202,192,19,58,124294,2195083935,18481982784,9642026168,8839956616,149268725,375986767,8524835793,5893000351,1056647098,8,18,12,0.2483,17660418,71121346,1200933,3024979,0.6913,0.0572
2010,Rev3,19202,192,19,61,122531,2784704647,16292156469,8050086100,8242070369,29930870395,321010660,7324390664,4318306183,2997164730,10,20,16,0.3379,22726532,67265185,244271820,2619832,0.5896,0.184
2006,Rev3,19203,192,19,10,0,0,2729180650,1814612484,914568166,0,0,0,0,1638627,1,0,0,,,,,,,0.0006
2007,Rev3,19203,192,19,14,2295,45305776,178531131,111103906,67427225,1050857,4380104,79664319,0,0,0,8,1,0.6719,19741079,29380054,457890,1908542,0.0,0.0
2009,Rev3,19203,192,19,13,2218,34682871,236965320,146752556,90212764,1126309,1773660,119864803,0,0,0,5,1,0.3845,15637002,40673023,507804,799666,0.0,0.0
2010,Rev3,19203,192,19,14,2490,28740914,150525309,49059913,101465396,1126309,621824,41159229,0,0,0,5,1,0.2833,11542536,40749155,452333,249729,0.0,0.0
2006,Rev3,19209,192,19,57,0,0,635435140,288883086,346552054,0,0,0,0,23422147,5,0,0,,,,,,,0.0369
2007,Rev3,19209,192,19,52,8255,67689352,532795862,293096862,239699000,28749143,7109701,134367426,17912214,17876097,4,12,4,0.2824,8199800,29036826,3482634,861260,0.1333,0.0336
2009,Rev3,19209,192,19,42,10538,130300642,1623582037,1030420213,593161824,1898277752,22489665,465710147,78160747,13942019,4,12,4,0.2197,12364836,56287894,180136435,2134149,0.1678,0.0086
2010,Rev3,19209,192,19,39,9127,170716135,1196034326,677103888,518930438,1907978082,16126335,255919560,63830726,38959160,3,15,4,0.329,18704518,56856627,209047670,1766882,0.2494,0.0326
2006,Rev3,20101,201,20,361,0,0,3226301080,2268143928,958157153,0,0,0,0,893368909,57,0,0,,,,,,,0.2769
2007,Rev3,20101,201,20,323,25678,259053874,3993433892,1883758222,2109675670,58519924,102629547,1648224311,10545224,380488749,9,80,5,0.1228,10088553,82158878,2278991,3996789,0.0064,0.0953
2009,Rev3,20101,201,20,230,20210,206957155,3555997335,2168174232,1387823103,93401070,62095624,1809617587,24848511,434569121,26,51,3,0.1491,10240334,68670119,4621527,3072520,0.0137,0.1222
2010,Rev3,20101,201,20,229,28764,266970128,3632109981,2521985156,1110124825,203084051,62976937,2085922461,82422253,803855377,26,58,5,0.2405,9281398,38594244,7060355,2189436,0.0395,0.2213
2006,Rev3,20102,201,20,91,0,0,577972764,380656418,197316346,0,0,0,0,260927003,27,0,0,,,,,,,0.4515
2007,Rev3,20102,201,20,74,5844,63189755,486285818,319932454,166353364,24019757,20249262,239300566,431175,43579787,12,23,1,0.3799,10812758,28465668,4110157,3464966,0.0018,0.0896
2009,Rev3,20102,201,20,69,5600,49290823,1126749356,429736176,697013180,8064257,24165512,356004628,35152,686145314,13,18,1,0.0707,8801933,124466639,1440046,4315270,0.0001,0.609
2010,Rev3,20102,201,20,73,12713,187621936,1983042075,1372615767,610426308,43062439,79887048,1181907500,6997260,620386555,14,15,4,0.3074,14758274,48015913,3387276,6283886,0.0059,0.3128
2006,Rev3,20103,201,20,43,0,0,64733095,37734981,26998114,0,0,0,0,10759609,4,0,0,,,,,,,0.1662
2007,Rev3,20103,201,20,34,1464,13305929,66261681,33037116,33224565,250600,2891668,28183638,0,5660153,3,5,0,0.4005,9088749,22694375,171175,1975183,0.0,0.0854
2009,Rev3,20103,201,20,20,809,4737882,672613807,16284967,656328840,1462732,654491,14566586,0,13958490,6,8,0,0.0072,5856467,811284104,1808074,809012,0.0,0.0208
2010,Rev3,20103,201,20,24,944,8831014,123309438,65312486,57996952,6452980,923357,62967872,0,2453000,2,9,0,0.1523,9354888,61437449,6835784,978132,0.0,0.0199
2006,Rev3,20104,201,20,63,0,0,263670314,178334075,85336239,0,0,0,0,97910389,23,0,0,,,,,,,0.3713
2007,Rev3,20104,201,20,41,3453,26725069,266989742,202021081,64968661,967722,11626712,177299525,0,8265344,8,11,0,0.4114,7739667,18815135,280255,3367134,0.0,0.031
2009,Rev3,20104,201,20,25,2044,20652332,254934274,169261227,85673047,1835200,4492211,159212689,0,54432471,10,6,0,0.2411,10103881,41914407,897847,2197755,0.0,0.2135
2010,Rev3,20104,201,20,26,2672,26533193,261847911,179612429,82235482,1016080,5381209,160257747,30572,75921925,10,4,0,0.3226,9930087,30776752,380269,2013926,0.0002,0.2899
2006,Rev3,20211,202,20,67,0,0,9131506133,4613872909,4517633224,0,0,0,0,5565846364,34,0,0,,,,,,,0.6095
2007,Rev3,20211,202,20,64,70324,1285663113,19614529094,12809737581,6804791513,1011051940,699069799,10828998414,261789490,1327450759,7,27,10,0.1889,18281996,96763431,14377054,9940700,0.0242,0.0677
2009,Rev3,20211,202,20,47,36496,822873054,7617887749,4170573639,3447314110,97421352,121930478,3762302372,570214679,2662567007,12,13,6,0.2387,22546938,94457313,2669371,3340927,0.1516,0.3495
2010,Rev3,20211,202,20,35,30842,468891257,6665149562,3877241275,2787908287,227201895,170538756,3541064200,802607613,2120246105,10,15,2,0.1682,15203011,90393239,7366639,5529432,0.2267,0.3181
2006,Rev3,20212,202,20,83,0,0,10693206802,7571317734,3121889068,0,0,0,0,7834134828,59,0,0,,,,,,,0.7326
2007,Rev3,20212,202,20,72,46831,596696062,7175134066,3706311226,3468822840,254384425,236979941,3248212153,243346783,2931049030,20,30,5,0.172,12741476,74071082,5431967,5060322,0.0749,0.4085
2009,Rev3,20212,202,20,67,49169,877312466,9202812571,4615220804,4587591767,170439470,203380754,4166377859,185168717,4576809516,43,22,8,0.1912,17842797,93302523,3466401,4136361,0.0444,0.4973
2010,Rev3,20212,202,20,59,42997,915029401,10979743599,6221531132,4758212467,885128981,315126231,5559001651,467372331,7294848268,39,16,9,0.1923,21281238,110663825,20585831,7329028,0.0841,0.6644
2006,Rev3,20213,202,20,47,0,0,1191490300,882652843,308837457,0,0,0,0,732204709,33,0,0,,,,,,,0.6145
2007,Rev3,20213,202,20,54,14145,157512434,2190472821,1752950913,437521908,104643933,123291612,1318440404,115458690,748227671,20,13,5,0.36,11135556,30931206,7397945,8716268,0.0876,0.3416
2009,Rev3,20213,202,20,65,15139,176709954,2830504293,1802887534,1027616759,194021725,106856974,1537232757,222556747,1229943218,31,20,8,0.172,11672498,67878774,12816020,7058391,0.1448,0.4345
2010,Rev3,20213,202,20,55,11167,159026264,2147203076,1288283877,858919199,174829912,59421867,1110317820,98980283,895163796,27,14,7,0.1851,14240733,76915841,15655943,5321202,0.0891,0.4169
2006,Rev3,20214,202,20,26,0,0,529559625,251769519,277790106,0,0,0,0,309227163,3,0,0,,,,,,,0.5839
2007,Rev3,20214,202,20,26,7294,87196093,1115193079,859768296,255424783,27350744,40086220,723308306,165434479,393767441,4,9,4,0.3414,11954496,35018479,3749759,5495780,0.2287,0.3531
2009,Rev3,20214,202,20,22,6786,82364816,1058785059,700868444,357916615,8864373,23618163,641520613,3027182,417275873,5,7,4,0.2301,12137462,52743386,1306274,3480425,0.0047,0.3941
2010,Rev3,20214,202,20,25,6975,78563788,1017905305,607654431,410250874,96152353,30688400,548561160,810970,77652787,3,12,3,0.1915,11263626,58817330,13785284,4399771,0.0015,0.0763
2006,Rev3,20220,202,20,359,0,0,6301204363,4039212360,2261992003,0,0,0,0,4406807090,180,0,0,,,,,,,0.6994
2007,Rev3,20220,202,20,353,48062,635155751,7187193998,4764055623,2423138375,371668368,182119694,4010104116,419542130,1272093013,66,88,29,0.2621,13215342,50416928,7733102,3789266,0.1046,0.177
2009,Rev3,20220,202,20,247,35065,498231660,6558705288,3576376026,2982329262,232490650,87654317,3067746102,285876389,1773359969,69,59,21,0.1671,14208803,85051455,6630277,2499767,0.0932,0.2704
2010,Rev3,20220,202,20,264,37759,519792349,6630455023,4157925654,2472529369,223656739,98061956,3608540749,372971787,2209329319,87,70,21,0.2102,13766052,65481855,5923270,2597049,0.1034,0.3332
2006,Rev3,20230,202,20,48,0,0,248334804,174758076,73576728,0,0,0,0,91705790,6,0,0,,,,,,,0.3693
2007,Rev3,20230,202,20,46,2622,19346932,130890572,87402655,43487917,1492497,2490246,76643160,3002386,39547992,5,5,1,0.4449,7378693,16585781,569221,949751,0.0392,0.3021
2009,Rev3,20230,202,20,40,2562,28154862,591257695,478074062,113183633,69147883,9173656,410575099,49156681,294677736,2,7,1,0.2488,10989407,44177843,26989806,3580662,0.1197,0.4984
2010,Rev3,20230,202,20,32,2532,36009408,555756353,407572417,148183936,68646876,7583486,356050123,34305767,233741944,3,8,1,0.243,14221725,58524461,27111720,2995058,0.0964,0.4206
2006,Rev3,20291,202,20,153,0,0,584020922,367219958,216800964,0,0,0,0,194066707,44,0,0,,,,,,,0.3323
2007,Rev3,20291,202,20,138,7773,44672506,358212823,260032894,98179929,2359918,2374525,243547280,3605938,36798786,51,26,3,0.455,5747138,12630893,303605,305484,0.0148,0.1027
2009,Rev3,20291,202,20,127,5568,66576155,280547132,167031890,113515242,2646234,3214584,138021960,5788500,108425543,53,17,2,0.5865,11956924,20387077,475258,577332,0.0419,0.3865
2010,Rev3,20291,202,20,100,5361,52866951,263519068,147775023,115744045,13053005,5882711,131114018,1688230,66141408,32,19,2,0.4568,9861397,21590010,2434808,1097316,0.0129,0.251
2006,Rev3,20292,202,20,105,0,0,172207237,132539667,39667570,0,0,0,0,126574837,36,0,0,,,,,,,0.735
2007,Rev3,20292,202,20,94,4374,23265375,74035634,37128254,36907380,1073578,984936,32045512,39210,28046983,27,22,2,0.6304,5319016,8437901,245445,225180,0.0012,0.3788
2009,Rev3,20292,202,20,50,2947,15039041,44314367,21663454,22650913,1043519,1356670,18369887,0,20635385,17,11,1,0.6639,5103170,7686092,354095,460356,0.0,0.4657
2010,Rev3,20292,202,20,50,2583,16858133,61228100,29786248,31441852,4671902,1103821,26027905,0,30805786,15,16,0,0.5362,6526571,12172610,1808712,427341,0.0,0.5031
2006,Rev3,20293,202,20,108,0,0,823040478,372279284,450761194,0,0,0,0,583637860,53,0,0,,,,,,,0.7091
2007,Rev3,20293,202,20,121,11211,134503506,712439189,287646005,424793184,31925899,4052415,222931703,37843220,426469610,52,31,4,0.3166,11997458,37890749,2847730,361468,0.1698,0.5986
2009,Rev3,20293,202,20,97,9554,136714026,745000844,365433208,379567636,19548202,3735754,326077695,146546845,474424942,53,25,5,0.3602,14309611,39728662,2046075,391015,0.4494,0.6368
2010,Rev3,20293,202,20,110,12078,158485723,725409488,312805720,412603768,46090250,5791704,275940640,43688432,474537652,60,31,13,0.3841,13121852,34161597,3816050,479525,0.1583,0.6542
2006,Rev3,20294,202,20,40,0,0,57571954,28421108,29150846,0,0,0,0,19333287,11,0,0,,,,,,,0.3358
2007,Rev3,20294,202,20,36,2285,13748851,60050796,19625479,40425317,659946,1390606,15514163,5275,6424297,10,5,1,0.3401,6017003,17691605,288817,608580,0.0003,0.107
2009,Rev3,20294,202,20,29,2268,15044420,103965133,72904607,31060526,356892,4208613,56228510,45575,4416409,7,4,1,0.4844,6633342,13695117,157360,1855649,0.0008,0.0425
2010,Rev3,20294,202,20,39,3143,24807623,132485046,62550912,69934134,11428791,1742576,57338563,1194018,87016052,18,9,4,0.3547,7892976,22250759,3636268,554431,0.0208,0.6568
2006,Rev3,20299,202,20,76,0,0,291421983,188357277,103064706,0,0,0,0,165481514,22,0,0,,,,,,,0.5678
2007,Rev3,20299,202,20,65,4643,44171758,226010263,153808242,72202021,7689692,4936242,130905920,7286613,77469917,11,16,3,0.6118,9513624,15550726,1656190,1063158,0.0557,0.3428
2009,Rev3,20299,202,20,44,6584,76808337,656340943,383719288,272621655,40318405,3037343,348395390,16987388,509079099,18,10,6,0.2817,11665908,41406691,6123695,461322,0.0488,0.7756
2010,Rev3,20299,202,20,48,7998,87630154,1008348218,717444358,290903860,22856570,11077167,636129541,39668237,655684852,18,11,8,0.3012,10956508,36372076,2857786,1384992,0.0624,0.6503
2006,Rev3,21011,210,21,10,0,0,24291210169,11330294606,12960915563,0,0,0,0,9871982714,3,0,0,,,,,,,0.4064
2007,Rev3,21011,210,21,3,5532,233447221,8916237322,3175948452,5740288870,8549093046,108206112,2539224665,215046799,0,0,2,2,0.0407,42199425,1037651640,1545389198,19560035,0.0847,0.0
2009,Rev3,21011,210,21,4,15196,646446435,22436091707,11308120387,11127971320,593387359162,991962805,9526031344,540057122,10798659526,3,2,2,0.0581,42540566,732296086,39048918081,65277889,0.0567,0.4813
2010,Rev3,21011,210,21,3,15303,335207669,32565637050,23461599259,9104037791,1486497153,1323831985,20310497804,779818841,18645144917,2,2,2,0.0368,21904703,594918499,97137630,86508004,0.0384,0.5725
2006,Rev3,21012,210,21,37,0,0,23336622224,13461536661,9875085563,0,0,0,0,6957612346,10,0,0,,,,,,,0.2981
2007,Rev3,21012,210,21,45,40893,1170179051,39342239628,26408178197,12934061431,112496978,1902979280,22188620903,7106652299,18341765,1,9,3,0.0905,28615632,316290354,2751008,46535575,0.3203,0.0005
2009,Rev3,21012,210,21,33,29898,923238627,31675656162,20548069666,11127586496,102752635,599359593,19306598777,5832587506,24998285,4,6,5,0.083,30879612,372184979,3436773,20046812,0.3021,0.0008
2010,Rev3,21012,210,21,41,39373,1169806323,40957019646,20078313911,20878705735,96452110,1558489124,16967358772,4896020729,134371189,4,9,4,0.056,29710876,530279779,2449702,39582687,0.2886,0.0033
2006,Rev3,21013,210,21,3,0,0,1651698910,661690401,990008509,0,0,0,0,120233930,2,0,0,,,,,,,0.0728
2007,Rev3,21013,210,21,2,2303,203770401,1466279871,460808771,1005471100,236747794,2980178,457708675,597325,0,0,2,0,0.2027,88480417,436591880,102799737,1294042,0.0013,0.0
2009,Rev3,21013,210,21,1,2883,275451481,1745775715,652471989,1093303726,0,4039716,648387366,0,0,0,0,0,0.2519,95543351,379224324,0,1401220,0.0,0.0
2010,Rev3,21013,210,21,1,2255,114764126,3609015410,832578217,2776437193,0,5581195,793366957,0,0,0,0,0,0.0413,50893182,1231236006,0,2475031,0.0,0.0
2006,Rev3,21014,210,21,16,0,0,738189117,594601880,143587237,0,0,0,0,267059365,8,0,0,,,,,,,0.3618
2007,Rev3,21014,210,21,22,3323,79258852,1066750246,631455359,435294887,8664419,51890550,510751206,156807880,98029658,2,5,2,0.1821,23851596,130994549,2607409,15615573,0.307,0.0919
2009,Rev3,21014,210,21,20,2233,26259802,491697144,307840007,183857137,20098833,10784094,268903002,34770363,54416589,5,3,3,0.1428,11759876,82336380,9000821,4829420,0.1293,0.1107
2010,Rev3,21014,210,21,22,3934,56395673,696551029,265093611,431457418,20713276,14053925,211539420,53213247,217782357,5,4,3,0.1307,14335453,109673975,5265195,3572426,0.2516,0.3127
2006,Rev3,21015,210,21,34,0,0,3848998090,2748079991,1100918099,0,0,0,0,497132462,9,0,0,,,,,,,0.1292
2007,Rev3,21015,210,21,39,11240,308820554,6208993483,4747794364,1461199119,116720079,606160873,4052043583,2999809585,76446189,5,15,4,0.2113,27475138,129999922,10384349,53928903,0.7403,0.0123
2009,Rev3,21015,210,21,30,13605,359714640,11853083090,4913940903,6939142187,104644249,248789287,4425392113,2552888034,3701601569,16,7,4,0.0518,26439885,510043527,7691602,18286607,0.5769,0.3123
2010,Rev3,21015,210,21,31,11814,289733540,8366215865,5661705025,2704510840,18416949,360543800,4712077473,2131451913,1641704470,14,5,5,0.1071,24524593,228924229,1558909,30518351,0.4523,0.1962
2006,Rev3,21016,210,21,26,0,0,1902695209,1066776513,835918696,0,0,0,0,417706373,7,0,0,,,,,,,0.2195
2007,Rev3,21016,210,21,35,6092,99728626,6379334190,4044162799,2335171391,909408930,133552720,3753071420,2513752562,192504402,2,6,4,0.0427,16370424,383317694,149279207,21922640,0.6698,0.0302
2009,Rev3,21016,210,21,31,4584,84840193,2382789071,1554476890,828312181,15670542,104077723,1165682574,508409337,83020577,2,7,2,0.1024,18507896,180696375,3418530,22704564,0.4361,0.0348
2010,Rev3,21016,210,21,31,6440,150444698,3522382052,1855903740,1666478312,75345224,147384650,1309948075,627977008,1384198659,8,10,2,0.0903,23360978,258769924,11699569,22885815,0.4794,0.393
2006,Rev3,21019,210,21,45,0,0,2313460929,1497623412,815837517,0,0,0,0,373817144,5,0,0,,,,,,,0.1616
2007,Rev3,21019,210,21,34,3851,93458140,1068529450,744215890,324313560,496764300,8150137,571036309,120857500,0,0,9,1,0.2882,24268538,84215414,128996183,2116369,0.2116,0.0
2009,Rev3,21019,210,21,31,4212,129409354,1733896955,1291417161,442479794,1126899352,36946185,1158067440,359609094,239087868,3,12,2,0.2925,30723968,105052183,267544955,8771649,0.3105,0.1379
2010,Rev3,21019,210,21,28,3288,248630854,2493100542,1961791703,531308839,1128537279,90332927,1663812080,319908651,440326707,3,10,2,0.468,75617656,161590280,343229099,27473518,0.1923,0.1766
2006,Rev3,21020,210,21,262,0,0,12125841973,8805465202,3320376771,0,0,0,0,2970300564,27,0,0,,,,,,,0.245
2007,Rev3,21020,210,21,255,33156,596887961,9269174512,6274946118,2994228394,255514700,198773754,5604902758,439089955,61790193,5,82,23,0.1993,18002412,90307287,7706439,5995107,0.0783,0.0067
2009,Rev3,21020,210,21,219,28518,690876851,13337250344,9989426005,3347824339,337062948,236506254,8962218148,508581666,317668295,13,67,22,0.2064,24225992,117393377,11819305,8293227,0.0567,0.0238
2010,Rev3,21020,210,21,235,30080,827242597,13766895460,10410861864,3356033596,233274814,256105397,9381657144,842818378,277459262,11,56,21,0.2465,27501416,111570266,7755147,8514142,0.0898,0.0202
2006,Rev3,21090,210,21,60,0,0,857781334,315550964,542230370,0,0,0,0,14020487,5,0,0,,,,,,,0.0163
2007,Rev3,21090,210,21,57,7006,116454256,4228062706,2624600488,1603462218,791023870,40238957,2252723756,502147658,337600800,2,14,2,0.0726,16622075,228869857,112906633,5743499,0.2229,0.0798
2009,Rev3,21090,210,21,55,5861,114817324,2042593082,869555140,1173037942,724539632,8685062,560346982,117880700,296335282,4,15,3,0.0979,19590057,200142969,123620480,1481840,0.2104,0.1451
2010,Rev3,21090,210,21,78,6895,159081302,2080503582,405370053,1675133529,22265051,4854200,367390554,93708306,164333149,8,15,5,0.095,23071980,242949025,3229159,704017,0.2551,0.079
2007,Rev3,21202,212,21,1,422,5457354,49348928,43213309,6135619,9511130,3951714,37786642,0,0,0,1,0,0.8895,12932118,14539382,22538223,9364251,0.0,0.0
2007,Rev3,21212,212,21,1,182,946400,3043700,2058110,985590,0,13310,1642800,0,2739330,1,0,0,0.9602,5200000,5415330,0,73132,0.0,0.9
2007,Rev3,21299,212,21,1,30,455000,2000000,315565,1684435,600000,11360,169797,0,0,0,1,0,0.2701,15166667,56147833,20000000,378667,0.0,0.0
2007,Rev3,22100,221,22,1,23,222962,828398,340186,488212,0,25248,262150,0,0,0,0,0,0.4567,9694000,21226609,0,1097739,0.0,0.0
2007,Rev3,22109,221,22,1,35,247367,4149463,710105,3439358,14875,0,651397,0,0,0,1,0,0.0719,7067629,98267371,425000,0,0.0,0.0
2006,Rev3,22110,221,22,206,0,0,4200055470,2432062359,1767993111,0,0,0,0,15067255,4,0,0,,,,,,,0.0036
2007,Rev3,22110,221,22,253,23284,445909352,6100616514,3029827959,3070788555,377945708,76090142,2333838232,71826937,0,0,63,2,0.1452,19150891,131884064,16231992,3267915,0.0308,0.0
2009,Rev3,22110,221,22,181,16906,335093911,4477634128,2620678321,1856955807,945294663,36370285,2101704268,100535326,6625228,9,46,2,0.1805,19821005,109840045,55914744,2151324,0.0478,0.0015
2010,Rev3,22110,221,22,116,11592,253093393,3365796517,1813236123,1552560394,248414304,20771816,1482108467,53614457,23238111,4,26,2,0.163,21833454,133933781,21429805,1791910,0.0362,0.0069
2006,Rev3,22120,221,22,133,0,0,3336921783,1257853222,2079068561,0,0,0,0,123750,1,0,0,,,,,,,0.0
2007,Rev3,22120,221,22,124,11696,240421112,4917372203,2026847339,2890524864,202748746,20324347,1354048729,21410552,0,0,47,0,0.0832,20555841,247137899,17334879,1737718,0.0158,0.0
2009,Rev3,22120,221,22,110,10527,366255797,4342608763,2147333730,2195275033,547991588,20476284,1519230837,3413512,0,0,44,0,0.1668,34792039,208537573,52055817,1945121,0.0022,0.0
2010,Rev3,22120,221,22,39,3896,167212608,1543832467,699321439,844511028,24991499,7841262,627485958,8322785,0,0,11,0,0.198,42919047,216763611,6414656,2012644,0.0133,0.0
2006,Rev3,22190,221,22,131,0,0,1945934027,1003412407,942521620,0,0,0,0,115879995,7,0,0,,,,,,,0.0595
2007,Rev3,22190,221,22,148,8922,115962006,1238559159,817849731,420709428,36709904,7239534,711777473,50760021,2408683,2,33,5,0.2756,12997311,47154161,4114538,811425,0.0713,0.0019
2009,Rev3,22190,221,22,169,13835,331350102,2588077835,1436970434,1151107401,1333878626,19495072,1206953737,52390434,16149067,6,45,4,0.2879,23950134,83202559,96413345,1409113,0.0434,0.0062
2010,Rev3,22190,221,22,100,10633,215716717,2052662606,1045144407,1007518199,2212532599,36648586,894433773,56336957,123153726,5,23,4,0.2141,20287475,94753898,208081689,3446684,0.063,0.06
2006,Rev3,22210,222,22,346,0,0,3036408286,1504893406,1531514880,0,0,0,0,35160549,9,0,0,,,,,,,0.0116
2007,Rev3,22210,222,22,214,12284,142295431,2624617275,1643797106,980820169,28935045,51356231,1214474156,43747128,2043718,1,29,3,0.1451,11583803,79845341,2355507,4180742,0.036,0.0008
2009,Rev3,22210,222,22,160,13624,254069407,7967940017,5485554844,2482385173,153633885,107053059,4685825285,176909625,1902750,1,36,8,0.1023,18648665,182206780,11276709,7857682,0.0378,0.0002
2010,Rev3,22210,222,22,146,13870,252581668,6197796848,1311667158,4886129690,133879666,18635991,1143996151,276917658,375080936,3,25,6,0.0517,18210647,352280439,9652463,1343619,0.2421,0.0605
2007,Rev3,22212,222,22,1,43,464645,16290000,13358400,2931600,0,10800,13320000,0,0,0,0,0,0.1585,10805698,68176744,0,251163,0.0,0.0
2006,Rev3,22220,222,22,17,0,0,45761652,23378000,22383652,0,0,0,0,24081851,2,0,0,,,,,,,0.5262
2007,Rev3,22220,222,22,21,629,4466532,22550803,5767419,16783384,842610,570225,3309981,0,0,0,4,0,0.2661,7101005,26682645,1339603,906558,0.0,0.0
2009,Rev3,22220,222,22,25,1558,24404692,198246425,44506143,153740282,68823833,3195119,29392955,7417216,0,0,3,3,0.1587,15664116,98677973,44174476,2050782,0.2523,0.0
2010,Rev3,22220,222,22,25,1895,28862041,140048806,21731156,118317650,5723500,363360,19394323,161544,0,0,2,4,0.2439,15230628,62436755,3020317,191747,0.0083,0.0
2006,Rev3,22301,223,22,8,0,0,13698961,8222841,5476120,0,0,0,0,0,0,0,0,,,,,,,0.0
2007,Rev3,22301,223,22,6,238,3443406,10204742,6211656,3993086,0,51824,5380506,0,0,0,0,0,0.8623,14468092,16777672,0,217748,0.0,0.0
2009,Rev3,22301,223,22,4,114,2040559,6071515,3575861,2495654,125000,25769,2508119,792000,0,0,1,0,0.8176,17899640,21891702,1096491,226044,0.3158,0.0
2010,Rev3,22301,223,22,6,218,4404379,17629761,11317594,6312167,125000,129526,9323046,0,0,0,1,0,0.6978,20203573,28954894,573394,594156,0.0,0.0
2007,Rev3,22302,223,22,1,28,504000,740724,383330,357394,0,3862,316724,0,0,0,0,0,1.4102,18000000,12764071,0,137929,0.0,0.0
2009,Rev3,22302,223,22,2,56,1102752,584342,0,584342,1175000,0,0,0,0,0,1,0,1.8872,19692000,10434679,20982143,0,,0.0
2006,Rev3,23100,231,23,10,0,0,168796543,127122830,41673713,0,0,0,0,30000007,3,0,0,,,,,,,0.1777
2007,Rev3,23100,231,23,11,1190,13270726,473935016,53344779,420590237,2122676,1849623,43552095,0,388018866,1,2,0,0.0316,11151871,353437174,1783761,1554305,0.0,0.8187
2009,Rev3,23100,231,23,8,810,9186738,336531153,209993573,126537580,13111606,23064429,131203918,0,0,0,2,0,0.0726,11341652,156219235,16187168,28474604,0.0,0.0
2010,Rev3,23100,231,23,8,860,15611940,357332902,225412639,131920263,13336302,24159907,140116940,0,0,0,3,0,0.1183,18153419,153395655,15507328,28092915,0.0,0.0
2006,Rev3,23201,232,23,17,0,0,5251199621,683292987,4567906634,0,0,0,0,0,0,0,0,,,,,,,0.0
2007,Rev3,23201,232,23,17,1439,17402571,4327536302,2414629036,1912907266,13180753,34303665,1903948004,17500348,600298,1,3,1,0.0091,12093517,1329330970,9159662,23838544,0.0092,0.0001
2009,Rev3,23201,232,23,8,876,16730456,429938540,148495174,281443366,8652630,34034144,104933096,17325600,0,0,1,0,0.0594,19098694,321282381,9877432,38851763,0.1651,0.0
2010,Rev3,23201,232,23,8,621,12710324,283656259,120846649,162809610,0,17519318,99887452,13755361,0,0,0,0,0.0781,20467510,262173285,0,28211462,0.1377,0.0
2006,Rev3,23202,232,23,7,0,0,803357943,505974106,297383838,0,0,0,0,288862184,2,0,0,,,,,,,0.3596
2007,Rev3,23202,232,23,3,272,4357210,15629651,11040764,4588887,0,1794386,4976147,459894,0,0,0,0,0.9495,16019154,16870908,0,6597007,0.0924,0.0
2009,Rev3,23202,232,23,5,421,12659612,387055362,79233156,307822206,0,3670035,65750952,3356967,245884230,1,0,2,0.0411,30070337,731169135,0,8717423,0.0511,0.6353
2010,Rev3,23202,232,23,5,400,21690396,396635700,24638760,371996940,0,923082,18753321,1992616,15491654,1,0,2,0.0583,54225990,929992350,0,2307705,0.1063,0.0391
2006,Rev3,23203,232,23,24,0,0,232676546,135773807,96902739,0,0,0,0,75666648,6,0,0,,,,,,,0.3252
2007,Rev3,23203,232,23,29,2953,25948016,483413112,310140910,173272202,73761930,36383766,232118261,8173402,70229011,5,11,3,0.1498,8787002,58676668,24978642,12320950,0.0352,0.1453
2009,Rev3,23203,232,23,36,3561,67507785,5639017025,4070079691,1568937334,50979561,138016651,3208287551,84524350,98547424,7,7,4,0.043,18957536,440588973,14316080,38757835,0.0263,0.0175
2010,Rev3,23203,232,23,35,3622,73016836,5156147861,3648246892,1507900969,54389880,49211048,2856806496,137505186,148463992,6,13,4,0.0484,20159259,416317219,15016532,13586706,0.0481,0.0288
2006,Rev3,23204,232,23,9,0,0,480684732,392164876,88519856,0,0,0,0,15389084,1,0,0,,,,,,,0.032
2007,Rev3,23204,232,23,9,789,23893998,352744887,204040786,148704101,2047563,1563679,190737753,97336217,500000,1,1,1,0.1607,30283901,188471611,2595137,1981849,0.5103,0.0014
2009,Rev3,23204,232,23,12,903,31289507,1097408617,746498992,350909625,704500,8257909,674872658,436408752,295126,2,1,4,0.0892,34650617,388604236,780177,9144971,0.6467,0.0003
2010,Rev3,23204,232,23,13,933,21842620,455644172,186795091,268849081,0,2899197,175281235,35519250,1260671,1,0,4,0.0812,23411168,288155499,0,3107392,0.2026,0.0028
2006,Rev3,23205,232,23,2,0,0,320964929,287823442,33141488,0,0,0,0,0,0,0,0,,,,,,,0.0
2007,Rev3,23205,232,23,2,77,1267846,18480924,15821394,2659530,0,65250,15486872,0,0,0,0,0,0.4767,16465532,34539351,0,847403,0.0,0.0
2009,Rev3,23205,232,23,1,42,606755,37778273,33757892,4020381,0,1003623,30608825,30608825,0,0,0,1,0.1509,14446548,95723357,0,23895786,1.0,0.0
2010,Rev3,23205,232,23,1,44,1718228,190125412,157010480,33114932,0,191568,148215083,148215083,0,0,0,1,0.0519,39050636,752612091,0,4353818,1.0,0.0
2006,Rev3,24111,241,24,20,0,0,3386396316,2950071713,436324603,0,0,0,0,320695241,2,0,0,,,,,,,0.0947
2007,Rev3,24111,241,24,16,3065,111465185,2963027001,2255780435,707246566,31732272,164437631,1768269977,1220805029,14565409,1,7,4,0.1576,36367108,230749287,10353107,53650124,0.6904,0.0049
2009,Rev3,24111,241,24,16,2678,146935885,4288562362,3055016284,1233546078,93891957,275819563,2183442152,1150021591,3758257,2,7,4,0.1191,54867769,460622135,35060477,102994609,0.5267,0.0009
2010,Rev3,24111,241,24,17,3394,78398283,4509103177,3358943143,1150160034,63509901,293424332,2330424146,1300380986,7114262,2,7,5,0.0682,23099082,338880387,18712405,86453840,0.558,0.0016
2006,Rev3,24112,241,24,40,0,0,13717645154,11401848762,2315796392,0,0,0,0,405771152,3,0,0,,,,,,,0.0296
2007,Rev3,24112,241,24,41,4938,198196470,1665703784,370318374,1295385410,28289295,21024235,242957682,49289997,362581860,2,8,7,0.153,40136993,262329974,5728897,4257642,0.2029,0.2177
2009,Rev3,24112,241,24,41,6823,634121961,19276179492,12276072169,7000107323,71926828,391983302,10066639332,2881800158,1369163280,6,13,10,0.0906,92938877,1025957397,10541819,57450286,0.2863,0.071
2010,Rev3,24112,241,24,41,6541,435049684,10753487096,4965515625,5787971471,113598353,144150316,4023269816,762561934,2340046605,5,11,7,0.0752,66511189,884875626,17367123,22037963,0.1895,0.2176
2006,Rev3,24113,241,24,9,0,0,380715462,323424803,57290659,0,0,0,0,172003213,4,0,0,,,,,,,0.4518
2007,Rev3,24113,241,24,10,1544,21952789,3640020773,2888366888,751653885,48738348,177814016,2530180407,473815237,0,0,6,1,0.0292,14218128,486822464,31566288,115164518,0.1873,0.0
2009,Rev3,24113,241,24,12,1064,41776576,1866977323,1511287851,355689472,48116655,70875165,1324685854,405117887,143123542,4,7,4,0.1175,39263699,334294617,45222420,66611997,0.3058,0.0767
2010,Rev3,24113,241,24,11,843,37101922,1340580880,999943178,340637702,48795574,55225089,871104041,222700756,91949619,2,7,5,0.1089,44011770,404077938,57883243,65510189,0.2557,0.0686
2006,Rev3,24114,241,24,38,0,0,2894194026,1130682439,1763511588,0,0,0,0,1664216360,14,0,0,,,,,,,0.575
2007,Rev3,24114,241,24,34,3774,100326205,7423027520,4788862418,2634165102,499314609,136553042,3976763052,2182835472,52464931,6,13,11,0.0381,26583520,697976975,132303818,36182576,0.5489,0.0071
2009,Rev3,24114,241,24,23,1925,93580143,1504001637,966041287,537960350,431364967,26962108,837612617,434906113,0,0,9,5,0.174,48613061,279459922,224085697,14006290,0.5192,0.0
2010,Rev3,24114,241,24,23,2148,85893654,2579192171,1999393539,579798632,582423944,70009110,1749309217,897521906,0,0,12,5,0.1481,39987735,269924875,271147088,32592696,0.5131,0.0
2006,Rev3,24115,241,24,48,0,0,1506705763,849972691,656733072,0,0,0,0,931633593,19,0,0,,,,,,,0.6183
2007,Rev3,24115,241,24,45,3388,62175376,4307085009,3789578275,517506734,29207575,269892628,2214536984,133052981,40211472,9,17,4,0.1201,18351646,152746970,8620890,79661342,0.0601,0.0093
2009,Rev3,24115,241,24,38,2297,49992844,2259058686,1532566530,726492156,16652278,108611018,1330707970,14488987,97339517,7,8,2,0.0688,21764407,316278692,7249577,47283856,0.0109,0.0431
2010,Rev3,24115,241,24,37,2542,69197181,1643272499,983815964,659456535,2660319,106400179,715715317,16926876,265257781,11,6,4,0.1049,27221550,259424286,1046546,41856876,0.0237,0.1614
2006,Rev3,24116,241,24,26,0,0,4675591733,4170363689,505228043,0,0,0,0,135310767,10,0,0,,,,,,,0.0289
2007,Rev3,24116,241,24,23,2699,73396739,1802261287,1374559349,427701938,161222203,209035301,996276546,597391475,189126146,5,10,8,0.1716,27194049,158466817,59734051,77449167,0.5996,0.1049
2009,Rev3,24116,241,24,22,2784,161568080,1176566156,358031482,818534674,27751655,25195128,202634382,96507653,172385672,7,7,8,0.1974,58034511,294013892,9968267,9049974,0.4763,0.1465
2010,Rev3,24116,241,24,27,3345,231154062,1607128934,993403756,613725178,299696060,81679617,655347850,380590051,368802699,8,9,11,0.3766,69104353,183475390,89595235,24418421,0.5807,0.2295
2006,Rev3,24117,241,24,9,0,0,10631309583,8208560319,2422749265,0,0,0,0,2366441609,5,0,0,,,,,,,0.2226
2007,Rev3,24117,241,24,9,5843,135206463,10567774129,6413264360,4154509769,36516449,124865220,6002334164,4410560237,5364035,1,4,5,0.0325,23139905,711023407,6249606,21370053,0.7348,0.0005
2009,Rev3,24117,241,24,11,1498,84071784,3595918962,2296097406,1299821556,53901750,107583106,2148734492,1691598917,828584332,6,4,4,0.0647,56122686,867704644,35982477,71817828,0.7873,0.2304
2010,Rev3,24117,241,24,12,1539,112724635,3919764754,2368183409,1551581345,1215316957,148043293,2147958689,1692603856,778595356,7,4,5,0.0727,73245377,1008175013,789679634,96194472,0.788,0.1986
2006,Rev3,24118,241,24,36,0,0,6461685419,4025124445,2436560974,0,0,0,0,2683891223,10,0,0,,,,,,,0.4154
2007,Rev3,24118,241,24,37,6108,296963892,14464706832,8247297998,6217408834,147040147,139557507,7395354648,4980339687,990073508,8,19,20,0.0478,48618843,1017912383,24073370,22848315,0.6734,0.0684
2009,Rev3,24118,241,24,45,5576,245973752,31343468246,23424741002,7918727244,333526367,2007159010,16461784612,4004770579,64418627,11,14,17,0.0311,44112940,1420144771,59814628,359963954,0.2433,0.0021
2010,Rev3,24118,241,24,43,4227,207193410,15879892445,11187223045,4692669400,44125746,339122183,9799890786,2361102620,31583921,8,14,15,0.0442,49016657,1110165460,10439022,80227628,0.2409,0.002
2006,Rev3,24119,241,24,36,0,0,6717731937,5039308415,1678423522,0,0,0,0,2048163079,20,0,0,,,,,,,0.3049
2007,Rev3,24119,241,24,32,8079,386625533,13018995554,10519284677,2499710877,563132623,1015246362,8433476569,1158922663,1052688640,7,15,10,0.1547,47855617,309408451,69703258,125664855,0.1374,0.0809
2009,Rev3,24119,241,24,34,7648,293671551,6171660808,3536602952,2635057856,201449214,293741796,2839799689,471091928,984529026,9,14,13,0.1114,38398477,344542084,26340117,38407662,0.1659,0.1595
2010,Rev3,24119,241,24,34,7694,394213622,7598050788,5239675314,2358375474,436218510,479217265,4228978974,863711349,923966297,12,20,13,0.1672,51236499,306521377,56695933,62284542,0.2042,0.1216
2006,Rev3,24121,241,24,30,0,0,147450611,91472887,55977724,0,0,0,0,193224,2,0,0,,,,,,,0.0013
2007,Rev3,24121,241,24,38,1686,15441073,139509187,91374923,48134264,8935347,9712606,55592770,65556,4781911,1,11,1,0.3208,9158406,28549386,5299731,5760739,0.0012,0.0343
2009,Rev3,24121,241,24,42,2203,33002662,325271943,147051271,178220672,16239142,16864753,118417523,3343404,1662842,3,9,2,0.1852,14980782,80899079,7371376,7655358,0.0282,0.0051
2010,Rev3,24121,241,24,38,2238,27707476,357448197,170411086,187037111,17951667,23210967,130757083,1823965,13314672,3,8,1,0.1481,12380463,83573329,8021299,10371299,0.0139,0.0372
2006,Rev3,24122,241,24,18,0,0,4216206887,1265384395,2950822493,0,0,0,0,737586228,5,0,0,,,,,,,0.1749
2007,Rev3,24122,241,24,14,7292,454032390,14205558072,3206791454,10998766618,1026783071,9222469,2969793811,15816911,136373621,2,6,0,0.0413,62264453,1508333327,140809527,1264738,0.0053,0.0096
2009,Rev3,24122,241,24,11,5495,904071377,15445777884,9938467632,5507310252,958375592,196310008,9555290220,79795423,2948854022,4,5,1,0.1642,164526183,1002240264,174408661,35725206,0.0084,0.1909
2010,Rev3,24122,241,24,11,5529,972499216,17314271394,5026180302,12288091092,836130688,68906179,4913985961,30417911,2710334986,4,5,0,0.0791,175890616,2222479850,151226386,12462684,0.0062,0.1565
2006,Rev3,24123,241,24,13,0,0,541996429,360343113,181653316,0,0,0,0,45647730,2,0,0,,,,,,,0.0842
2007,Rev3,24123,241,24,14,4599,105525184,5466260315,2966381434,2499878881,11297920,5715413,2016735672,1946092082,0,0,3,1,0.0422,22945245,543570098,2456604,1242751,0.965,0.0
2009,Rev3,24123,241,24,17,5073,113166504,2710991805,640211791,2070780014,15336692,17507635,485730625,393202165,0,0,4,2,0.0546,22307610,408196336,3023200,3451140,0.8095,0.0
2010,Rev3,24123,241,24,13,4584,176002385,6445837873,4868538442,1577299431,36919224,183147887,4249243742,2373972291,0,0,4,2,0.1116,38394936,344088009,8053932,39953728,0.5587,0.0
2006,Rev3,24129,241,24,8,0,0,9123245811,1846991534,7276254277,0,0,0,0,548501999,2,0,0,,,,,,,0.0601
2007,Rev3,24129,241,24,10,282,1768606,10708789,7346257,3362532,646150,1155119,4657583,4122,983250,1,3,1,0.526,6271652,11923872,2291312,4096167,0.0009,0.0918
2009,Rev3,24129,241,24,7,427,3658741,167283280,87428283,79854997,7750618,192250,79807093,10780450,0,0,3,0,0.0458,8568480,187014044,18151330,450234,0.1351,0.0
2010,Rev3,24129,241,24,7,424,6414534,253908922,151229878,102679044,163744468,540766,134523370,15822175,0,0,3,0,0.0625,15128618,242167557,386189783,1275392,0.1176,0.0
2006,Rev3,24131,241,24,38,0,0,12603973708,9020128536,3583845172,0,0,0,0,2253153017,9,0,0,,,,,,,0.1788
2007,Rev3,24131,241,24,32,4013,132987919,7959036933,7032857656,926179277,190457463,449265915,6037179098,2077921652,0,0,10,9,0.1436,33139277,230794736,47460120,111952633,0.3442,0.0
2009,Rev3,24131,241,24,49,5181,369610969,9443018354,5428167318,4014851036,93178233,387842106,4557664043,1874196572,819983609,8,16,15,0.0921,71339697,774918169,17984604,74858542,0.4112,0.0868
2010,Rev3,24131,241,24,49,5795,768119122,105635490957,82630967176,23004523781,421036782,817244047,80627605531,50050374120,1802281261,11,13,16,0.0334,132548597,3969719375,72655182,141025720,0.6208,0.0171
2006,Rev3,24132,241,24,9,0,0,280303989,164764811,115539178,0,0,0,0,37772369,3,0,0,,,,,,,0.1348
2007,Rev3,24132,241,24,10,2152,22166133,297212075,137834541,159377534,221823,12207487,117251853,133410,0,0,1,0,0.1391,10300248,74060192,103078,5672624,0.0011,0.0
2009,Rev3,24132,241,24,8,3801,45218775,1672045346,235026223,1437019123,924769,8250771,221164585,15556330,1113023687,4,2,2,0.0315,11896547,378063437,243296,2170684,0.0703,0.6657
2010,Rev3,24132,241,24,11,9974,70814541,453871841,176538901,277332940,8937098,17069819,147732642,246412,75216798,4,7,3,0.2553,7099914,27805589,896040,1711432,0.0017,0.1657
2006,Rev3,24211,242,24,11,0,0,1581375542,1334278958,247096584,0,0,0,0,804363596,2,0,0,,,,,,,0.5086
2007,Rev3,24211,242,24,7,1077,22627165,643437215,477285512,166151703,9246484,10280123,409099474,286241319,55753524,1,3,0,0.1362,21009438,154272705,8585408,9545147,0.6997,0.0866
2009,Rev3,24211,242,24,8,1164,35147324,383086313,272330971,110755342,15228095,9827687,216703686,41034305,16058054,1,3,2,0.3173,30195296,95150637,13082556,8443030,0.1894,0.0419
2010,Rev3,24211,242,24,9,1318,69406753,882639909,598744711,283895198,506438657,27069359,497520238,211421906,185968575,2,5,2,0.2445,52660662,215398481,384247843,20538209,0.425,0.2107
2006,Rev3,24212,242,24,30,0,0,2547624779,1876927913,670696866,0,0,0,0,269109211,10,0,0,,,,,,,0.1056
2007,Rev3,24212,242,24,32,8416,116117217,2842181644,1601186740,1240994904,32745176,148459553,1249301964,392776340,40457292,2,14,15,0.0936,13797198,147456619,3890824,17640156,0.3144,0.0142
2009,Rev3,24212,242,24,29,7136,93136736,2970032257,1274634236,1695398021,19998457,41864949,1162266001,288613649,52022828,5,8,12,0.0549,13051673,237583803,2802474,5866725,0.2483,0.0175
2010,Rev3,24212,242,24,32,7614,182807234,4316958148,1960777234,2356180914,221150404,50591972,1625110345,311739506,929375721,8,12,15,0.0776,24009356,309453758,29045233,6644598,0.1918,0.2153
2006,Rev3,24213,242,24,1,0,0,742913,297128,445785,0,0,0,0,557185,1,0,0,,,,,,,0.75
2007,Rev3,24213,242,24,1,20,87840,1017000,314536,702464,0,5412,280400,0,0,0,0,0,0.125,4392000,35123200,0,270600,0.0,0.0
2009,Rev3,24213,242,24,1,40,293400,2814650,1814860,999790,614776,0,1105265,0,2758638,1,1,0,0.2935,7335000,24994750,15369400,0,0.0,0.9801
2010,Rev3,24213,242,24,1,41,294013,1104754,549715,555039,0,0,427484,0,1104754,1,0,0,0.5297,7171049,13537537,0,0,0.0,1.0
2006,Rev3,24220,242,24,138,0,0,4336209093,2695740178,1640468915,0,0,0,0,798726639,10,0,0,,,,,,,0.1842
2007,Rev3,24220,242,24,129,12189,285787338,4537088219,3077130593,1459957626,79092279,50254076,2647067283,735478288,17836170,2,30,24,0.1958,23446332,119776653,6488824,4122904,0.2778,0.0039
2009,Rev3,24220,242,24,107,12750,365995018,4854516984,2774035465,2080481519,116658009,29067575,2459625588,444551529,417334681,4,30,22,0.1759,28705492,163175021,9149648,2279810,0.1807,0.086
2010,Rev3,24220,242,24,107,12547,354769034,5692369653,3759288961,1933080692,119014830,42238312,3261512885,725579420,528006387,4,30,21,0.1835,28275208,154067163,9485521,3366407,0.2225,0.0928
2010,Rev3,24221,242,24,3,376,5363319,17686729,7548087,10138642,0,716626,6102694,0,783183,1,0,0,0.529,14264146,26964473,0,1905920,0.0,0.0443
2006,Rev3,24231,242,24,17,0,0,4583441321,3512342828,1071098493,0,0,0,0,33475467,3,0,0,,,,,,,0.0073
2007,Rev3,24231,242,24,10,1486,35331911,598370514,319973861,278396653,7032863,3720655,250684972,152533610,0,0,2,1,0.1269,23776522,187346334,4732748,2503806,0.6085,0.0
2009,Rev3,24231,242,24,15,3984,295119956,1919809647,1198888680,720920967,174988511,25821949,969544292,413595441,30746156,3,7,0,0.4094,74076294,180954058,43922819,6481413,0.4266,0.016
2010,Rev3,24231,242,24,13,3441,82905433,1157814497,593980025,563834472,180756193,16102711,455724200,166467674,136793075,3,6,1,0.147,24093413,163857737,52530135,4679660,0.3653,0.1181
2006,Rev3,24232,242,24,142,0,0,17903138080,9286589937,8616548143,0,0,0,0,1734708397,29,0,0,,,,,,,0.0969
2007,Rev3,24232,242,24,145,37555,1037841606,23987475442,9905152242,14082323200,550248781,335644931,6645923381,4452113228,76384125,5,69,26,0.0737,27635244,374978650,14651812,8937423,0.6699,0.0032
2009,Rev3,24232,242,24,135,44780,1250370272,156454948396,84247802454,72207145942,4696955381,267718701,80700947727,74521093608,43951378336,15,69,23,0.0173,27922516,1612486511,104889580,5978533,0.9234,0.2809
2010,Rev3,24232,242,24,134,42175,1368557759,66633360470,30938012717,35695347753,3345236326,232670201,25930148854,22419385081,783999985,18,69,25,0.0383,32449502,846362721,79317992,5516780,0.8646,0.0118
2006,Rev3,24233,242,24,2,0,0,1110680,317665,793015,0,0,0,0,0,0,0,0,,,,,,,0.0
2007,Rev3,24233,242,24,3,1205,8239668,45088992,27088061,18000931,2192386,1225814,25592328,0,0,0,2,0,0.4577,6837899,14938532,1819407,1017273,0.0,0.0
2009,Rev3,24233,242,24,1,145,237818,36333945,26132189,10201756,42159621,5267640,12591501,0,0,0,1,0,0.0233,1640124,70356938,290756007,36328552,0.0,0.0
2010,Rev3,24233,242,24,4,361,4041333,50658218,33504660,17153558,812894,7050192,17733845,2010005,11310912,1,2,0,0.2356,11194828,47516781,2251784,19529618,0.1133,0.2233
2006,Rev3,24234,242,24,66,0,0,1147916088,602735588,545180500,0,0,0,0,98667975,10,0,0,,,,,,,0.086
2007,Rev3,24234,242,24,68,8943,109794408,843409946,406672101,436737845,6401421,17765563,162804847,1397032,12454109,3,14,0,0.2514,12277134,48835720,715802,1986533,0.0086,0.0148
2009,Rev3,24234,242,24,62,8932,158043248,873115794,450081716,423034078,158995117,12611443,225594648,1353872,275243,1,16,0,0.3736,17694049,47361630,17800618,1411939,0.006,0.0003
2010,Rev3,24234,242,24,53,9070,131208902,1216206109,633387390,582818719,50580654,19220518,339759139,3547789,136897839,4,17,0,0.2251,14466252,64257852,5576698,2119131,0.0104,0.1126
2010,Rev3,24235,242,24,2,88,490350,4431900,2808244,1623656,0,22800,1990817,0,0,0,0,0,0.302,5572159,18450636,0,259091,0.0,0.0
2006,Rev3,24241,242,24,58,0,0,6458964063,3558580678,2900383385,0,0,0,0,1313046970,11,0,0,,,,,,,0.2033
2007,Rev3,24241,242,24,59,19367,257683206,9234791699,4884703644,4350088055,105146341,159958602,3995309247,999737342,127330878,1,16,5,0.0592,13305272,224613417,5429150,8259338,0.2502,0.0138
2009,Rev3,24241,242,24,45,13776,411481880,4950412878,3403181204,1547231674,136151845,96054923,3111687516,665717416,40535370,6,6,4,0.2659,29869474,112313565,9883264,6972628,0.2139,0.0082
2010,Rev3,24241,242,24,45,15658,1168540401,4404283383,2282228860,2122054523,143681389,67106023,2115105616,474926444,95419696,6,11,5,0.5507,74628969,135525260,9176229,4285734,0.2245,0.0217
2006,Rev3,24242,242,24,78,0,0,6832992079,543620501,6289371578,0,0,0,0,94866182,10,0,0,,,,,,,0.0139
2007,Rev3,24242,242,24,77,14332,173407530,13385152210,2324974807,11060177403,267533645,90702424,1765922084,550768431,13426700,3,20,12,0.0157,12099325,771712071,18666874,6328665,0.3119,0.001
2009,Rev3,24242,242,24,77,25663,741729718,9780123125,3929168539,5850954586,218088544,40886530,2678891246,1065629172,536819316,12,18,11,0.1268,28902689,227991840,8498170,1593209,0.3978,0.0549
2010,Rev3,24242,242,24,75,25743,698318720,8185759826,2665563997,5520195829,195727232,37412556,1788699251,808778518,354626538,12,16,11,0.1265,27126548,214434830,7603124,1453310,0.4522,0.0433
2007,Rev3,24290,242,24,1,53,454350,1622400,1119060,503340,0,13500,1069560,0,0,0,0,0,0.9027,8572642,9496981,0,254717,0.0,0.0
2006,Rev3,24291,242,24,46,0,0,3006019555,2059748380,946271175,0,0,0,0,262135501,10,0,0,,,,,,,0.0872
2007,Rev3,24291,242,24,44,3484,99152160,3310935301,2272408117,1038527184,13446198,71661996,1957002722,684994117,54192072,1,12,14,0.0955,28459288,298084726,3859414,20568885,0.35,0.0164
2009,Rev3,24291,242,24,40,3446,104852611,3072206778,2343011659,729195119,166403747,44173772,2167085015,618532274,7695836,5,10,13,0.1438,30427339,211606245,48288957,12818854,0.2854,0.0025
2010,Rev3,24291,242,24,39,3517,105557291,2390054738,1801120532,588934206,179408786,42198734,1613205581,546023542,46775214,5,12,9,0.1792,30013446,167453570,51011881,11998503,0.3385,0.0196
2006,Rev3,24292,242,24,7,0,0,462394378,251701630,210692749,0,0,0,0,0,0,0,0,,,,,,,0.0
2007,Rev3,24292,242,24,7,1060,20045370,385158499,16661542,368496957,2773382,1985482,10766154,2868460,0,0,2,0,0.0544,18910726,347638639,2616398,1873096,0.2664,0.0
2009,Rev3,24292,242,24,5,713,15550869,269326519,93760932,175565587,21338041,2158158,79597553,69996750,0,0,2,0,0.0886,21810475,246235045,29927126,3026870,0.8794,0.0
2010,Rev3,24292,242,24,6,926,31887395,778626054,183513385,595112669,71000,2086201,147895769,127323533,13007713,1,1,0,0.0536,34435632,642670269,76674,2252917,0.8609,0.0167
2006,Rev3,24293,242,24,14,0,0,987141443,709604955,277536488,0,0,0,0,288490158,3,0,0,,,,,,,0.2922
2007,Rev3,24293,242,24,13,1273,32800379,1799180954,1414001675,385179279,4984845,13359013,1240640065,685045056,0,0,4,4,0.0852,25766205,302576024,3915825,10494119,0.5522,0.0
2009,Rev3,24293,242,24,11,982,28434925,984887902,758465700,226422202,1453191,7468298,664099274,438979493,0,0,4,4,0.1256,28956135,230572507,1479828,7605191,0.661,0.0
2010,Rev3,24293,242,24,11,982,25368370,640768039,498096875,142671164,2500350,4609944,443482043,310032600,0,0,4,4,0.1778,25833371,145286318,2546181,4694444,0.6991,0.0
2006,Rev3,24294,242,24,33,0,0,529955745,355848733,174107012,0,0,0,0,344388712,8,0,0,,,,,,,0.6498
2007,Rev3,24294,242,24,28,1949,25572081,667596364,513911508,153684856,19735909,17027501,444008990,32673855,14436600,2,9,1,0.1664,13120616,78853184,10126172,8736532,0.0736,0.0216
2009,Rev3,24294,242,24,28,2279,44326628,797481310,397501706,399979604,166324608,13255846,341844123,81964552,353082853,9,14,1,0.1108,19450034,175506627,72981399,5816519,0.2398,0.4427
2010,Rev3,24294,242,24,28,3167,51374723,786294754,491602863,294691891,35006094,14776787,402341607,45750264,328798137,6,10,1,0.1743,16221889,93050802,11053392,4665863,0.1137,0.4182
2006,Rev3,24295,242,24,8,0,0,298805737,165602809,133202928,0,0,0,0,25066485,3,0,0,,,,,,,0.0839
2007,Rev3,24295,242,24,10,4887,95797711,408990133,205788861,203201272,660241,8084864,168587358,53671052,275714,2,4,3,0.4714,19602560,41579962,135101,1654361,0.3184,0.0007
2009,Rev3,24295,242,24,8,4774,108534239,481347434,230573283,250774151,1101468,8092139,197601794,64905249,1071875,2,3,2,0.4328,22734445,52529148,230722,1695044,0.3285,0.0022
2010,Rev3,24295,242,24,9,4733,103317047,593382043,423370769,170011274,1135252,16555620,358328498,139044324,685412,1,4,3,0.6077,21829082,35920404,239859,3497913,0.388,0.0012
2006,Rev3,24299,242,24,62,0,0,1931737263,1206160029,725577234,0,0,0,0,285994707,15,0,0,,,,,,,0.1481
2007,Rev3,24299,242,24,65,5515,141908628,5288274829,2046517711,3241757118,1113179891,65759497,1821005342,1297882154,51665801,4,20,13,0.0438,25731392,587807274,201845855,11923753,0.7127,0.0098
2009,Rev3,24299,242,24,54,4380,130248802,4325849930,2070499493,2255350437,713398755,156256300,1755213584,1154897842,58098174,7,15,6,0.0578,29737169,514920191,162876428,35674954,0.658,0.0134
2010,Rev3,24299,242,24,51,4556,189824634,5540143497,3133016053,2407127444,90636953,217306824,2784472604,2028412240,17497580,6,11,6,0.0789,41664757,528342284,19893976,47696845,0.7285,0.0032
2006,Rev3,24301,243,24,4,0,0,15973328,9122202,6851126,0,0,0,0,6023213,1,0,0,,,,,,,0.3771
2007,Rev3,24301,243,24,6,275,2696221,12017225,4559266,7457959,970000,949048,2699637,0,3456000,1,1,0,0.3615,9804440,27119851,3527273,3451084,0.0,0.2876
2009,Rev3,24301,243,24,4,1760,15047768,882406740,638072054,244334686,2022219,886039,605892809,5693611,393123168,2,2,2,0.0616,8549868,138826526,1148988,503431,0.0094,0.4455
2010,Rev3,24301,243,24,6,2823,47655456,6394372333,4975097557,1419274776,1980477,12787238,4957858535,1223125042,2991769253,3,2,2,0.0336,16881139,502754083,701550,4529663,0.2467,0.4679
2006,Rev3,24302,243,24,10,0,0,7189925097,3702817964,3487107133,0,0,0,0,1476869381,4,0,0,,,,,,,0.2054
2007,Rev3,24302,243,24,5,3168,36922200,7003670672,3088809686,3914860986,312399432,198628346,2542514051,1136005114,78992511,2,1,3,0.0094,11654735,1235751574,98610932,62698342,0.4468,0.0113
2009,Rev3,24302,243,24,12,6301,330247434,12968960775,7438199890,5530760885,599603262,288400381,6547531966,3607567021,631988456,5,4,6,0.0597,52411908,877759226,95160016,45770573,0.551,0.0487
2010,Rev3,24302,243,24,11,5298,151917434,8951217965,4072847884,4878370081,602656201,267171579,3344299237,2409512805,652106425,4,4,5,0.0311,28674487,920794655,113751642,50428762,0.7205,0.0729
2007,Rev3,24939,249,24,1,2631,80685000,141516672,22848239,118668433,0,0,0,0,0,0,0,1,0.6799,30667047,45103927,0,0,,0.0
2007,Rev3,24999,249,24,1,65,1405364,17533626,14715583,2818043,11640,3915250,9704536,0,0,0,1,0,0.4987,21620985,43354508,179077,60234615,0.0,0.0
2006,Rev3,25111,251,25,40,0,0,15334895394,13352978410,1981916984,0,0,0,0,3123802100,8,0,0,,,,,,,0.2037
2007,Rev3,25111,251,25,38,28338,587151080,6400083730,3632917406,2767166324,354197154,116693097,3329263057,539854838,655766851,2,9,8,0.2122,20719567,97648610,12499017,4117902,0.1622,0.1025
2009,Rev3,25111,251,25,36,28335,646149087,16756461827,10083332270,6673129557,7517090464,152893317,9522782078,2073053325,1664143620,6,12,8,0.0968,22803920,235508366,265293470,5395917,0.2177,0.0993
2010,Rev3,25111,251,25,33,26573,664825573,19039877070,14463873873,4576003197,438434525,280785236,12188096002,2459066378,2685090355,5,11,7,0.1453,25018838,172204990,16499248,10566561,0.2018,0.141
2006,Rev3,25112,251,25,20,0,0,292778614,189144848,103633766,0,0,0,0,27845482,2,0,0,,,,,,,0.0951
2007,Rev3,25112,251,25,21,2149,28604359,418290651,277220859,141069792,2248047,16198586,193359926,15637976,0,0,5,0,0.2028,13310544,65644389,1046090,7537732,0.0809,0.0
2009,Rev3,25112,251,25,15,945,15438519,106465694,52279600,54186094,84804,3474479,45967853,4901308,0,0,2,0,0.2849,16337057,57339782,89740,3676697,0.1066,0.0
2010,Rev3,25112,251,25,14,773,16869483,101538845,47773855,53764990,13750,6609647,38485047,3493356,0,0,1,0,0.3138,21823393,69553674,17788,8550643,0.0908,0.0
2006,Rev3,25121,251,25,72,0,0,1199419278,322660666,876758612,0,0,0,0,425829176,21,0,0,,,,,,,0.355
2007,Rev3,25121,251,25,62,24665,204945785,1830816698,683984753,1146831945,19197512,95668917,500375389,46289208,255457258,11,18,4,0.1787,8309174,46496329,778330,3878732,0.0925,0.1395
2009,Rev3,25121,251,25,70,23893,363764519,2355551715,1367847231,987704484,181031106,53659214,1251751278,2073289,439029861,21,23,2,0.3683,15224732,41338655,7576742,2245813,0.0017,0.1864
2010,Rev3,25121,251,25,71,30336,263257256,2532635578,1163258744,1369376834,289088463,33525947,1098297959,1107438,1233207768,20,27,4,0.1922,8678048,45140323,9529551,1105154,0.001,0.4869
2006,Rev3,25122,251,25,46,0,0,1706570914,1169940952,536629962,0,0,0,0,874119439,13,0,0,,,,,,,0.5122
2007,Rev3,25122,251,25,51,13003,161616392,4786500328,3527375871,1259124457,7243281318,259969743,3105359746,3008210,1102692948,5,13,7,0.1284,12429162,96833381,557046937,19993059,0.001,0.2304
2009,Rev3,25122,251,25,31,4709,52476725,1717510468,1208830678,508679790,11513011,44536662,1140950941,559289,0,0,5,2,0.1032,11143921,108022890,2444895,9457775,0.0005,0.0
2010,Rev3,25122,251,25,30,4988,94301760,2120676324,1614177948,506498376,11124387,43901658,1539741482,724637,0,0,7,2,0.1862,18905726,101543379,2230230,8801455,0.0005,0.0
2006,Rev3,25123,251,25,150,0,0,37763056249,27440098541,10322957708,0,0,0,0,30387206997,88,0,0,,,,,,,0.8047
2007,Rev3,25123,251,25,154,45198,684723429,38870116509,28270442093,10599674416,550902993,885254514,26276185746,51727888,20078904947,55,66,18,0.0646,15149419,234516448,12188659,19586144,0.002,0.5166
2009,Rev3,25123,251,25,163,45290,794945055,50490701772,38432316416,12058385356,588950179,806307816,36430128399,70147982,34554165117,79,65,20,0.0659,17552331,266248297,13003978,17803220,0.0019,0.6844
2010,Rev3,25123,251,25,178,48953,1206308952,68802249838,52912968476,15889281362,1120228299,947071637,51267896037,366926436,41702274827,74,78,28,0.0759,24642186,324582382,22883752,19346549,0.0072,0.6061
2006,Rev3,25191,251,25,36,0,0,1327209354,989791703,337417651,0,0,0,0,1005044904,13,0,0,,,,,,,0.7573
2007,Rev3,25191,251,25,40,10712,114538033,1384808121,887513115,497295006,905719255,63169790,756403916,178646568,728646290,8,10,6,0.2303,10692497,46424104,84551835,5897105,0.2362,0.5262
2009,Rev3,25191,251,25,35,27600,466647637,9884135200,6997079670,2887055530,140888682,381492298,5092038054,492063087,1219373739,10,12,5,0.1616,16907523,104603461,5104662,13822185,0.0966,0.1234
2010,Rev3,25191,251,25,32,28778,461175863,11202590652,8128002654,3074587998,460724338,506063900,5874905431,485415026,1060616958,7,13,4,0.15,16025292,106838140,16009602,17585096,0.0826,0.0947
2006,Rev3,25192,251,25,32,0,0,740976511,541535167,199441344,0,0,0,0,65620583,2,0,0,,,,,,,0.0886
2007,Rev3,25192,251,25,36,7436,129918297,874859450,521099556,353759894,68095158,29012053,380266124,226720190,193895481,6,9,7,0.3672,17471530,47573950,9157498,3901567,0.5962,0.2216
2009,Rev3,25192,251,25,30,7265,104323879,1221715817,712705638,509010179,69682323,29940193,473144649,101813500,152439542,9,9,5,0.205,14359791,70063342,9591510,4121155,0.2152,0.1248
2010,Rev3,25192,251,25,36,8780,211732401,1180705131,745296343,435408788,93834471,32733560,533058664,127674134,95570866,8,13,5,0.4863,24115308,49590978,10687297,3728196,0.2395,0.0809
2006,Rev3,25199,251,25,82,0,0,2335449921,1564520997,770928924,0,0,0,0,583084716,21,0,0,,,,,,,0.2497
2007,Rev3,25199,251,25,58,12966,311805164,1912911085,1349089908,563821177,49226525,33818014,1020919995,291373345,123195953,5,20,3,0.553,24047907,43484589,3796585,2608207,0.2854,0.0644
2009,Rev3,25199,251,25,65,17400,298982337,2755372356,1936744697,818627659,133780868,34851476,1581582419,407139746,303385530,12,22,11,0.3652,17182893,47047567,7688556,2002958,0.2574,0.1101
2010,Rev3,25199,251,25,65,17835,338889133,4514795554,3525315783,989479771,84752232,42032450,2955338890,601480380,1208762045,13,27,13,0.3425,19001353,55479662,4752017,2356740,0.2035,0.2677
2006,Rev3,25201,252,25,51,0,0,2528778730,2021405140,507373590,0,0,0,0,278508628,6,0,0,,,,,,,0.1101
2007,Rev3,25201,252,25,46,4358,76680249,2619595709,2035872791,583722918,64261536,60211217,1850735971,154300748,0,0,10,3,0.1314,17595284,133942845,14745648,13816250,0.0834,0.0
2009,Rev3,25201,252,25,38,4642,106905952,2449047222,1534077373,914969849,511081998,50832838,1338173669,40967844,68682747,4,9,4,0.1168,23030149,197106818,110099526,10950633,0.0306,0.028
2010,Rev3,25201,252,25,36,4558,101675267,2837969098,1782438958,1055530140,452906991,52734094,1510316362,190880386,222007658,2,7,5,0.0963,22306991,231577477,99365290,11569569,0.1264,0.0782
2006,Rev3,25202,252,25,98,0,0,6896146484,5367613003,1528533481,0,0,0,0,819429351,17,0,0,,,,,,,0.1188
2007,Rev3,25202,252,25,106,16142,317959468,6111725001,3919758749,2191966252,1810049798,50978436,3359133859,1307905373,611815292,8,30,18,0.1451,19697650,135792730,112132933,3158124,0.3894,0.1001
2009,Rev3,25202,252,25,71,9531,183177550,6167944699,4754807502,1413137197,1005498931,72984846,4178954043,1532853449,807390660,7,20,14,0.1296,19219132,148267464,105497737,7657627,0.3668,0.1309
2010,Rev3,25202,252,25,75,12216,242999204,5854453674,4648354280,1206099394,87988256,51553261,4358248325,1719635834,355656516,5,20,14,0.2015,19891880,98731123,7202706,4220143,0.3946,0.0607
2006,Rev3,25203,252,25,16,0,0,482915147,216098975,266816172,0,0,0,0,99110,1,0,0,,,,,,,0.0002
2007,Rev3,25203,252,25,20,5709,105640455,1065299172,561449889,503849283,14836497,4158861,477143079,181744548,0,0,4,3,0.2097,18504196,88255261,2598791,728475,0.3809,0.0
2009,Rev3,25203,252,25,17,4905,108647530,3800522971,2891164912,909358059,23401243,25152478,2557051712,1319344116,0,0,4,4,0.1195,22150363,185394100,4770896,5127926,0.516,0.0
2010,Rev3,25203,252,25,16,4850,165521966,3510814881,2767687782,743127099,3206544,22066731,2423058398,883574552,0,0,2,4,0.2227,34128240,153222082,661143,4549841,0.3647,0.0
2006,Rev3,25204,252,25,210,0,0,3506000991,1477415024,2028585967,0,0,0,0,413237066,17,0,0,,,,,,,0.1179
2007,Rev3,25204,252,25,194,25455,340068280,3051687233,1787624869,1264062364,106087629,56718292,1471522628,350594238,19460906,2,41,9,0.269,13359587,49658706,4167654,2228179,0.2383,0.0064
2009,Rev3,25204,252,25,175,21683,201001467,2285642449,1534894357,750748092,142803090,52750391,1339802069,362531808,72748875,9,34,8,0.2677,9270003,34623811,6585947,2432799,0.2706,0.0318
2010,Rev3,25204,252,25,166,21216,286241990,1726213323,939601280,786612043,203798558,43935889,785272567,159802211,49143807,9,35,6,0.3639,13491798,37076359,9605890,2070885,0.2035,0.0285
2006,Rev3,25205,252,25,465,0,0,10759936998,6409221129,4350715869,0,0,0,0,2475584293,42,0,0,,,,,,,0.2301
2007,Rev3,25205,252,25,461,78145,1005099144,13993451329,8809616023,5183835306,538521469,117723168,7690678857,1701901350,810917074,17,97,23,0.1939,12861976,66336110,6891311,1506471,0.2213,0.0579
2009,Rev3,25205,252,25,436,72500,1138538321,16394994408,11304882393,5090112015,8636255365,179963695,9690777174,1816279065,1152586348,26,99,16,0.2237,15703977,70208442,119120764,2482258,0.1874,0.0703
2010,Rev3,25205,252,25,449,78058,1194583569,16030219868,8279249137,7750970731,14429727318,348988554,7034002814,1495040683,1365527896,25,102,18,0.1541,15303794,99297583,184859045,4470888,0.2125,0.0852
2006,Rev3,25206,252,25,79,0,0,3806702270,1925399273,1881302997,0,0,0,0,1073923927,23,0,0,,,,,,,0.2821
2007,Rev3,25206,252,25,88,21241,419728405,5197840169,3110115001,2087725168,325001357,52466131,2407286339,1239697636,1510039420,20,26,36,0.201,19760294,98287518,15300662,2470041,0.515,0.2905
2009,Rev3,25206,252,25,82,19885,419778461,4220568593,1804335999,2416232594,476370024,60732315,1451410339,798365816,1409815281,23,24,29,0.1737,21110307,121510314,23956250,3054177,0.5501,0.334
2010,Rev3,25206,252,25,86,19966,955811375,4786915753,1979011918,2807903835,95391269,66270167,1557671414,618494376,1167052213,24,24,29,0.3404,47871951,140634270,4777686,3319151,0.3971,0.2438
2006,Rev3,25209,252,25,335,0,0,4834843124,2441383200,2393459924,0,0,0,0,697024077,41,0,0,,,,,,,0.1442
2007,Rev3,25209,252,25,300,27011,327686417,5260981688,2393076730,2867904958,447041069,105792788,1797887556,399496296,214883795,12,58,35,0.1143,12131591,106175445,16550334,3916656,0.2222,0.0408
2009,Rev3,25209,252,25,279,33438,617850693,13279420459,9732934425,3546486034,5387768823,658199399,4786758443,1014651141,621851705,17,64,35,0.1742,18477501,106061548,161127126,19684174,0.212,0.0468
2010,Rev3,25209,252,25,266,33077,580082628,92200720641,86891750327,5308970314,3572593682,194887171,84986641056,48884557861,84690397992,22,60,36,0.1093,17537341,160503380,108008395,5891924,0.5752,0.9185
2007,Rev3,25262,252,25,1,266,3095627,5307588,2125964,3181624,1124931,9377,44200,21151,0,0,1,0,0.973,11637695,11960992,4229064,35252,0.4785,0.0
2007,Rev3,26102,261,26,1,105,5217527,31931541,10536230,21395311,0,23767,8857382,0,19158925,1,0,0,0.2439,49690733,203764867,0,226352,0.0,0.6
2006,Rev3,26111,261,26,13,0,0,3174962525,1040054978,2134907547,0,0,0,0,986804179,6,0,0,,,,,,,0.3108
2007,Rev3,26111,261,26,15,6642,86747260,4061061998,2941409333,1119652665,30284223,1024151507,790655173,267968374,0,0,4,3,0.0775,13060413,168571615,4559504,154193241,0.3389,0.0
2009,Rev3,26111,261,26,12,5467,383594577,894749298,493589282,401160016,1091660,34871903,373960586,77147948,11965990,2,2,3,0.9562,70165461,73378455,199682,6378618,0.2063,0.0134
2010,Rev3,26111,261,26,17,8466,184132471,1447982876,714873170,733109706,46380595,121645924,501610937,136034575,55904563,4,7,3,0.2512,21749642,86594579,5478454,14368760,0.2712,0.0386
2006,Rev3,26112,261,26,8,0,0,949285637,474000050,475285588,0,0,0,0,92245808,2,0,0,,,,,,,0.0972
2007,Rev3,26112,261,26,5,1170,14144123,666389210,555357618,111031592,0,7962565,437148896,0,0,0,0,0,0.1274,12088994,94898797,0,6805611,0.0,0.0
2009,Rev3,26112,261,26,6,391,5824771,37626085,20613950,17012135,0,992382,17702175,0,0,0,0,0,0.3424,14897113,43509297,0,2538061,0.0,0.0
2010,Rev3,26112,261,26,7,1227,18425628,45372834,20062799,25310035,0,788750,15419206,0,0,0,0,0,0.728,15016812,20627575,0,642828,0.0,0.0
2006,Rev3,26119,261,26,12,0,0,38228432,24105714,14122718,0,0,0,0,0,0,0,0,,,,,,,0.0
2007,Rev3,26119,261,26,8,522,8971834,44021158,30612503,13408655,8872483,1556970,22328093,5729468,0,0,3,1,0.6691,17187421,25687079,16997094,2982701,0.2566,0.0
2009,Rev3,26119,261,26,3,279,4486926,78583541,6959081,71624460,0,209881,5147325,3500226,0,0,0,1,0.0626,16082172,256718495,0,752262,0.68,0.0
2010,Rev3,26119,261,26,3,283,5360020,110941529,38069551,72871978,0,1066598,28076739,18413909,0,0,0,1,0.0736,18940000,257498155,0,3768898,0.6558,0.0
2006,Rev3,26121,261,26,24,0,0,1853576612,1317225499,536351113,0,0,0,0,480154870,9,0,0,,,,,,,0.259
2007,Rev3,26121,261,26,19,11364,251222449,966523970,538999052,427524918,24242624,125439218,306255553,171473999,97609857,3,2,1,0.5876,22106868,37620989,2133283,11038298,0.5599,0.101
2009,Rev3,26121,261,26,25,13469,275732377,1991295315,1216942425,774352890,17283732,366796279,606061988,402161314,109328677,9,5,2,0.3561,20471629,57491491,1283223,27232629,0.6636,0.0549
2010,Rev3,26121,261,26,24,12723,314292947,2153134648,1016631083,1136503565,52378486,337967335,528493866,328916095,434818758,10,7,3,0.2765,24702739,89326697,4116835,26563494,0.6224,0.2019
2006,Rev3,26122,261,26,3,0,0,27511795,14313471,13198324,0,0,0,0,7759001,1,0,0,,,,,,,0.282
2007,Rev3,26122,261,26,3,279,7129871,44634297,22031186,22603111,1257187,641309,10391038,5265676,9484006,1,1,1,0.3154,25555093,81014735,4506047,2298599,0.5068,0.2125
2009,Rev3,26122,261,26,4,549,13629054,138808064,75903696,62904368,20057693,6640091,36431403,36072161,10161833,3,3,2,0.2167,24825235,114579905,36534960,12094883,0.9901,0.0732
2010,Rev3,26122,261,26,4,593,28036789,196737577,160660208,36077369,16478780,11024097,72122869,65033158,16370956,3,3,2,0.7771,47279577,60838734,27788836,18590383,0.9017,0.0832
2006,Rev3,26123,261,26,1,0,0,3850000,1081323,2768677,0,0,0,0,0,0,0,0,,,,,,,0.0
2007,Rev3,26123,261,26,1,168,1817600,3546000,1103140,2442860,0,24740,920000,0,0,0,0,0,0.744,10819048,14540833,0,147262,0.0,0.0
2006,Rev3,26124,261,26,5,0,0,771153496,504190919,266962577,0,0,0,0,250489574,3,0,0,,,,,,,0.3248
2007,Rev3,26124,261,26,9,4004,98746629,2564611148,1999318211,565292937,674777743,517245675,1105962136,538127268,0,0,2,1,0.1747,24661995,141182052,168525910,129182237,0.4866,0.0
2009,Rev3,26124,261,26,9,4237,149273508,1173961479,855722566,318238913,11472280,226187180,518118409,227365799,52673717,2,4,1,0.4691,35230944,75109491,2707642,53383805,0.4388,0.0449
2010,Rev3,26124,261,26,7,3789,170946613,1204289667,946582519,257707148,103767210,103645977,741238521,157483812,261303457,3,3,1,0.6633,45116551,68014555,27386437,27354441,0.2125,0.217
2006,Rev3,26129,261,26,12,0,0,910493268,683775723,226717545,0,0,0,0,614974622,6,0,0,,,,,,,0.6754
2007,Rev3,26129,261,26,12,3184,21708993,107305743,44451263,62854480,33932538,15892607,21228703,7338072,0,0,2,3,0.3454,6818151,19740729,10657204,4991397,0.3457,0.0
2009,Rev3,26129,261,26,7,1070,5146700,98633149,63086679,35546470,34050538,2406384,58807200,772642,0,0,3,2,0.1448,4810000,33221000,31822933,2248957,0.0131,0.0
2010,Rev3,26129,261,26,7,1665,11661082,99424066,72120218,27303848,33983882,6581208,61397775,1232817,0,0,2,2,0.4271,7003653,16398708,20410740,3952677,0.0201,0.0
2006,Rev3,26201,262,26,18,0,0,476478615,241560921,234917694,0,0,0,0,135538835,9,0,0,,,,,,,0.2845
2007,Rev3,26201,262,26,24,9663,212041324,910411264,249922051,660489213,830757,64627577,111734951,33985978,1908480,1,3,4,0.321,21943633,68352397,85973,6688148,0.3042,0.0021
2009,Rev3,26201,262,26,33,11664,332648114,910047231,503484870,406562361,4316807,68897521,353532839,93376983,177255487,10,6,7,0.8182,28519214,34856169,370097,5906852,0.2641,0.1948
2010,Rev3,26201,262,26,33,12908,237893863,885339020,388174330,497164690,19424686,77904149,212156362,106859908,241030878,12,9,7,0.4785,18429955,38516013,1504856,6035338,0.5037,0.2722
2006,Rev3,26202,262,26,28,0,0,3547577316,2461995160,1085582156,0,0,0,0,150472533,8,0,0,,,,,,,0.0424
2007,Rev3,26202,262,26,29,18200,368294823,3335632204,2180728619,1154903585,314362641,449705093,1151953411,552278592,20540705,2,11,6,0.3189,20235979,63456241,17272673,24709071,0.4794,0.0062
2009,Rev3,26202,262,26,25,21882,438085855,7843037814,5328018286,2515019528,310748952,794002978,3304545088,2130158353,63037672,7,10,6,0.1742,20020375,114935542,14201122,36285668,0.6446,0.008
2010,Rev3,26202,262,26,25,20089,565659879,6713343095,1084936239,5628406856,263930336,188679966,576514296,155406541,171788343,7,11,4,0.1005,28157692,280173570,13138052,9392203,0.2696,0.0256
2006,Rev3,26203,262,26,1,0,0,27784687,14364540,13420147,0,0,0,0,0,0,0,0,,,,,,,0.0
2007,Rev3,26203,262,26,4,465,15963403,175403848,26326705,149077143,2208492,178710,22297642,9132738,38894160,1,2,2,0.1071,34329899,320596006,4749445,384323,0.4096,0.2217
2009,Rev3,26203,262,26,2,242,14325972,61407992,0,61407992,2534529,0,0,0,0,0,1,2,0.2333,59198231,253752033,10473260,0,,0.0
2010,Rev3,26203,262,26,2,242,15815873,68009342,0,68009342,2534529,0,0,0,0,0,1,2,0.2326,65354847,281030339,10473260,0,,0.0
2006,Rev3,26209,262,26,1,0,0,519750,190012,329738,0,0,0,0,0,0,0,0,,,,,,,0.0
2007,Rev3,26209,262,26,4,738,4093849,13493436,6013076,7480360,0,3553936,1337899,68906,0,0,0,0,0.5473,5547221,10135989,0,4815631,0.0515,0.0
2009,Rev3,26209,262,26,2,631,7944840,17314938,8205663,9109275,0,1855063,6046869,5493445,0,0,0,0,0.8722,12590872,14436252,0,2939878,0.9085,0.0
2010,Rev3,26209,262,26,1,157,1398334,5610941,1825745,3785196,0,1209799,551146,0,0,0,0,0,0.3694,8906586,24109529,0,7705726,0.0,0.0
2007,Rev3,26210,262,26,1,1851,22220537,66929619,24346189,42583430,0,3798423,15413875,8628240,12047331,1,0,0,0.5218,12004612,23005635,0,2052092,0.5598,0.18
2007,Rev3,26293,262,26,1,43,343785,927250,192350,734900,1497460,1290,59060,16660,0,0,1,0,0.4678,7995000,17090698,34824651,30000,0.2821,0.0
2006,Rev3,26311,263,26,9,0,0,216129819,33860254,182269565,0,0,0,0,3558217,2,0,0,,,,,,,0.0165
2007,Rev3,26311,263,26,9,941,50717992,395940579,58274604,337665975,2162165,5585978,44835013,25655739,47799200,1,4,2,0.1502,53897972,358837380,2297731,5936215,0.5722,0.1207
2009,Rev3,26311,263,26,8,1042,20230708,291454418,152508811,138945607,477334,7589978,130694717,69838062,21575518,2,2,2,0.1456,19415267,133345112,458094,7284048,0.5344,0.074
2010,Rev3,26311,263,26,9,1029,17985664,369087200,149072438,220014762,500124,13208980,121729248,56545096,31015473,3,4,2,0.0817,17478779,213814152,486029,12836715,0.4645,0.084
2006,Rev3,26319,263,26,10,0,0,41898526,28872489,13026037,0,0,0,0,0,0,0,0,,,,,,,0.0
2007,Rev3,26319,263,26,3,457,6064410,30407235,21020629,9386606,16080214,3756991,11817923,4054069,0,0,1,1,0.6461,13270044,20539619,35186464,8220987,0.343,0.0
2009,Rev3,26319,263,26,4,3323,32527636,150820480,75979508,74840972,32940214,13921766,43634003,20388081,421930,1,2,1,0.4346,9788636,22522110,9912794,4189517,0.4673,0.0028
2010,Rev3,26319,263,26,4,3548,65922456,351918893,235579085,116339808,20629339,104061611,92325349,17000165,270203727,2,2,1,0.5666,18580174,32790250,5814357,29329654,0.1841,0.7678
2006,Rev3,26321,263,26,55,0,0,1009033752,578170721,430863031,0,0,0,0,287404492,22,0,0,,,,,,,0.2848
2007,Rev3,26321,263,26,49,14180,109786804,830501793,394380423,436121370,72135484,111334136,199617712,142476647,736620,1,12,4,0.2517,7742370,30756091,5087129,7851491,0.7137,0.0009
2009,Rev3,26321,263,26,28,6395,78201357,240098995,129533457,110565538,42576418,40269350,49440969,33048883,28551297,16,7,2,0.7073,12228516,17289373,6657767,6297005,0.6685,0.1189
2010,Rev3,26321,263,26,27,4084,118610262,385747041,199180201,186566840,9366950,27570074,121924837,99250055,58333610,8,9,2,0.6358,29042669,45682380,2293572,6750753,0.814,0.1512
2006,Rev3,26322,263,26,258,0,0,278684230,150052628,128631602,0,0,0,0,0,0,0,0,,,,,,,0.0
2007,Rev3,26322,263,26,195,6301,42202820,192447988,74734119,117713869,10675053,32071854,36602539,7389,300000,1,74,1,0.3585,6697797,18681776,1694184,5089963,0.0002,0.0016
2009,Rev3,26322,263,26,118,3798,34287191,119901400,47439017,72462383,10160691,15669991,24608266,1305932,0,0,50,1,0.4732,9027696,19079090,2675274,4125853,0.0531,0.0
2010,Rev3,26322,263,26,110,3862,40594785,163271444,73200252,90071192,5212875,20719677,38548051,1285624,308753,1,35,0,0.4507,10511337,23322422,1349786,5365012,0.0334,0.0019
2006,Rev3,26323,263,26,664,0,0,680437583,436960557,243477026,0,0,0,0,98101920,7,0,0,,,,,,,0.1442
2007,Rev3,26323,263,26,633,23635,88317924,378943770,187576886,191366884,234765664,98761959,69627954,4161085,8344480,2,135,2,0.4615,3736743,8096758,9932967,4178632,0.0598,0.022
2009,Rev3,26323,263,26,605,21172,86655824,349347749,178192348,171155401,6342314,84938039,74967551,359431,1687799,4,285,1,0.5063,4092945,8084045,299561,4011810,0.0048,0.0048
2010,Rev3,26323,263,26,559,19915,92349442,363518053,178225256,185292797,8586118,79489773,79196824,7125847,0,0,174,1,0.4984,4637180,9304183,431138,3991452,0.09,0.0
2006,Rev3,26324,263,26,34,0,0,791929413,522354647,269574766,0,0,0,0,128014246,5,0,0,,,,,,,0.1616
2007,Rev3,26324,263,26,25,4918,112538937,911314220,628667354,282646866,7829878,194167692,290539199,113947234,7305525,1,3,2,0.3982,22883070,57471913,1592086,39481027,0.3922,0.008
2009,Rev3,26324,263,26,16,1727,24637353,202383898,145934662,56449236,91873336,42522371,74923351,3156540,397840,1,6,2,0.4365,14265983,32686298,53198226,24622102,0.0421,0.002
2010,Rev3,26324,263,26,18,4654,99369039,883369895,343767578,539602317,126274412,142888626,89057856,13748612,17979126,1,9,2,0.1842,21351319,115943772,27132448,30702326,0.1544,0.0204
2006,Rev3,26329,263,26,2,0,0,12987545,4918892,8068653,0,0,0,0,9312282,2,0,0,,,,,,,0.717
2007,Rev3,26329,263,26,1,171,2654925,7985455,0,7985455,0,0,0,0,0,0,0,0,0.3325,15525877,46698567,0,0,,0.0
2006,Rev3,26411,264,26,19,0,0,17025013675,8049822059,8975191616,0,0,0,0,5317525824,8,0,0,,,,,,,0.3123
2007,Rev3,26411,264,26,19,17024,685806395,15678868476,4788029967,10890838509,5743114157,1271045151,1549101295,194486410,43415629,1,7,6,0.063,40284680,639734405,337353980,74661957,0.1255,0.0028
2009,Rev3,26411,264,26,14,15084,1616494291,27802204576,7963762622,19838441954,543811280,2308880906,3797625395,187555247,173989055,3,6,6,0.0815,107166156,1315197690,36052193,153068212,0.0494,0.0063
2010,Rev3,26411,264,26,17,14659,2620193025,19835359872,6903226213,12932133659,2514225909,1249915567,3790253663,378684463,145961779,3,9,6,0.2026,178742958,882197535,171514149,85266087,0.0999,0.0074
2006,Rev3,26412,264,26,119,0,0,176901878,112644159,64257719,0,0,0,0,0,0,0,0,,,,,,,0.0
2007,Rev3,26412,264,26,116,3909,25038080,150908016,96827919,54080097,3226800,35896996,46172940,0,0,0,20,1,0.463,6405239,13834765,825480,9183166,0.0,0.0
2009,Rev3,26412,264,26,109,3557,30803524,209911697,131862145,78049552,15184546,45141991,73741089,0,0,0,22,1,0.3947,8659973,21942522,4268919,12691029,0.0,0.0
2010,Rev3,26412,264,26,97,3419,27285777,217928418,136239924,81688494,2648100,36430913,89686889,0,0,0,19,1,0.334,7980631,23892511,774525,10655429,0.0,0.0
2006,Rev3,26413,264,26,7,0,0,273015592,163846441,109169151,0,0,0,0,180849072,2,0,0,,,,,,,0.6624
2007,Rev3,26413,264,26,5,255,1864575,71686504,33591187,38095317,0,6694220,21519217,14466563,0,0,0,1,0.0489,7312059,149393400,0,26251843,0.6723,0.0
2009,Rev3,26413,264,26,11,602,8355919,263249787,185781477,77468310,37672547,4359276,174958695,117488082,0,0,2,1,0.1079,13880264,128684900,62578982,7241322,0.6715,0.0
2010,Rev3,26413,264,26,10,539,6136383,400165415,307445185,92720230,69797958,5862118,285416251,265670604,0,0,2,1,0.0662,11384755,172022690,129495284,10875915,0.9308,0.0
2006,Rev3,26421,264,26,31,0,0,54675778,32166384,22509394,0,0,0,0,1088282,2,0,0,,,,,,,0.0199
2007,Rev3,26421,264,26,22,1112,13886543,54210269,31811178,22399091,277307,2094187,24404679,0,0,0,4,0,0.62,12487898,20143067,249377,1883262,0.0,0.0
2009,Rev3,26421,264,26,32,1616,13747292,98900893,67082345,31818548,1398236,5704742,54361392,124200,2763560,4,6,1,0.4321,8506988,19689696,865245,3530162,0.0023,0.0279
2010,Rev3,26421,264,26,23,1021,7343329,38902222,19683861,19218361,43340,2141803,14999841,42151,3716054,6,4,1,0.3821,7192291,18823076,42449,2097750,0.0028,0.0955
2006,Rev3,26422,264,26,15,0,0,40723253,17202996,23520257,0,0,0,0,1191456,1,0,0,,,,,,,0.0293
2007,Rev3,26422,264,26,22,1190,7853374,80991574,53110685,27880889,242895,10955595,32432634,0,2434943,1,3,0,0.2817,6599474,23429318,204113,9206382,0.0,0.0301
2009,Rev3,26422,264,26,12,513,7167937,16418468,5816111,10602357,3670350,1314641,3306084,0,0,0,3,0,0.6761,13972587,20667363,7154678,2562653,0.0,0.0
2010,Rev3,26422,264,26,10,418,4287493,9435059,3123989,6311070,5081100,461367,2023644,0,0,0,4,0,0.6794,10257160,15098254,12155742,1103749,0.0,0.0
2006,Rev3,26423,264,26,221,0,0,2591585646,1253511943,1338073703,0,0,0,0,66220697,3,0,0,,,,,,,0.0256
2007,Rev3,26423,264,26,267,19815,367190238,6088347516,4353823008,1734524508,748809406,278329528,3662014718,268459221,11868276,2,72,19,0.2117,18530923,87535933,37790028,14046406,0.0733,0.0019
2009,Rev3,26423,264,26,237,21036,509863027,5758638313,3513592831,2245045482,547879901,166006040,3239412039,192606847,2840924,4,63,17,0.2271,24237642,106723972,26044871,7891521,0.0595,0.0005
2010,Rev3,26423,264,26,232,19505,303128463,4589789366,2769020296,1820769070,436757569,192255436,2381514515,139195683,34999996,2,60,17,0.1665,15541064,93348837,22392082,9856726,0.0584,0.0076
2006,Rev3,26429,264,26,8,0,0,12572500,9249739,3322761,0,0,0,0,698341,1,0,0,,,,,,,0.0555
2007,Rev3,26429,264,26,1,180,2374342,354374402,106000002,248374400,4011256,13301443,65966862,57513549,0,0,1,0,0.0096,13190789,1379857778,22284756,73896906,0.8719,0.0
2009,Rev3,26429,264,26,4,337,6958975,40105753,4858859,35246894,4011256,195647,3981810,3499663,0,0,1,0,0.1974,20649777,104590190,11902837,580555,0.8789,0.0
2010,Rev3,26429,264,26,3,294,6833089,64905295,22431282,42474013,4011256,979929,19191631,16494958,0,0,1,0,0.1609,23241799,144469432,13643728,3333092,0.8595,0.0
2006,Rev3,26501,265,26,25,0,0,150741064,94302409,56438655,0,0,0,0,3384479,6,0,0,,,,,,,0.0225
2007,Rev3,26501,265,26,13,1265,14676495,100713653,65869071,34844582,944208,7207045,47943318,32056406,43557816,5,5,0,0.4212,11601972,27545124,746409,5697269,0.6686,0.4325
2009,Rev3,26501,265,26,11,828,5853509,52258013,35560956,16697057,4513270,2090922,28905427,18107663,6206975,3,3,0,0.3506,7069455,20165528,5450809,2525268,0.6264,0.1188
2010,Rev3,26501,265,26,14,777,8468406,45700329,19377617,26322712,22000,1348475,16682607,0,8665089,6,1,0,0.3217,10898849,33877364,28314,1735489,0.0,0.1896
2006,Rev3,26502,265,26,50,0,0,1330706697,586007492,744699205,0,0,0,0,182986027,15,0,0,,,,,,,0.1375
2007,Rev3,26502,265,26,51,6223,78158358,977707272,361433348,616273924,27213419,31760172,267181107,37380558,190249459,11,17,0,0.1268,12559595,99031645,4373039,5103675,0.1399,0.1946
2009,Rev3,26502,265,26,46,6277,97569664,1624777138,578494675,1046282463,19642844,69850761,431734771,81505424,253370377,17,16,1,0.0933,15543996,166685114,3129336,11128049,0.1888,0.1559
2010,Rev3,26502,265,26,43,6375,102766568,1477765856,719735890,758029966,14174390,80198029,574158764,108621940,459933556,19,17,1,0.1356,16120246,118906661,2223434,12580083,0.1892,0.3112
2006,Rev3,26503,265,26,118,0,0,388931879,229934615,158997264,0,0,0,0,33227794,29,0,0,,,,,,,0.0854
2007,Rev3,26503,265,26,140,6254,57891509,412283173,227168707,185114466,52975528,62593492,142629025,1781837,20091280,15,51,3,0.3127,9256717,29599371,8470663,10008553,0.0125,0.0487
2009,Rev3,26503,265,26,132,10067,97555061,628591790,287596230,340995560,12429127,42097967,138572551,2560936,4652812,11,35,2,0.2861,9690579,33872610,1234641,4181779,0.0185,0.0074
2010,Rev3,26503,265,26,122,7277,92617133,459258434,207802483,251455951,29362273,43510684,143335337,1427551,19424967,13,37,1,0.3683,12727378,34554892,4034942,5979206,0.01,0.0423
2006,Rev3,26509,265,26,82,0,0,302092208,198758620,103333588,0,0,0,0,57324237,7,0,0,,,,,,,0.1898
2007,Rev3,26509,265,26,40,1825,13904659,96761422,45815959,50945463,1603478,3921281,37614352,3220378,3908230,3,12,2,0.2729,7618991,27915322,878618,2148647,0.0856,0.0404
2009,Rev3,26509,265,26,29,1262,9841384,63990099,40481279,23508820,36462337,5463562,31304288,9310809,5710085,2,11,1,0.4186,7798244,18628225,28892502,4329288,0.2974,0.0892
2010,Rev3,26509,265,26,35,1599,12109003,74521182,43316075,31205107,35593932,7632525,30954701,4791286,10827279,5,14,2,0.388,7572860,19515389,22260120,4773311,0.1548,0.1453
2006,Rev3,26601,266,26,19,0,0,378657578,289518266,89139312,0,0,0,0,967531,1,0,0,,,,,,,0.0026
2007,Rev3,26601,266,26,14,3309,30259682,336619518,266842926,69776592,6618871,23576761,221679883,99861090,0,0,7,1,0.4337,9144661,21086912,2000263,7125041,0.4505,0.0
2009,Rev3,26601,266,26,18,4383,63027484,672645390,469618738,203026652,758731038,13509524,410060464,146281048,3490,1,6,1,0.3104,14379987,46321390,173107697,3082255,0.3567,0.0
2010,Rev3,26601,266,26,17,4605,65742071,1112294223,672266763,440027460,6894319,42865237,545256703,192527784,607212,1,4,1,0.1494,14276237,95554280,1497138,9308412,0.3531,0.0005
2007,Rev3,26602,266,26,1,201,7637255,67720640,24338853,43381787,1590224,179711,18560181,5130218,28155101,1,1,1,0.176,37996294,215829786,7911562,894085,0.2764,0.4158
2006,Rev3,26609,266,26,2,0,0,18902145,17141131,1761014,0,0,0,0,186072,1,0,0,,,,,,,0.0098
2007,Rev3,26609,266,26,3,244,2285922,6556083,2273883,4282200,0,157349,1648873,574292,0,0,0,0,0.5338,9368533,17550000,0,644873,0.3483,0.0
2009,Rev3,26609,266,26,1,217,3328400,23717000,19307536,4409464,0,0,19157536,0,6337,1,0,0,0.7548,15338249,20320111,0,0,0.0,0.0003
2010,Rev3,26609,266,26,1,224,4199441,52093000,39595603,12497397,4055627,17478,38965000,22265000,0,0,1,0,0.336,18747504,55791951,18105478,78027,0.5714,0.0
2006,Rev3,26900,269,26,45,0,0,819547196,469949311,349597885,0,0,0,0,76751822,8,0,0,,,,,,,0.0937
2007,Rev3,26900,269,26,46,3619,47230432,704239949,504647570,199592379,175099491,84042539,341119697,74210503,45904912,6,15,7,0.2366,13050686,55151251,48383391,23222586,0.2175,0.0652
2009,Rev3,26900,269,26,29,2512,46915731,662612356,452655806,209956550,65394500,38441911,382692715,120495183,56192058,9,11,8,0.2235,18676645,83581429,26032842,15303309,0.3149,0.0848
2010,Rev3,26900,269,26,31,2256,51092673,772721067,434895583,337825484,108730370,69723742,317539530,65630056,141254351,7,12,8,0.1512,22647461,149745339,48196086,30905914,0.2067,0.1828
2006,Rev3,27101,271,27,23,0,0,5544661187,3448326654,2096334534,0,0,0,0,848866839,3,0,0,,,,,,,0.1531
2007,Rev3,27101,271,27,31,7524,309037564,10318335491,7542290028,2776045463,2199466661,789791748,5456882810,2718394816,0,0,7,5,0.1113,41073573,368958727,292326776,104969663,0.4982,0.0
2009,Rev3,27101,271,27,35,9406,718767533,16284331548,11437962014,4846369534,753344691,708435219,9729844730,6772835566,19188699,3,9,8,0.1483,76415855,515242349,80091930,75317374,0.6961,0.0012
2010,Rev3,27101,271,27,40,11207,696914657,15625193044,11131444405,4493748639,4383564269,1079427051,9128533247,5044604253,2449972268,5,10,12,0.1551,62185657,400976946,391145201,96317217,0.5526,0.1568
2006,Rev3,27102,271,27,41,0,0,42123932248,37604345776,4519586472,0,0,0,0,873673465,2,0,0,,,,,,,0.0207
2007,Rev3,27102,271,27,38,17707,1155980498,54232737350,44274496897,9958240453,237578036,1739986835,39282810008,15680251148,17801056,1,14,11,0.1161,65283814,562390041,13417182,98265479,0.3992,0.0003
2009,Rev3,27102,271,27,38,9442,258136004,14275029619,10365640915,3909388704,58154764,211910776,9598633504,3838355674,4007014,4,14,13,0.066,27339123,414042438,6159157,22443420,0.3999,0.0003
2010,Rev3,27102,271,27,37,14647,1847591436,72438198501,67666520944,4771677557,128044775,1963491892,61634012805,26604965465,1146145843,5,16,11,0.3872,126141287,325778491,8742048,134054202,0.4317,0.0158
2006,Rev3,27103,271,27,45,0,0,10008920263,4417421784,5591498479,0,0,0,0,3080939912,13,0,0,,,,,,,0.3078
2007,Rev3,27103,271,27,40,9982,240048996,10602191557,7980092637,2622098920,226870446,129614017,7033948635,2310008344,164570361,7,15,9,0.0915,24048186,262682721,22727955,12984774,0.3284,0.0155
2009,Rev3,27103,271,27,40,10976,1279589093,7856325329,4100777251,3755548078,775404850,65649233,3842111860,696816791,461346403,5,19,7,0.3407,116580639,342159993,70645486,5981162,0.1814,0.0587
2010,Rev3,27103,271,27,35,9781,214464896,8112589741,6056975780,2055613961,1118310956,172925554,5421033764,1155488046,287063784,8,16,7,0.1043,21926684,210163987,114335033,17679742,0.2131,0.0354
2006,Rev3,27201,272,27,36,0,0,9627834924,6874860061,2752974863,0,0,0,0,4436341572,16,0,0,,,,,,,0.4608
2007,Rev3,27201,272,27,31,9025,409841120,18814158420,13729037896,5085120524,95063382,845679074,11972565588,2632541649,2123494317,9,11,9,0.0806,45411758,563448258,10533339,93704053,0.2199,0.1129
2009,Rev3,27201,272,27,35,8505,773677000,19895393449,13068051921,6827341528,64077890,648669713,11356894884,4199184286,10284851216,14,17,8,0.1133,90967313,802744448,7534143,76269220,0.3697,0.5169
2010,Rev3,27201,272,27,50,11620,566690077,26706934445,10878947124,15827987321,94845902,818402082,9165817386,1294581524,14382295105,21,21,12,0.0358,48768509,1362133160,8162298,70430472,0.1412,0.5385
2006,Rev3,27202,272,27,34,0,0,5422520482,3744666292,1677854190,0,0,0,0,1683675726,10,0,0,,,,,,,0.3105
2007,Rev3,27202,272,27,26,5555,192545819,10909256413,9585020086,1324236327,25661857,275921997,8702988612,5352552416,97451063,3,5,4,0.1454,34661714,238386377,4619596,49670927,0.615,0.0089
2009,Rev3,27202,272,27,26,4662,89686854,3325118696,2577524592,747594104,115463068,24835723,2442504578,1067723005,8063769,2,8,6,0.12,19237849,160359096,24766853,5327268,0.4371,0.0024
2010,Rev3,27202,272,27,27,3714,78815633,2699079038,2107986932,591092106,125584393,23706528,1992638448,500045425,16293432,3,11,6,0.1333,21221226,159152425,33813784,6383018,0.2509,0.006
2006,Rev3,27203,272,27,10,0,0,825001914,496704136,328297778,0,0,0,0,172418728,3,0,0,,,,,,,0.209
2007,Rev3,27203,272,27,5,895,20542523,362604237,259338721,103265516,4544701,6021221,233591187,98093184,79991450,2,2,1,0.1989,22952540,115380465,5077878,6727621,0.4199,0.2206
2009,Rev3,27203,272,27,6,2176,43072385,1132106079,845592099,286513980,17643542,41101345,781168023,172216352,74988962,2,3,2,0.1503,19794295,131670028,8108245,18888486,0.2205,0.0662
2010,Rev3,27203,272,27,7,2491,65233859,2756981080,1853259139,903721941,10840992,74222525,1705146867,450734498,1050595154,4,4,3,0.0722,26187820,362794838,4352064,29796277,0.2643,0.3811
2006,Rev3,27204,272,27,14,0,0,1749577443,1421510480,328066963,0,0,0,0,1272572357,2,0,0,,,,,,,0.7274
2007,Rev3,27204,272,27,11,1968,31558923,553489545,352589589,200899956,2167838,27662144,311984382,82169738,22166219,3,2,1,0.1571,16036038,102083311,1101544,14055967,0.2634,0.04
2009,Rev3,27204,272,27,12,1713,24732931,226319987,84214375,142105612,2339446,3895365,69862358,26010899,35438323,4,1,3,0.174,14438372,82957158,1365701,2274002,0.3723,0.1566
2010,Rev3,27204,272,27,24,4238,134928863,1190090562,749536978,440553584,125454088,10583494,560167088,156722190,150969178,4,10,4,0.3063,31837863,103953182,29602192,2497285,0.2798,0.1269
2007,Rev3,27211,272,27,1,51,243008,289167,31154,258013,0,1638,25680,0,0,0,0,0,0.9418,4764863,5059078,0,32118,0.0,0.0
2006,Rev3,27310,273,27,38,0,0,4808277757,2512395599,2295882158,0,0,0,0,30291746,4,0,0,,,,,,,0.0063
2007,Rev3,27310,273,27,28,4939,49849177,3132357025,2530542204,601814821,65900643,105009179,1572905682,188846860,2893250,2,7,10,0.0828,10092970,121849528,13342912,21261223,0.1201,0.0009
2009,Rev3,27310,273,27,16,2254,61533104,3479331152,1612601459,1866729693,67136964,145185324,758341670,73390524,0,0,5,4,0.033,27299514,828185312,29785698,64412300,0.0968,0.0
2010,Rev3,27310,273,27,17,2380,66099813,2438280109,1385852021,1052428088,421265005,177099827,634098060,249612849,0,0,4,4,0.0628,27773031,442196676,177002103,74411692,0.3937,0.0
2006,Rev3,27320,273,27,18,0,0,372271387,285025685,87245702,0,0,0,0,41444677,4,0,0,,,,,,,0.1113
2007,Rev3,27320,273,27,14,1704,46823980,486017662,214353284,271664378,129547648,6491246,160981976,67838447,312643114,1,2,2,0.1724,27478862,159427452,76025615,3809417,0.4214,0.6433
2009,Rev3,27320,273,27,10,1862,81247722,1041236278,647388089,393848189,143269691,27320885,493197628,108254701,516429505,1,4,2,0.2063,43634652,211518898,76943980,14672871,0.2195,0.496
2010,Rev3,27320,273,27,6,383,12097692,71521833,32896714,38625119,42441,1071508,24296164,11026704,14524342,1,2,1,0.3132,31586663,100848875,110812,2797671,0.4538,0.2031
2006,Rev3,28111,281,28,80,0,0,815328793,558531867,256796926,0,0,0,0,17188190,3,0,0,,,,,,,0.0211
2007,Rev3,28111,281,28,80,5040,64642216,610111007,387859498,222251509,32478338,14270029,323320029,62076111,4236937,1,17,4,0.2909,12825837,44097522,6444115,2831355,0.192,0.0069
2009,Rev3,28111,281,28,89,8102,277877459,7747192131,4635970291,3111221840,175865831,22071438,4479360100,2474448217,1484750203,2,21,8,0.0893,34297391,384006645,21706471,2724196,0.5524,0.1917
2010,Rev3,28111,281,28,90,8530,236359652,3015210194,645225749,2369984445,197907285,17750600,585263358,216095591,414851206,5,24,8,0.0997,27709221,277841084,23201323,2080961,0.3692,0.1376
2006,Rev3,28112,281,28,47,0,0,840179256,446970244,393209012,0,0,0,0,33040569,3,0,0,,,,,,,0.0393
2007,Rev3,28112,281,28,35,5142,61504316,2706546118,1775660994,930885124,139229567,46784330,1524038695,147664128,4145654,1,11,7,0.0661,11961166,181035613,27076929,9098469,0.0969,0.0015
2009,Rev3,28112,281,28,51,9552,168230079,11616057583,9488691813,2127365770,223652891,267056927,8565003228,3427364048,117011209,6,21,10,0.0791,17612027,222714172,23414247,27958221,0.4002,0.0101
2010,Rev3,28112,281,28,44,8733,195190208,10091856031,8284105633,1807750398,212408802,214135853,7543334893,3390715154,162479108,3,20,9,0.108,22350877,207002221,24322547,24520308,0.4495,0.0161
2006,Rev3,28113,281,28,53,0,0,3929557888,1777120582,2152437306,0,0,0,0,989719499,6,0,0,,,,,,,0.2519
2007,Rev3,28113,281,28,43,6110,196193985,2927570654,1212251013,1715319641,9006943,75778848,972545728,116064051,12903794,1,8,6,0.1144,32110309,280739712,1474131,12402430,0.1193,0.0044
2009,Rev3,28113,281,28,37,8225,489652050,4893824611,1301507227,3592317384,9625710284,85327914,1073293210,260041196,1260400000,1,5,4,0.1363,59532164,436755913,1170299123,10374214,0.2423,0.2575
2010,Rev3,28113,281,28,38,8213,205682221,5309437909,1636245271,3673192638,3607708984,957032446,753477718,252042780,24709602,1,8,5,0.056,25043495,447241281,439268110,116526537,0.3345,0.0047
2006,Rev3,28119,281,28,15,0,0,739889738,449152607,290737131,0,0,0,0,6742000,2,0,0,,,,,,,0.0091
2007,Rev3,28119,281,28,19,1938,27573958,90462304,52705359,37756945,55000,2052660,41825151,8532098,0,0,1,3,0.7303,14228049,19482428,28380,1059164,0.204,0.0
2009,Rev3,28119,281,28,16,2659,69890388,414039994,248996264,165043730,3785715,14271480,210194210,44860106,0,0,3,4,0.4235,26284463,62069850,1423736,5367236,0.2134,0.0
2010,Rev3,28119,281,28,17,2699,121254404,509967228,150290239,359676989,2073220,5732223,132445321,60949976,42554911,1,3,4,0.3371,44925678,133263056,768144,2123832,0.4602,0.0834
2006,Rev3,28120,281,28,45,0,0,1200144087,578524799,621619288,0,0,0,0,318447564,9,0,0,,,,,,,0.2653
2007,Rev3,28120,281,28,45,7933,280181206,3233536141,1850401060,1383135081,579655515,54871274,1514258395,1003003924,1424778783,5,18,8,0.2026,35318443,174352084,73068891,6916838,0.6624,0.4406
2009,Rev3,28120,281,28,35,5604,181314680,2398421056,1373531593,1024889463,34920291,44631749,1223090411,474603382,312231847,2,10,8,0.1769,32354511,182885343,6231315,7964266,0.388,0.1302
2010,Rev3,28120,281,28,39,6565,302487236,1307902533,448765734,859136799,81717715,8816805,341128441,147181485,115818598,2,10,8,0.3521,46075740,130866230,12447481,1343002,0.4315,0.0886
2007,Rev3,28130,281,28,1,31,218400,1219200,954466,264734,0,6516,912000,0,0,0,0,0,0.825,7045161,8539806,0,210194,0.0,0.0
2006,Rev3,28910,289,28,41,0,0,3805316157,2956544527,848771630,0,0,0,0,2521057303,11,0,0,,,,,,,0.6625
2007,Rev3,28910,289,28,45,5765,134986325,9973850792,5970742381,4003108411,93689147,202492837,5073821296,3639034328,219659052,9,13,19,0.0337,23414801,694381338,16251370,35124516,0.7172,0.022
2009,Rev3,28910,289,28,37,4383,113867121,5392248774,489560733,4902688041,63959200,28766169,393747479,203907517,1563822073,3,10,9,0.0232,25979266,1118569026,14592562,6563123,0.5179,0.29
2010,Rev3,28910,289,28,43,11848,199505047,5599801591,2415415756,3184385835,39530496,137051149,1996566654,573479437,1856186811,7,17,12,0.0627,16838711,268769905,3336470,11567450,0.2872,0.3315
2006,Rev3,28920,289,28,70,0,0,1513196215,1057023582,456172633,0,0,0,0,680256800,9,0,0,,,,,,,0.4495
2007,Rev3,28920,289,28,85,7529,214634107,2375408992,1221498627,1153910365,1602712570,54278088,933252941,626527678,352620913,6,27,18,0.186,28507651,153262102,212871905,7209203,0.6713,0.1484
2009,Rev3,28920,289,28,77,9804,308023835,4417390851,2240017848,2177373003,1196618448,156906082,1403302549,835837944,821999853,9,31,23,0.1415,31418180,222090270,122054105,16004292,0.5956,0.1861
2010,Rev3,28920,289,28,77,9808,299336077,5088941017,2585588826,2503352191,95427423,92332394,1671532698,537436995,624110064,12,27,25,0.1196,30519584,255235745,9729550,9413988,0.3215,0.1226
2006,Rev3,28931,289,28,16,0,0,156418906,27720506,128698400,0,0,0,0,1686093,3,0,0,,,,,,,0.0108
2007,Rev3,28931,289,28,11,1020,7535844,394025239,264120027,129905212,386010867,13143172,223929659,76412135,6577240,2,4,0,0.058,7388082,127358051,378442026,12885463,0.3412,0.0167
2009,Rev3,28931,289,28,12,1054,7786305,177667779,103092549,74575230,389972994,760024,91522504,11800661,26952259,1,4,0,0.1044,7387386,70754488,369993353,721085,0.1289,0.1517
2010,Rev3,28931,289,28,10,1033,15102205,148966345,73346835,75619510,395889596,804830,66210316,19934936,45714034,3,3,0,0.1997,14619753,73203785,383242591,779119,0.3011,0.3069
2006,Rev3,28932,289,28,18,0,0,130144912,35947186,94197726,0,0,0,0,59419372,4,0,0,,,,,,,0.4566
2007,Rev3,28932,289,28,15,824,10585404,126503482,72799501,53703981,4682800,6930164,57963303,30616285,28303825,1,3,2,0.1971,12846364,65174734,5683010,8410393,0.5282,0.2237
2009,Rev3,28932,289,28,11,1152,22962490,132796889,39578826,93218063,3393889,986242,34268553,22520797,1447153,1,5,3,0.2463,19932717,80918457,2946084,856113,0.6572,0.0109
2010,Rev3,28932,289,28,13,1467,22076548,196117718,86884427,109233291,10331381,2123577,66419534,43135105,19015771,2,6,4,0.2021,15048772,74460321,7042523,1447564,0.6494,0.097
2006,Rev3,28933,289,28,55,0,0,989304528,574338457,414966071,0,0,0,0,132044607,6,0,0,,,,,,,0.1335
2007,Rev3,28933,289,28,53,10147,134052699,1208163914,849070548,359093366,16512754,36815501,732154581,230509592,185278104,2,8,9,0.3733,13211067,35389117,1627353,3628215,0.3148,0.1534
2009,Rev3,28933,289,28,44,8053,157811109,545253441,175299607,369953834,8130346,12680416,141641233,39757469,9243063,2,10,4,0.4266,19596561,45939878,1009605,1574620,0.2807,0.017
2010,Rev3,28933,289,28,43,10709,171819854,1058261150,462451166,595809984,51980821,48380319,346182086,92327812,120318291,2,13,4,0.2884,16044435,55636379,4853938,4517725,0.2667,0.1137
2006,Rev3,28939,289,28,70,0,0,2288395509,1354786160,933609349,0,0,0,0,1234292500,6,0,0,,,,,,,0.5394
2007,Rev3,28939,289,28,83,9782,72604187,3972557480,2023650823,1948906657,109670431,38223039,1727461768,1031810489,84712887,6,17,12,0.0373,7422223,199233966,11211453,3907487,0.5973,0.0213
2009,Rev3,28939,289,28,77,12499,333369095,4074887667,1837991944,2236895723,48652652,146028747,1590049373,673982588,264147163,4,16,11,0.149,26671661,178965975,3892524,11683234,0.4239,0.0648
2010,Rev3,28939,289,28,68,12454,378353162,3864888963,1284026162,2580862801,131848827,108598630,1101695180,443306983,574890778,5,19,11,0.1466,30380052,207231637,10586866,8719980,0.4024,0.1487
2006,Rev3,28991,289,28,110,0,0,849597538,481746601,367850937,0,0,0,0,245717575,13,0,0,,,,,,,0.2892
2007,Rev3,28991,289,28,111,10289,183811682,1475832704,591336500,884496204,46389910,16416721,481100681,14552462,212164331,6,27,9,0.2078,17864873,85965225,4508690,1595560,0.0302,0.1438
2009,Rev3,28991,289,28,94,11742,178232428,1656230591,977814295,678416296,37995030,29725887,841202790,32162938,125062495,9,28,10,0.2627,15179052,57776895,3235823,2531586,0.0382,0.0755
2010,Rev3,28991,289,28,99,16419,288591644,2806373165,1708789419,1097583746,344652491,72793823,1438941249,220098408,1068634838,13,35,10,0.2629,17576688,66848392,20991077,4433511,0.153,0.3808
2006,Rev3,28992,289,28,43,0,0,888100657,654612883,233487774,0,0,0,0,135696207,3,0,0,,,,,,,0.1528
2007,Rev3,28992,289,28,31,3701,43174617,727443013,597214792,130228221,15117294,29583578,379604446,58835467,10512930,2,7,4,0.3315,11665663,35187306,4084651,7993401,0.155,0.0145
2009,Rev3,28992,289,28,23,3609,188189567,630577314,383301756,247275558,41346802,12164486,328422570,66327028,24227,1,5,3,0.7611,52144518,68516364,11456581,3370597,0.202,0.0
2010,Rev3,28992,289,28,22,3781,132465380,477566951,307943739,169623212,29226973,12340605,219908820,47479610,0,0,8,3,0.7809,35034483,44861997,7729958,3263847,0.2159,0.0
2006,Rev3,28993,289,28,82,0,0,1977301140,1087381715,889919425,0,0,0,0,347017179,9,0,0,,,,,,,0.1755
2007,Rev3,28993,289,28,68,6860,131775136,2260032678,1592490237,667542441,118069014,38139211,1292217872,225816320,39835098,2,19,10,0.1974,19209203,97309394,17211227,5559652,0.1748,0.0176
2009,Rev3,28993,289,28,61,8203,276362171,3723375014,2750244778,973130236,220743813,42562084,2453236641,201162916,33998208,5,20,14,0.284,33690378,118631017,26910132,5188600,0.082,0.0091
2010,Rev3,28993,289,28,62,8185,202189804,3707637104,2632488019,1075149085,660427450,71052667,2092020662,538897250,22675927,3,19,9,0.1881,24702481,131356027,80687532,8680839,0.2576,0.0061
2006,Rev3,28994,289,28,79,0,0,3524607398,2312113098,1212494300,0,0,0,0,458898007,15,0,0,,,,,,,0.1302
2007,Rev3,28994,289,28,81,12933,202959714,2981820117,2069926453,911893664,166215187,66830995,1791115121,744089046,0,0,16,8,0.2226,15693166,70509059,12852021,5167478,0.4154,0.0
2009,Rev3,28994,289,28,74,14296,296314247,7911440015,5499813993,2411626022,204098548,147614917,5039463211,1944070748,103862119,4,19,7,0.1229,20727074,168692363,14276619,10325610,0.3858,0.0131
2010,Rev3,28994,289,28,68,11520,247495247,7252386511,4821618858,2430767653,13511437440,207203473,4337946100,1732964628,23666136,3,18,5,0.1018,21483962,211004137,1172867833,17986413,0.3995,0.0033
2006,Rev3,28995,289,28,44,0,0,3787603062,3059179717,728423345,0,0,0,0,385138256,12,0,0,,,,,,,0.1017
2007,Rev3,28995,289,28,47,6853,114326694,3349010742,2424620596,924390146,90631331,52724234,2060316334,342130223,321166664,2,16,11,0.1237,16682722,134888391,13225059,7693599,0.1661,0.0959
2009,Rev3,28995,289,28,38,5616,188492135,4933776402,3187260988,1746515414,69671050,47048151,2885082332,1149239693,6905383,2,10,8,0.1079,33563414,310989212,12405814,8377520,0.3983,0.0014
2010,Rev3,28995,289,28,40,7887,240249637,14384076268,11327242759,3056833509,71439403,154615166,10370303160,4366504870,2171204945,6,13,14,0.0786,30461473,387578738,9057868,19603799,0.4211,0.1509
2006,Rev3,28996,289,28,4,0,0,65832752,54853848,10978904,0,0,0,0,0,0,0,0,,,,,,,0.0
2007,Rev3,28996,289,28,6,1401,21365334,94832423,60982151,33850272,4379913,2892442,57398922,0,0,0,2,0,0.6312,15250060,24161507,3126276,2064555,0.0,0.0
2009,Rev3,28996,289,28,3,318,4502195,22208684,13336660,8872024,4609493,0,12733428,0,0,0,3,0,0.5075,14157846,27899447,14495261,0,0.0,0.0
2010,Rev3,28996,289,28,2,71,1434666,5836028,2602784,3233244,600,0,2037040,0,0,0,1,0,0.4437,20206563,45538648,8451,0,0.0,0.0
2006,Rev3,28997,289,28,13,0,0,55039658,34610709,20428949,0,0,0,0,3551313,2,0,0,,,,,,,0.0645
2007,Rev3,28997,289,28,15,15863,23697267,145900565,55727777,90172788,4048763,2798972,46358260,18136151,49129800,2,2,1,0.2628,1493870,5684473,255233,176447,0.3912,0.3367
2009,Rev3,28997,289,28,10,433,5132514,31621151,17529511,14091640,142500,303295,16338637,190126,8664632,3,1,1,0.3642,11853381,32544203,329099,700450,0.0116,0.274
2010,Rev3,28997,289,28,9,717,10415576,99936076,68741928,31194148,472709,735791,66277909,628591,29460143,2,1,0,0.3339,14526605,43506483,659287,1026208,0.0095,0.2948
2007,Rev3,28998,289,28,1,24,308100,1101900,625207,476693,0,22390,574742,0,0,0,0,0,0.6463,12837500,19862208,0,932917,0.0,0.0
2006,Rev3,28999,289,28,71,0,0,2916240390,1203644009,1712596381,0,0,0,0,345583541,9,0,0,,,,,,,0.1185
2007,Rev3,28999,289,28,72,7984,95078171,2160105408,1349981408,810124000,15828825,150477834,931068468,93534064,8522039,3,15,3,0.1174,11908589,101468437,1982568,18847424,0.1005,0.0039
2009,Rev3,28999,289,28,67,6107,90163007,1083832701,617568923,466263778,391071280,10096825,573115574,160117800,16338046,9,15,9,0.1934,14763879,76349071,64036561,1653320,0.2794,0.0151
2010,Rev3,28999,289,28,64,5332,83503003,1148792990,671994979,476798011,27075904,11542912,627145256,94441634,48208003,12,11,7,0.1751,15660728,89421983,5078002,2164837,0.1506,0.042
2006,Rev3,29111,291,29,5,0,0,112787650,54330701,58456949,0,0,0,0,85463250,2,0,0,,,,,,,0.7577
2007,Rev3,29111,291,29,4,244,2635200,41965705,32745445,9220260,8663787,941664,28214134,0,0,0,2,2,0.2858,10800000,37787951,35507324,3859279,0.0,0.0
2009,Rev3,29111,291,29,3,210,2689612,43198324,33744334,9453990,8663787,623321,28304458,0,0,0,2,1,0.2845,12807676,45019000,41256129,2968195,0.0,0.0
2010,Rev3,29111,291,29,5,363,8412995,116089359,89432453,26656906,12852537,509861,84257947,63297039,22688408,1,3,3,0.3156,23176295,73435003,35406438,1404576,0.7512,0.1954
2006,Rev3,29112,291,29,16,0,0,908219341,614589986,293629355,0,0,0,0,106883493,2,0,0,,,,,,,0.1177
2007,Rev3,29112,291,29,9,1373,38220880,530184296,325762769,204421527,22048848,7171282,281520193,147754574,0,0,2,2,0.187,27837495,148886764,16058884,5223075,0.5248,0.0
2009,Rev3,29112,291,29,5,1522,99749121,529825997,350664650,179161347,36367162,4608642,303210085,188209386,36817142,2,3,3,0.5568,65538187,117714420,23894325,3028017,0.6207,0.0695
2010,Rev3,29112,291,29,5,1322,38916003,1319721414,1177641400,142080014,18764781,29630428,985206718,857723177,399919452,1,2,2,0.2739,29437219,107473536,14194237,22413334,0.8706,0.303
2006,Rev3,29113,291,29,38,0,0,2549361519,2371424793,177936726,0,0,0,0,1751044958,7,0,0,,,,,,,0.6869
2007,Rev3,29113,291,29,32,3254,102056877,1249455463,503400359,746055104,137954668,16167551,425934018,60656547,116679921,3,14,7,0.1368,31363515,229273234,42395411,4968516,0.1424,0.0934
2009,Rev3,29113,291,29,37,5636,198770309,3044849171,1105020422,1939828749,59490314,30572612,888122549,215787025,222326444,4,11,8,0.1025,35267975,344185371,10555414,5424523,0.243,0.073
2010,Rev3,29113,291,29,31,5795,136447569,3529883493,1653786225,1876097268,138916328,84817114,1062493172,257704764,352159852,6,11,7,0.0727,23545741,323744136,23971756,14636258,0.2425,0.0998
2006,Rev3,29114,291,29,14,0,0,107008600,55393340,51615260,0,0,0,0,0,0,0,0,,,,,,,0.0
2007,Rev3,29114,291,29,10,475,6151433,30667063,11144736,19522327,221729,1315501,6373342,868653,0,0,1,0,0.3151,12950385,41099636,466798,2769476,0.1363,0.0
2009,Rev3,29114,291,29,11,477,12647169,28633468,9609553,19023915,1255439,620774,6356678,0,0,0,1,0,0.6648,26513981,39882421,2631948,1301413,0.0,0.0
2010,Rev3,29114,291,29,10,524,8833441,71545517,47960812,23584705,1274079,947928,38749537,0,0,0,2,0,0.3745,16857712,45008979,2431448,1809023,0.0,0.0
2006,Rev3,29120,291,29,37,0,0,2121881584,1430323433,691558151,0,0,0,0,1398506809,11,0,0,,,,,,,0.6591
2007,Rev3,29120,291,29,34,6884,163014411,955873868,508751932,447121936,81315236,29191902,320558176,65620403,22864569,3,9,10,0.3646,23680188,64950891,11812207,4240544,0.2047,0.0239
2009,Rev3,29120,291,29,28,9154,228269779,1880418307,1034187875,846230432,10203011686,16252401,823756577,258495609,184367020,5,11,13,0.2697,24936616,92443788,1114595989,1775443,0.3138,0.098
2010,Rev3,29120,291,29,32,8324,200778850,2381995137,1100072958,1281922179,256514255,24643388,858193738,386775012,199417749,7,15,14,0.1566,24120477,154003145,30816225,2960522,0.4507,0.0837
2006,Rev3,29130,291,29,24,0,0,1333129146,809942956,523186190,0,0,0,0,144217886,4,0,0,,,,,,,0.1082
2007,Rev3,29130,291,29,22,3216,82741546,973953828,511198116,462755712,114373875,14251626,376528965,53438349,1379339,2,7,9,0.1788,25728093,143891701,35564016,4431476,0.1419,0.0014
2009,Rev3,29130,291,29,21,4474,176176984,1899411466,732325098,1167086368,141221727,13463866,641821468,519486788,0,0,5,8,0.151,39377958,260859716,31564981,3009358,0.8094,0.0
2010,Rev3,29130,291,29,20,3420,74973097,2837328253,1811257747,1026070506,139536330,40371356,1497041979,1269248474,0,0,3,5,0.0731,21921958,300020616,40800096,11804490,0.8478,0.0
2006,Rev3,29141,291,29,8,0,0,70933334,45281705,25651629,0,0,0,0,0,0,0,0,,,,,,,0.0
2007,Rev3,29141,291,29,5,968,4040347,25662151,10428170,15233981,12063472,191863,8062124,1025632,0,0,3,1,0.2652,4173912,15737584,12462264,198206,0.1272,0.0
2009,Rev3,29141,291,29,4,853,6858120,14476000,5080766,9395234,12063472,96942,3843644,540707,0,0,3,1,0.73,8040000,11014342,14142406,113648,0.1407,0.0
2010,Rev3,29141,291,29,4,853,7571365,4875386,0,4875386,12063472,0,0,0,0,0,3,1,1.553,8876161,5715576,14142406,0,,0.0
2006,Rev3,29142,291,29,2,0,0,39356571,23717931,15638640,0,0,0,0,0,0,0,0,,,,,,,0.0
2007,Rev3,29142,291,29,3,643,8064917,55405650,37184597,18221053,1422223,1207716,33588285,22810245,0,0,2,0,0.4426,12542639,28337563,2211855,1878252,0.6791,0.0
2010,Rev3,29142,291,29,3,206,9520725,93270663,36502739,56767924,9529342,959265,33713042,27754994,47527994,1,2,1,0.1677,46217112,275572447,46258942,4656626,0.8233,0.5096
2006,Rev3,29150,291,29,10,0,0,126675430,77214330,49461100,0,0,0,0,49938117,2,0,0,,,,,,,0.3942
2007,Rev3,29150,291,29,17,1118,27049322,152660712,104845967,47814745,50960142,798183,75200613,41265117,0,0,4,6,0.5657,24194385,42768108,45581522,713938,0.5487,0.0
2009,Rev3,29150,291,29,11,1029,24881496,453192744,328124654,125068090,6872825,6378109,298389040,185781772,26871922,3,4,3,0.1989,24180268,121543333,6679130,6198357,0.6226,0.0593
2010,Rev3,29150,291,29,13,1308,40772988,828116932,639160233,188956699,9579610,7227732,595139517,325119857,115542922,2,3,3,0.2158,31172009,144462308,7323861,5525789,0.5463,0.1395
2006,Rev3,29191,291,29,26,0,0,226589843,133752834,92837009,0,0,0,0,4352943,1,0,0,,,,,,,0.0192
2007,Rev3,29191,291,29,26,2622,53569473,202943479,123004224,79939255,5090333,5644115,95142529,9236624,0,0,7,3,0.6701,20430768,30487893,1941393,2152599,0.0971,0.0
2009,Rev3,29191,291,29,19,2155,48526932,442891171,235952409,206938762,7055690,4202846,211481043,45629875,0,0,5,3,0.2345,22518298,96027268,3274102,1950277,0.2158,0.0
2010,Rev3,29191,291,29,19,2201,82262883,666388083,302479998,363908085,118971317,10560192,162537996,26714460,143258739,2,7,4,0.2261,37375231,165337612,54053302,4797906,0.1644,0.215
2006,Rev3,29192,291,29,9,0,0,10668282,5479114,5189168,0,0,0,0,0,0,0,0,,,,,,,0.0
2007,Rev3,29192,291,29,8,945,21734849,141793339,122392169,19401170,4809499,1371194,98822096,84258918,0,0,1,1,1.1203,22999840,20530339,5089417,1450999,0.8526,0.0
2009,Rev3,29192,291,29,4,166,1819632,8113603,5221819,2891784,0,10780,4941232,0,0,0,0,0,0.6292,10961639,17420386,0,64940,0.0,0.0
2010,Rev3,29192,291,29,6,502,8166836,74521546,33563028,40958518,3756147,519905,20505396,5358530,23660225,1,2,1,0.1994,16268598,81590673,7482365,1035667,0.2613,0.3175
2006,Rev3,29193,291,29,11,0,0,311053987,156613766,154440221,0,0,0,0,18509868,1,0,0,,,,,,,0.0595
2007,Rev3,29193,291,29,14,1191,20573057,257285983,150707770,106578213,1810000,6911002,129802406,47592971,48387896,2,2,4,0.193,17273767,89486325,1519731,5802688,0.3667,0.1881
2009,Rev3,29193,291,29,14,1115,31476734,591792561,472019690,119772871,12761517,6758366,455687806,177056725,8973163,2,4,6,0.2628,28230255,107419615,11445307,6061315,0.3885,0.0152
2010,Rev3,29193,291,29,12,902,41382531,212864787,119075479,93789308,24105993,2546672,99552201,56060330,19652328,2,4,4,0.4412,45878637,103979277,26725048,2823361,0.5631,0.0923
2006,Rev3,29199,291,29,11,0,0,236473222,129517918,106955304,0,0,0,0,38492054,5,0,0,,,,,,,0.1628
2007,Rev3,29199,291,29,12,605,7068157,31804209,11528503,20275706,264913,1576949,7046355,2243495,0,0,3,0,0.3486,11682904,33513564,437873,2606527,0.3184,0.0
2009,Rev3,29199,291,29,19,1713,50773573,219326759,117465619,101861140,23148537,2789905,88722822,10034154,29448192,3,7,4,0.4985,29640148,59463596,13513448,1628666,0.1131,0.1343
2010,Rev3,29199,291,29,13,1641,40550878,188400096,81472028,106928068,11155383,2236376,56349366,5803150,25457432,2,5,2,0.3792,24711077,65160310,6797918,1362813,0.103,0.1351
2006,Rev3,29211,292,29,31,0,0,699989256,511421260,188567996,0,0,0,0,28288027,4,0,0,,,,,,,0.0404
2007,Rev3,29211,292,29,26,2899,54868706,562482229,452675285,109806944,31174543,9916191,388744622,64075007,8494479,1,7,2,0.4997,18926770,37877525,10753551,3420556,0.1648,0.0151
2009,Rev3,29211,292,29,14,2210,44263526,478592285,338158510,140433775,11496844,6930236,309158208,3976947,31859039,1,3,1,0.3152,20028745,63544695,5202192,3135853,0.0129,0.0666
2010,Rev3,29211,292,29,14,2664,54311935,665023472,458593210,206430262,23725287,12165116,401102040,64447837,109381661,4,6,2,0.2631,20387363,77488837,8905889,4566485,0.1607,0.1645
2006,Rev3,29212,292,29,1,0,0,4129660,2425225,1704435,0,0,0,0,0,0,0,0,,,,,,,0.0
2007,Rev3,29212,292,29,1,30,567624,1227810,557230,670580,0,0,224655,117606,0,0,0,1,0.8465,18920800,22352667,0,0,0.5235,0.0
2009,Rev3,29212,292,29,2,193,4379075,14565110,3209244,11355866,75720,1025061,1128441,0,0,0,1,0,0.3856,22689508,58838684,392332,5311197,0.0,0.0
2010,Rev3,29212,292,29,2,188,3924330,68376084,57450236,10925848,127580,26668700,17180702,0,0,0,1,0,0.3592,20874096,58116213,678617,141854787,0.0,0.0
2006,Rev3,29221,292,29,30,0,0,880829818,506620141,374209677,0,0,0,0,93687129,5,0,0,,,,,,,0.1064
2007,Rev3,29221,292,29,24,1605,32786725,271989701,125746830,146242871,12524415,4487529,92064226,16089043,30192622,2,7,4,0.2242,20427866,91117054,7803374,2795968,0.1748,0.111
2009,Rev3,29221,292,29,23,3644,75385909,731531411,235101205,496430206,17270298,6784247,190213749,51910985,6104585,6,9,9,0.1519,20687681,136232219,4739379,1861758,0.2729,0.0083
2010,Rev3,29221,292,29,26,8499,432868067,31478910827,444358194,31034552633,89088360,64354922,285148443,79066317,7253701636,8,11,12,0.0139,50931647,3651553434,10482217,7572058,0.2773,0.2304
2006,Rev3,29222,292,29,4,0,0,67451436,61456790,5994646,0,0,0,0,331055,1,0,0,,,,,,,0.0049
2007,Rev3,29222,292,29,6,986,24654175,174114010,43983623,130130387,690914,882325,27679573,22917426,2048719,1,3,2,0.1895,25004234,131978080,700724,894853,0.828,0.0118
2009,Rev3,29222,292,29,4,578,15267920,63464811,35722922,27741888,2473892,2283044,16420368,8195768,0,0,2,2,0.5504,26415087,47996347,4280090,3949903,0.4991,0.0
2010,Rev3,29222,292,29,4,568,25206793,257424217,173457314,83966903,5686338,3774255,52873078,27376500,8727186,1,2,2,0.3002,44378157,147829055,10011158,6644815,0.5178,0.0339
2006,Rev3,29223,292,29,10,0,0,269780225,135193411,134586814,0,0,0,0,8115715,1,0,0,,,,,,,0.0301
2007,Rev3,29223,292,29,10,1317,29098600,133644446,65456650,68187796,368724,1004745,42802211,17712156,1798114,1,1,5,0.4267,22094609,51775092,279973,762904,0.4138,0.0135
2009,Rev3,29223,292,29,8,970,41498130,159930072,44003815,115926257,11354251,532690,27459117,2579456,177237,1,3,4,0.358,42781577,119511605,11705413,549165,0.0939,0.0011
2010,Rev3,29223,292,29,8,966,38198171,256525489,50358596,206166893,2330726,1010941,33193472,3457876,0,0,2,3,0.1853,39542620,213423285,2412760,1046523,0.1042,0.0
2006,Rev3,29224,292,29,1,0,0,30276121,0,30276121,0,0,0,0,0,0,0,0,,,,,,,0.0
2007,Rev3,29224,292,29,2,174,3660817,42321234,0,42321234,0,0,0,0,0,0,0,2,0.0865,21039178,243225483,0,0,,0.0
2009,Rev3,29224,292,29,2,69,2216566,25143796,13173676,11970120,0,157074,9332967,822216,0,0,0,1,0.1852,32124145,173480000,0,2276435,0.0881,0.0
2010,Rev3,29224,292,29,1,29,419402,7986441,2835983,5150458,0,247583,2302192,1626971,0,0,0,1,0.0814,14462138,177602000,0,8537345,0.7067,0.0
2007,Rev3,29230,292,29,1,65,1105000,3688041,0,3688041,0,0,0,0,0,0,0,1,0.2996,17000000,56739092,0,0,,0.0
2010,Rev3,29230,292,29,1,22,203000,1492510,1141685,350825,0,392480,730255,189000,0,0,0,0,0.5786,9227273,15946591,0,17840000,0.2588,0.0
2006,Rev3,29240,292,29,16,0,0,3320442756,1566748535,1753694221,0,0,0,0,1233563865,5,0,0,,,,,,,0.3715
2007,Rev3,29240,292,29,20,4828,135879658,3005471909,1674448302,1331023607,21674256,267799774,1273707968,992135950,40465359,1,9,5,0.1021,28144088,275688402,4489283,55468056,0.7789,0.0135
2009,Rev3,29240,292,29,11,1231,36087603,437049426,206574882,230474544,19500740,3826540,109797612,58186577,26447512,1,4,6,0.1566,29315681,187225462,15841381,3108481,0.5299,0.0605
2010,Rev3,29240,292,29,12,1307,55613759,940196291,633151039,307045252,69834812,14148169,307294782,189282567,13226156,3,7,4,0.1811,42550695,234923682,53431379,10824919,0.616,0.0141
2006,Rev3,29250,292,29,9,0,0,159799720,82781227,77018493,0,0,0,0,12681300,2,0,0,,,,,,,0.0794
2007,Rev3,29250,292,29,9,1593,36618707,419097103,72844354,346252749,1125701658,3165372,54916443,2031500,40106101,2,4,0,0.1058,22987261,217358913,706655153,1987051,0.037,0.0957
2009,Rev3,29250,292,29,13,1035,20280590,219243786,128157636,91086150,4475000,903444,115891455,4902423,37689622,3,2,0,0.2227,19594773,88005942,4323671,872893,0.0423,0.1719
2010,Rev3,29250,292,29,11,920,19175225,246699803,151914189,94785614,1776400,727041,141137298,4716200,40519647,2,3,0,0.2023,20842636,103027841,1930870,790262,0.0334,0.1642
2006,Rev3,29262,292,29,1,0,0,1835200,1331578,503622,0,0,0,0,0,0,0,0,,,,,,,0.0
2007,Rev3,29262,292,29,1,53,338113,468821,0,468821,12000,0,0,0,0,0,1,0,0.7212,6379491,8845679,226415,0,,0.0
2009,Rev3,29262,292,29,3,178,2403772,15208030,9134814,6073216,12000,692100,5569771,338669,0,0,1,1,0.3958,13504337,34119191,67416,3888202,0.0608,0.0
2010,Rev3,29262,292,29,1,53,72913,4248731,3083526,1165205,12000,0,0,0,0,0,1,0,0.0626,1375717,21985000,226415,0,,0.0
2006,Rev3,29263,292,29,17,0,0,285474822,259932113,25542709,0,0,0,0,0,0,0,0,,,,,,,0.0
2007,Rev3,29263,292,29,20,1085,15715146,72435131,43207257,29227874,1571336,3883288,25635563,1209010,0,0,3,5,0.5377,14484006,26938133,1448236,3579067,0.0472,0.0
2009,Rev3,29263,292,29,16,547,12927449,49914946,12956210,36958736,196065,1198962,8726311,2025802,0,0,3,5,0.3498,23633362,67566245,358437,2191887,0.2321,0.0
2010,Rev3,29263,292,29,13,2322,35656042,3313141437,1611405718,1701735719,16109888,13341224,1344590982,744617687,490713053,1,3,5,0.021,15355746,732874987,6937936,5745575,0.5538,0.1481
2006,Rev3,29270,292,29,2,0,0,398343519,173249917,225093602,0,0,0,0,2070460,1,0,0,,,,,,,0.0052
2007,Rev3,29270,292,29,2,2946,113352278,453926250,248728718,205197532,0,2198863,224975610,155195771,24847469,1,0,0,0.5524,38476673,69652930,0,746389,0.6898,0.0547
2009,Rev3,29270,292,29,1,2736,105171723,1072206020,283478289,788727731,22278395,1185672,271595537,0,0,0,1,0,0.1333,38439957,288277679,8142688,433360,0.0,0.0
2010,Rev3,29270,292,29,3,2625,146174861,1206145838,979285460,226860378,15418172,6136747,902353095,0,44430245,1,1,0,0.6443,55685661,86423001,5873589,2337808,0.0,0.0368
2006,Rev3,29291,292,29,5,0,0,43384318,30143334,13240984,0,0,0,0,455363,1,0,0,,,,,,,0.0105
2007,Rev3,29291,292,29,5,233,4818236,35162218,26364499,8797719,0,2238280,13955972,4295603,0,0,0,1,0.5477,20679124,37758451,0,9606352,0.3078,0.0
2009,Rev3,29291,292,29,2,127,3517481,14521244,9002188,5519056,4777509,387514,4637417,0,0,0,1,1,0.6373,27696701,43457134,37618181,3051291,0.0,0.0
2010,Rev3,29291,292,29,4,271,6803353,97523414,85279149,12244265,4777509,3497868,51490142,10275,0,0,1,1,0.5556,25104624,45181790,17629185,12907262,0.0002,0.0
2007,Rev3,29292,292,29,1,35,630000,3391423,1491723,1899700,30000,11105,1376150,1152381,0,0,1,0,0.3316,18000000,54277143,857143,317286,0.8374,0.0
2009,Rev3,29292,292,29,1,35,513375,4419898,0,4419898,30000,0,0,0,0,0,1,0,0.1162,14667857,126282800,857143,0,,0.0
2010,Rev3,29292,292,29,2,57,1018236,5825545,277250,5548295,30000,600,230000,0,0,0,1,0,0.1835,17863789,97338509,526316,10526,0.0,0.0
2006,Rev3,29299,292,29,17,0,0,128973374,80067209,48906165,0,0,0,0,1148319,1,0,0,,,,,,,0.0089
2007,Rev3,29299,292,29,18,2265,47948609,169359308,99638532,69720776,14650335,2464536,78773358,12372276,13534136,3,3,3,0.6877,21169364,30781800,6468139,1088095,0.1571,0.0799
2009,Rev3,29299,292,29,16,1343,35690315,237858958,123618087,114240871,16023245,4130575,99772247,15566725,1714532,2,3,4,0.3124,26575067,85063940,11930934,3075633,0.156,0.0072
2010,Rev3,29299,292,29,15,1205,24767759,201632350,125963175,75669175,10227301,2945979,102324268,13774797,2291660,2,3,2,0.3273,20554157,62795996,8487387,2444796,0.1346,0.0114
2007,Rev3,29300,293,29,1,287,3904700,80000000,24271600,55728400,1800000,106600,22113000,14017000,0,0,1,1,0.0701,13605226,194175610,6271777,371429,0.6339,0.0
2006,Rev3,29301,293,29,8,0,0,88187203,45304509,42882694,0,0,0,0,0,0,0,0,,,,,,,0.0
2007,Rev3,29301,293,29,16,1176,16813120,329798053,179502916,150295137,9967211,8619296,123465104,24407191,36741310,1,4,2,0.1119,14296871,127801987,8475520,7329333,0.1977,0.1114
2009,Rev3,29301,293,29,20,1399,18553655,260582073,115611502,144970571,0,6142356,82213378,8903712,0,0,0,1,0.128,13262084,103624425,0,4390533,0.1083,0.0
2010,Rev3,29301,293,29,18,842,24200792,63284293,41333329,21950964,0,2000706,31263870,2584250,0,0,0,1,1.1025,28742033,26070029,0,2376135,0.0827,0.0
2006,Rev3,29302,293,29,25,0,0,3988347077,2405890248,1582456829,0,0,0,0,714843176,6,0,0,,,,,,,0.1792
2007,Rev3,29302,293,29,28,11870,244559719,2886283745,1761884924,1124398821,92920381,18595456,1576069907,1011265141,224501708,2,6,8,0.2175,20603178,94726101,7828170,1566593,0.6416,0.0778
2009,Rev3,29302,293,29,35,11277,222371072,8262607487,6350110635,1912496852,398000837,95214853,5535768135,3344896745,53056252,2,9,8,0.1163,19718992,169592698,35293149,8443279,0.6042,0.0064
2010,Rev3,29302,293,29,35,12077,494657201,4460100658,2994549120,1465551538,397821546,31196175,2575045732,1493667444,228369486,5,10,10,0.3375,40958616,121350628,32940428,2583106,0.5801,0.0512
2006,Rev3,29309,293,29,59,0,0,4551614626,2945301233,1606313392,0,0,0,0,1851623360,11,0,0,,,,,,,0.4068
2007,Rev3,29309,293,29,54,19064,182765628,3815445433,2022490671,1792954762,169385894,64104338,1470523978,901849615,1261195,1,12,31,0.1019,9586951,94049243,8885118,3362586,0.6133,0.0003
2009,Rev3,29309,293,29,35,9786,160436429,7137391788,3259922295,3877469493,131692921,245183478,2361305036,381134886,38797725,2,10,21,0.0414,16394485,396226190,13457278,25054514,0.1614,0.0054
2010,Rev3,29309,293,29,33,9154,280155878,4336623856,476943835,3859680021,221303744,38834407,357168602,28667386,17287827,2,11,21,0.0726,30604750,421638630,24175633,4242343,0.0803,0.004
2007,Rev3,29913,299,29,1,39,677522,2880807,2047443,833364,1861193,49129,1393633,0,0,0,1,0,0.813,17372359,21368308,47722897,1259718,0.0,0.0
2009,Rev3,30001,300,30,1,33,315434,581492,265937,315555,0,40095,203222,0,0,0,0,0,0.9996,9558606,9562273,0,1215000,0.0,0.0
2010,Rev3,30001,300,30,1,30,324000,718709,312405,406304,0,36360,211725,0,0,0,0,0,0.7974,10800000,13543467,0,1212000,0.0,0.0
2007,Rev3,30002,300,30,1,370,8000000,13086693,4752465,8334228,3980000,150000,52465,0,3130802,1,1,1,0.9599,21621622,22524941,10756757,405405,0.0,0.2392
2006,Rev3,30003,300,30,7,0,0,159402373,47631407,111770967,0,0,0,0,80760585,2,0,0,,,,,,,0.5066
2007,Rev3,30003,300,30,5,2776,54578953,237825960,0,237825960,3169572,0,0,0,0,0,2,2,0.2295,19661006,85672176,1141777,0,,0.0
2009,Rev3,30003,300,30,6,526,19393946,58466507,1680036,56786471,656643,0,1680036,1559036,1555799,1,2,2,0.3415,36870620,107959070,1248371,0,0.928,0.0266
2010,Rev3,30003,300,30,8,2851,115436897,349889847,965500,348924347,1656643,9000,935000,0,0,0,3,3,0.3308,40489967,122386653,581074,3157,0.0,0.0
2006,Rev3,30004,300,30,2,0,0,1420482,123036,1297446,0,0,0,0,851742,1,0,0,,,,,,,0.5996
2007,Rev3,30004,300,30,2,149,4891214,10884053,3585786,7298267,0,22646,2686977,2686977,0,0,0,1,0.6702,32826940,48981658,0,151987,1.0,0.0
2009,Rev3,30004,300,30,1,33,583719,1902606,221228,1681378,3198377,7291,50000,10000,0,0,1,1,0.3472,17688455,50950848,96920515,220939,0.2,0.0
2010,Rev3,30004,300,30,1,27,524745,970325,241437,728888,3484680,8245,65000,50000,970325,1,1,1,0.7199,19435000,26995852,129062222,305370,0.7692,1.0
2006,Rev3,31101,311,31,9,0,0,1012337742,756247129,256090613,0,0,0,0,866553083,4,0,0,,,,,,,0.856
2007,Rev3,31101,311,31,8,3001,63429804,763313688,595697592,167616096,71058,952178,573475267,549470204,463554881,1,2,5,0.3784,21136223,55853414,23678,317287,0.9581,0.6073
2009,Rev3,31101,311,31,4,1596,98641099,862559782,261301196,601258586,0,3329368,235769875,231896910,686266095,2,0,3,0.1641,61805200,376728437,0,2086070,0.9836,0.7956
2010,Rev3,31101,311,31,4,803,44619338,620345978,374237126,246108852,73982421,3548463,329138737,244657251,396039485,2,2,1,0.1813,55565801,306486740,92132529,4419007,0.7433,0.6384
2006,Rev3,31102,311,31,7,0,0,153829502,107766468,46063034,0,0,0,0,27383471,1,0,0,,,,,,,0.178
2007,Rev3,31102,311,31,9,1069,44542611,105171757,49835725,55336032,6662494,2132760,39639451,10297508,942594,1,2,4,0.8049,41667550,51764296,6232455,1995098,0.2598,0.009
2009,Rev3,31102,311,31,5,364,16144468,221828781,41570349,180258432,1792533,3546586,35419085,13338896,131216311,2,1,2,0.0896,44352934,495215473,4924541,9743368,0.3766,0.5915
2010,Rev3,31102,311,31,6,450,14702856,228773274,65053240,163720034,44412533,4017300,57439337,20252035,56884900,1,3,2,0.0898,32673013,363822298,98694518,8927333,0.3526,0.2487
2006,Rev3,31103,311,31,23,0,0,3283646345,1844398349,1439247995,0,0,0,0,353878495,7,0,0,,,,,,,0.1078
2007,Rev3,31103,311,31,25,10226,242541016,3927795884,2753948748,1173847136,98265075,11507740,2510776709,1723382977,602945693,9,12,15,0.2066,23718073,114790449,9609336,1125341,0.6864,0.1535
2009,Rev3,31103,311,31,21,9233,366754829,2677839763,777815158,1900024605,115339508,2701906,723992592,380267837,740233242,7,10,11,0.193,39722174,205786267,12492094,292636,0.5252,0.2764
2010,Rev3,31103,311,31,22,10562,267880761,4787641756,2911033124,1876608632,175530438,16923012,2688486125,1119977554,639747570,8,9,11,0.1427,25362693,177675500,16619053,1602254,0.4166,0.1336
2006,Rev3,31201,312,31,46,0,0,2533013736,1607662740,925350996,0,0,0,0,1330781865,8,0,0,,,,,,,0.5254
2007,Rev3,31201,312,31,48,8229,211471786,1984201931,906973354,1077228577,49365741,9023482,537571830,242553052,293528408,4,15,8,0.1963,25698358,130906377,5998996,1096547,0.4512,0.1479
2009,Rev3,31201,312,31,44,7835,142185988,4974225490,3898226578,1075998912,42812159,38693969,3256104888,1676991122,734883668,5,17,9,0.1321,18147542,137332344,5464219,4938605,0.515,0.1477
2010,Rev3,31201,312,31,41,6357,203469863,3083173945,2023852500,1059321445,37853594,7308442,1910768297,918120627,1835682812,5,17,7,0.1921,32007215,166638579,5954632,1149668,0.4805,0.5954
2006,Rev3,31202,312,31,14,0,0,327196099,127636668,199559431,0,0,0,0,49290810,2,0,0,,,,,,,0.1506
2007,Rev3,31202,312,31,17,2539,41084774,601202095,325591031,275611064,4850906,6483288,270392635,6077236,64046379,1,3,2,0.1491,16181479,108551030,1910558,2553481,0.0225,0.1065
2009,Rev3,31202,312,31,15,1481,38499167,701404160,364670184,336733976,2729611,1658783,336244669,172051501,261953376,3,3,3,0.1143,25995386,227369329,1843086,1120043,0.5117,0.3735
2010,Rev3,31202,312,31,19,4616,49093365,1587257746,1065692644,521565102,15600748,4840495,646221537,345478983,795922129,6,6,5,0.0941,10635478,112990707,3379711,1048634,0.5346,0.5014
2006,Rev3,31300,313,31,76,0,0,9212721782,6939872899,2272848883,0,0,0,0,2825519265,21,0,0,,,,,,,0.3067
2007,Rev3,31300,313,31,68,21577,388798556,11176519802,8024176851,3152342951,246235549,49097455,7384765867,2184764900,1749145686,14,20,23,0.1233,18019120,146097370,11411946,2275453,0.2958,0.1565
2009,Rev3,31300,313,31,72,23208,416405725,11966971814,7587861432,4379110382,469833844,313543591,6764824705,1741237103,2526674633,19,24,25,0.0951,17942336,188689692,20244478,13510151,0.2574,0.2111
2010,Rev3,31300,313,31,66,22147,516015403,16396730869,10361065083,6035665786,17993575522,368044669,8686266720,2112480458,4382335626,14,26,23,0.0855,23299562,272527466,812461079,16618263,0.2432,0.2673
2006,Rev3,31401,314,31,9,0,0,3087985209,2131891967,956093242,0,0,0,0,1651457129,5,0,0,,,,,,,0.5348
2007,Rev3,31401,314,31,9,4327,120198011,2781966503,1983761772,798204731,59095617,86379880,1713741390,1275860890,1082137668,4,3,4,0.1506,27778602,184470703,13657411,19962995,0.7445,0.389
2009,Rev3,31401,314,31,11,6689,163167677,5242362911,3173840079,2068522832,159938790037,45537036,2740098426,1623372829,2208130827,4,5,5,0.0789,24393434,309242463,23910717602,6807749,0.5925,0.4212
2010,Rev3,31401,314,31,10,5701,251366639,5566470850,3807524138,1758946712,185829,57889689,3380840484,1685035800,3065358749,3,1,4,0.1429,44091675,308533014,32596,10154304,0.4984,0.5507
2006,Rev3,31402,314,31,25,0,0,4047037351,2810326947,1236710405,0,0,0,0,733870563,7,0,0,,,,,,,0.1813
2007,Rev3,31402,314,31,21,6122,153867411,4407589038,2245718568,2161870470,94609741,156006498,1714429552,934672578,862179832,4,6,5,0.0712,25133520,353131406,15454058,25482930,0.5452,0.1956
2009,Rev3,31402,314,31,17,6259,145385304,3583770483,2097327388,1486443095,7308840106,40965356,1924876780,313378365,1448134275,5,5,4,0.0978,23228200,237488911,1167732882,6545032,0.1628,0.4041
2010,Rev3,31402,314,31,16,7265,180705701,3829061726,1198111756,2630949970,7385244984,33789233,1023751093,348623382,1905948201,7,6,4,0.0687,24873462,362140395,1016551271,4650961,0.3405,0.4978
2006,Rev3,31501,315,31,16,0,0,632457550,375350907,257106643,0,0,0,0,334660980,8,0,0,,,,,,,0.5291
2007,Rev3,31501,315,31,17,5669,150253719,829862928,435528060,394334868,74277963,27849477,339716203,223803620,205223717,5,7,4,0.381,26504449,69559864,13102481,4912591,0.6588,0.2473
2009,Rev3,31501,315,31,14,5216,98362766,1388449160,774694563,613754597,2110519,47361295,606000597,127532614,281151171,4,3,4,0.1603,18857892,117667676,404624,9080003,0.2104,0.2025
2010,Rev3,31501,315,31,13,4687,113649965,1232295603,544322548,687973055,260569962,29373535,416549047,136047150,341987347,7,5,5,0.1652,24247912,146783242,55594189,6267023,0.3266,0.2775
2006,Rev3,31502,315,31,1,0,0,104538000,41006000,63532000,0,0,0,0,0,0,0,0,,,,,,,0.0
2007,Rev3,31502,315,31,2,238,2129266,62777399,27651455,35125944,10848944,134968,27016129,13318019,0,0,1,0,0.0606,8946496,147588000,45583798,567092,0.493,0.0
2009,Rev3,31502,315,31,2,212,8240175,70402925,57325092,13077833,667805,88534,49507075,10486251,66379175,1,1,1,0.6301,38868750,61687892,3150024,417613,0.2118,0.9428
2010,Rev3,31502,315,31,2,283,3505830,96041263,78672635,17368628,667805,92871,67923913,13052631,88985135,1,1,1,0.2018,12388092,61373244,2359735,328166,0.1922,0.9265
2006,Rev3,31509,315,31,12,0,0,1197073945,644420590,552653355,0,0,0,0,44226041,3,0,0,,,,,,,0.0369
2007,Rev3,31509,315,31,10,2480,65021001,1038018527,587190041,450828486,22811672,6820013,534244215,60351574,0,0,3,3,0.1442,26218146,181785680,9198255,2750005,0.113,0.0
2009,Rev3,31509,315,31,10,2274,34429510,562681329,390765377,171915952,34106729,11516887,358522933,22827227,14562834,1,3,3,0.2003,15140506,75600682,14998562,5064594,0.0637,0.0259
2010,Rev3,31509,315,31,11,2123,47346149,754113358,608035406,146077952,34106729,17792148,564441491,36720394,24069182,1,3,3,0.3241,22301530,68807325,16065346,8380663,0.0651,0.0319
2006,Rev3,31900,319,31,24,0,0,2005849366,779656618,1226192748,0,0,0,0,376108435,8,0,0,,,,,,,0.1875
2007,Rev3,31900,319,31,25,11020,287772313,3607344616,1685262230,1922082386,69670654,115975067,1445739937,576514755,37819937,1,9,11,0.1497,26113640,174417639,6322201,10524053,0.3988,0.0105
2009,Rev3,31900,319,31,21,13027,447290166,15882856392,8841948505,7040907887,355610846,844557989,4072887814,2452074044,8928873,5,7,14,0.0635,34335623,540485752,27297985,64831349,0.602,0.0006
2010,Rev3,31900,319,31,17,10454,369044208,15089668859,8261989438,6827679421,354411424,1155378590,3360322304,1913941293,11633136,3,5,9,0.0541,35301723,653116455,33901992,110520240,0.5696,0.0008
2007,Rev3,31905,319,31,1,155,11985080,24116593,4013060,20103533,0,215544,2841287,850511,0,0,0,0,0.5962,77323097,129700213,0,1390606,0.2993,0.0
2006,Rev3,32100,321,32,152,0,0,29788500997,19560025443,10228475554,0,0,0,0,20350328078,77,0,0,,,,,,,0.6832
2007,Rev3,32100,321,32,147,104688,2229153201,20390962740,9345073346,11045889394,819656423,171272869,7623354530,5596938853,4502949658,31,56,98,0.2018,21293302,105512469,7829516,1636032,0.7342,0.2208
2009,Rev3,32100,321,32,143,94476,1836836120,24631475931,11528809264,13102666667,623428274,206986729,9038014558,6582933474,12037107931,49,54,100,0.1402,19442357,138687780,6598800,2190892,0.7284,0.4887
2010,Rev3,32100,321,32,150,103542,1674274087,21000250902,6433072566,14567178336,969389223,98787528,4600956060,3295602101,7591418679,44,62,97,0.1149,16169999,140688593,9362280,954082,0.7163,0.3615
2006,Rev3,32200,322,32,10,0,0,1941279985,789673346,1151606639,0,0,0,0,909903260,3,0,0,,,,,,,0.4687
2007,Rev3,32200,322,32,6,2832,36576681,1632804915,993560574,639244341,343064,6699887,951810225,911226508,1091509100,2,1,3,0.0572,12915495,225721872,121138,2365779,0.9574,0.6685
2009,Rev3,32200,322,32,12,1780,31926390,487085720,71370282,415715438,19077968,1799844,34968240,3197935,9217450,1,4,7,0.0768,17936174,233547999,10717960,1011148,0.0915,0.0189
2010,Rev3,32200,322,32,15,2218,34041818,385748058,186364669,199383389,5593621,11472602,142238426,16120045,47025712,3,4,6,0.1707,15347979,89893322,2521921,5172499,0.1133,0.1219
2006,Rev3,32300,323,32,51,0,0,13152233442,6884068981,6268164461,0,0,0,0,4431968673,8,0,0,,,,,,,0.337
2007,Rev3,32300,323,32,45,23035,386927613,18524762152,13938075353,4586686799,484119062,373087627,13332222487,5533245776,1767014189,8,13,14,0.0844,16797378,199118159,21016673,16196554,0.415,0.0954
2009,Rev3,32300,323,32,51,27831,585704976,28368722132,23338229705,5030492427,771985183,561420864,20294311440,6337472796,5613528636,9,18,19,0.1164,21045057,180751408,27738320,20172501,0.3123,0.1979
2010,Rev3,32300,323,32,39,15009,304699743,16080038919,13301403172,2778635747,295994960,544131711,10122722835,4176749045,6149466657,3,14,13,0.1097,20301136,185131304,19721165,36253695,0.4126,0.3824
2006,Rev3,33111,331,33,5,0,0,353517546,58617611,294899935,0,0,0,0,58904746,2,0,0,,,,,,,0.1666
2007,Rev3,33111,331,33,4,2050,18391242,344323146,85795643,258527503,3029967,2254176,68055446,48992799,852714,1,2,2,0.0711,8971338,126110977,1478033,1099598,0.7199,0.0025
2009,Rev3,33111,331,33,4,1855,31335692,325485606,161128008,164357598,5577000,2859790,145870602,123036484,59778,1,1,1,0.1907,16892556,88602479,3006469,1541666,0.8435,0.0002
2010,Rev3,33111,331,33,4,1458,32247520,310587559,135600660,174986899,0,1306762,123482694,112666044,0,0,0,1,0.1843,22117641,120018449,0,896270,0.9124,0.0
2006,Rev3,33112,331,33,1,0,0,28730242,1050354,27679888,0,0,0,0,0,0,0,0,,,,,,,0.0
2007,Rev3,33112,331,33,1,34,888735,29797387,0,29797387,0,0,0,0,0,0,0,0,0.0298,26139265,876393735,0,0,,0.0
2006,Rev3,33113,331,33,7,0,0,1346809260,925416627,421392633,0,0,0,0,1248263072,4,0,0,,,,,,,0.9268
2007,Rev3,33113,331,33,10,827,12754341,116577775,47132199,69445576,0,859610,41098047,6835237,18514216,4,0,1,0.1837,15422420,83972885,0,1039432,0.1663,0.1588
2009,Rev3,33113,331,33,12,1406,30987193,287691134,206082837,81608297,6262699,1331771,179286840,61852619,118475920,5,4,3,0.3797,22039255,58042885,4454267,947206,0.345,0.4118
2010,Rev3,33113,331,33,8,791,24426029,143471009,68587889,74883120,35328709,2219276,46791692,23493923,63335294,3,4,2,0.3262,30879936,94668925,44663349,2805659,0.5021,0.4415
2006,Rev3,33119,331,33,3,0,0,34759086,16342674,18416412,0,0,0,0,24933331,1,0,0,,,,,,,0.7173
2007,Rev3,33119,331,33,5,732,19448221,74365486,38728250,35637236,5064754,192225,3249614,321873,0,0,3,1,0.5457,26568608,48684749,6919063,262602,0.099,0.0
2009,Rev3,33119,331,33,3,479,11699950,17357148,14267351,3089797,101297,23416,1359356,190779,345787,1,1,1,3.7866,24425783,6450516,211476,48885,0.1403,0.0199
2010,Rev3,33119,331,33,4,762,14260423,20548238,7048769,13499469,588697,79633,2164591,46613,709289,1,2,1,1.0564,18714466,17715839,772568,104505,0.0215,0.0345
2006,Rev3,33121,331,33,13,0,0,188101799,104280771,83821028,0,0,0,0,88925498,3,0,0,,,,,,,0.4728
2007,Rev3,33121,331,33,13,730,14151163,134246628,92499949,41746679,4847936,3653744,84599215,58035681,74320582,2,3,3,0.339,19385155,57187232,6641008,5005129,0.686,0.5536
2009,Rev3,33121,331,33,8,414,9427037,58009120,28133646,29875474,10000,408210,16374333,7891000,19175130,1,1,2,0.3155,22770621,72162981,24155,986014,0.4819,0.3306
2010,Rev3,33121,331,33,12,701,18065667,85520144,40810701,44709443,4972369,1410466,27427368,9786078,19740546,2,2,2,0.4041,25771280,63779519,7093251,2012077,0.3568,0.2308
2009,Rev3,33122,331,33,1,65,816994,1727282,167274,1560008,0,25810,0,0,0,0,0,0,0.5237,12569138,24000123,0,397077,,0.0
2010,Rev3,33122,331,33,2,63,1364903,18939900,11439026,7500874,31970000,185797,10800000,10800000,3601200,1,1,1,0.182,21665127,119061492,507460317,2949159,1.0,0.1901
2006,Rev3,33123,331,33,1,0,0,867744000,726243861,141500139,0,0,0,0,0,0,0,0,,,,,,,0.0
2007,Rev3,33123,331,33,1,1000,39300000,922032000,399853400,522178600,31750000,2816000,392337400,0,0,0,1,1,0.0753,39300000,522178600,31750000,2816000,0.0,0.0
2009,Rev3,33123,331,33,4,1675,64173532,1108196903,318830693,789366210,157389347,2461987,230702394,76026248,116596491,2,2,3,0.0813,38312556,471263409,93963789,1469843,0.3295,0.1052
2010,Rev3,33123,331,33,4,1965,69731109,1738370370,397288334,1341082036,176362943,1472003,236262939,81578989,96646129,3,3,3,0.052,35486569,682484497,89752134,749111,0.3453,0.0556
2006,Rev3,33130,331,33,1,0,0,143066567,4753466,138313101,0,0,0,0,143066567,1,0,0,,,,,,,1.0
2009,Rev3,33130,331,33,1,1724,18125577,118084564,70464614,47619950,7062163,184314,63502623,0,1107627,1,1,0,0.3806,10513676,27621781,4096382,106911,0.0,0.0094
2010,Rev3,33130,331,33,1,1706,12317237,119638567,50148732,69489835,300671506,189500,36131133,30479016,4867748,1,1,0,0.1773,7219951,40732611,176243556,111079,0.8436,0.0407
2006,Rev3,33201,332,33,10,0,0,1259568310,431959413,827608897,0,0,0,0,1007270464,5,0,0,,,,,,,0.7997
2007,Rev3,33201,332,33,10,7242,117350716,1251030054,938195202,312834852,31021754,4574077,629702707,549050037,490308684,2,3,4,0.3751,16204186,43197301,4283589,631604,0.8719,0.3919
2009,Rev3,33201,332,33,8,6934,106971038,283466827,109221772,174245055,31413983,253143,81839970,59405253,132876850,2,3,1,0.6139,15427032,25129082,4530427,36507,0.7259,0.4688
2010,Rev3,33201,332,33,6,6482,98992392,362718572,184601318,178117254,32227310,248155,131031038,117006964,201082879,2,2,1,0.5558,15271890,27478749,4971816,38284,0.893,0.5544
2007,Rev3,33202,332,33,1,46,700000,1097391,0,1097391,0,0,0,0,0,0,0,0,0.6379,15217391,23856326,0,0,,0.0
2009,Rev3,33202,332,33,3,470,20516060,52185290,29893824,22291466,1130239,118763,23199613,19259492,31994867,1,2,3,0.9204,43651191,47428651,2404764,252687,0.8302,0.6131
2010,Rev3,33202,332,33,1,111,2994845,14697476,8310758,6386718,0,24811,7285841,7285841,0,0,0,1,0.4689,26980586,57538000,0,223523,1.0,0.0
2006,Rev3,33203,332,33,1,0,0,141550042,105762732,35787310,0,0,0,0,0,0,0,0,,,,,,,0.0
2007,Rev3,33203,332,33,3,2279,28614111,270007131,172875949,97131182,10207731,900670,167633279,93671416,213091170,1,1,1,0.2946,12555556,42620089,4479039,395204,0.5588,0.7892
2009,Rev3,33203,332,33,3,1788,41834438,198478935,65968029,132510906,10285247,1817097,51812587,36353600,0,0,2,1,0.3157,23397337,74111245,5752375,1016273,0.7016,0.0
2010,Rev3,33203,332,33,4,2758,50000465,681132654,331277631,349855023,15084624,35419691,276870153,236730128,64123059,1,3,2,0.1429,18129248,126850987,5469407,12842528,0.855,0.0941
2006,Rev3,33204,332,33,4,0,0,406708488,282239295,124469193,0,0,0,0,143262985,2,0,0,,,,,,,0.3522
2007,Rev3,33204,332,33,2,1660,42178969,181025676,112137943,68887733,4535580,0,100384835,94795834,133466887,1,1,2,0.6123,25409017,41498634,2732277,0,0.9443,0.7373
2009,Rev3,33204,332,33,2,1608,48399301,168588207,115280138,53308069,0,311847,100513932,89127021,107507013,1,0,2,0.9079,30099068,33151784,0,193935,0.8867,0.6377
2010,Rev3,33204,332,33,2,1608,53432828,186995721,127956651,59039070,0,346140,111566766,98927751,119245729,1,0,2,0.905,33229371,36715840,0,215261,0.8867,0.6377
2006,Rev3,33300,333,33,11,0,0,39608053,19631841,19976212,0,0,0,0,7771538,3,0,0,,,,,,,0.1962
2007,Rev3,33300,333,33,11,1030,10934014,75669791,32431697,43238094,19301590,298506,26935675,14125364,46535739,3,2,2,0.2529,10615548,41978732,18739408,289812,0.5244,0.615
2009,Rev3,33300,333,33,13,1125,15243142,78850577,42303776,36546801,1467551,502751,32843993,4280352,21927,1,6,1,0.4171,13549460,32486045,1304490,446890,0.1303,0.0003
2010,Rev3,33300,333,33,14,1179,17350740,81663487,48002838,33660649,2510674,843005,38604197,4429215,98081,1,7,1,0.5155,14716489,28550169,2129494,715017,0.1147,0.0012
2006,Rev3,34100,341,34,13,0,0,45388236750,7904484041,37483752709,0,0,0,0,4707413965,2,0,0,,,,,,,0.1037
2007,Rev3,34100,341,34,14,14522,453411975,39377599439,6937769927,32439829512,623433071,230371919,4572019274,1758901041,0,0,6,9,0.014,31222419,2233840347,42930249,15863650,0.3847,0.0
2009,Rev3,34100,341,34,9,8398,228192742,23881896879,7631167024,16250729855,482047498,296591044,5946772223,1815913444,0,0,4,5,0.014,27172272,1935071428,57400274,35316866,0.3054,0.0
2010,Rev3,34100,341,34,13,25585,599267230,64711597403,9718987819,54992609584,1297266939,256292091,8353678226,2370134284,5619388061,2,6,9,0.0109,23422600,2149408231,50704199,10017279,0.2837,0.0868
2006,Rev3,34200,342,34,90,0,0,992522732,451219733,541302999,0,0,0,0,33422012,3,0,0,,,,,,,0.0337
2007,Rev3,34200,342,34,87,20951,218909536,10208162467,4287444603,5920717864,989167558,59651654,3517621274,2464344588,0,0,32,4,0.037,10448644,282598342,47213382,2847198,0.7006,0.0
2009,Rev3,34200,342,34,81,9551,132814671,2389673572,969955479,1419718093,93632678,18170323,812224527,124521637,382185,1,25,2,0.0936,13905839,148646015,9803442,1902452,0.1533,0.0002
2010,Rev3,34200,342,34,77,10693,353462759,2646121204,1000740001,1645381203,141398026,59120580,812736566,160282889,216000,1,29,3,0.2148,33055528,153874610,13223420,5528905,0.1972,0.0001
2006,Rev3,34300,343,34,212,0,0,20933604192,13756498550,7177105642,0,0,0,0,3999567707,55,0,0,,,,,,,0.1911
2007,Rev3,34300,343,34,183,45881,969603031,30210919713,19939929352,10270990361,2299960274,839642939,15012816784,7661210092,1507963290,7,59,62,0.0944,21132997,223861519,50128817,18300450,0.5103,0.0499
2009,Rev3,34300,343,34,174,55297,1553504168,44281077562,18282182540,25998895022,1268827107,661261573,14664068322,6736514228,4352941989,26,56,65,0.0598,28093824,470168274,22945677,11958363,0.4594,0.0983
2010,Rev3,34300,343,34,173,46226,2009747558,28441374004,6521903210,21919470794,1227116110,243670862,5065749454,1916340712,7853466106,32,71,64,0.0917,43476562,474180565,26546015,5271295,0.3783,0.2761
2006,Rev3,35111,351,35,69,0,0,6728295577,3554123071,3174172506,0,0,0,0,2865062731,8,0,0,,,,,,,0.4258
2007,Rev3,35111,351,35,62,8882,237134261,7436785868,4063370486,3373415382,136873331,108677812,3312037248,238180815,643958384,5,27,7,0.0703,26698296,379803578,15410193,12235737,0.0719,0.0866
2009,Rev3,35111,351,35,58,8943,252799974,4721560093,2474014062,2247546031,278749797,142818996,1790529142,1132054110,1292987098,11,28,8,0.1125,28267916,251319024,31169607,15969920,0.6322,0.2738
2010,Rev3,35111,351,35,59,9791,245487776,5626867885,2762641001,2864226884,346817152,146491587,2196989474,1243010763,1266025484,9,31,8,0.0857,25072799,292536706,35422036,14961862,0.5658,0.225
2006,Rev3,35112,351,35,7,0,0,105387208,50857374,54529834,0,0,0,0,41912484,1,0,0,,,,,,,0.3977
2007,Rev3,35112,351,35,6,462,8890659,61177425,45400236,15777189,130499,3441901,26295186,11124904,282017,1,2,2,0.5635,19243851,34149760,282465,7450002,0.4231,0.0046
2009,Rev3,35112,351,35,3,802,36995812,368796276,68148573,300647703,9826138,6138720,29315582,11659532,0,0,1,0,0.1231,46129441,374872448,12252042,7654264,0.3977,0.0
2010,Rev3,35112,351,35,3,461,12676590,131956739,52652627,79304112,35000,32484341,26992601,0,0,0,1,0,0.1598,27498026,172026273,75922,70464948,0.0,0.0
2006,Rev3,35113,351,35,54,0,0,557289663,309650163,247639500,0,0,0,0,25138400,1,0,0,,,,,,,0.0451
2007,Rev3,35113,351,35,58,4318,100044600,1134622691,643658958,490963733,45933201,81935431,390703230,51689460,0,0,12,2,0.2038,23169199,113701652,10637610,18975320,0.1323,0.0
2009,Rev3,35113,351,35,54,5968,140536742,1464212823,536010438,928202385,4029121183,112106976,311938742,136157787,0,0,18,3,0.1514,23548382,155529890,675120842,18784681,0.4365,0.0
2010,Rev3,35113,351,35,48,15359,584160284,3443043722,2412968734,1030074988,274193780,575351337,1408714592,1043193380,0,0,22,3,0.5671,38033745,67066540,17852320,37460208,0.7405,0.0
2009,Rev3,35114,351,35,1,46,561156,4289884,3359435,930449,0,0,2960000,2960000,0,0,0,1,0.6031,12199043,20227152,0,0,1.0,0.0
2010,Rev3,35114,351,35,1,52,909273,4336481,3424726,911755,0,68175,2960533,2960533,4336481,1,0,1,0.9973,17486019,17533750,0,1311058,1.0,1.0
2007,Rev3,35115,351,35,1,79,6815451,29020221,6370723,22649498,15924659,145568,0,0,0,0,1,0,0.3009,86271532,286702506,201577962,1842633,,0.0
2009,Rev3,35115,351,35,2,2932,115218344,1671630939,541955558,1129675381,6001206,876100,384033185,0,0,0,2,0,0.102,39296843,385291740,2046796,298806,0.0,0.0
2010,Rev3,35115,351,35,2,1637,11730599,606085043,139696787,466388256,5640639,467046,102702177,52318139,606085043,2,1,0,0.0252,7165913,284904249,3445717,285306,0.5094,1.0
2006,Rev3,35120,351,35,2,0,0,5307475,4549118,758357,0,0,0,0,0,0,0,0,,,,,,,0.0
2007,Rev3,35120,351,35,2,42,454125,2379519,1511334,868185,0,37843,1414093,0,0,0,0,0,0.5231,10812500,20671071,0,901024,0.0,0.0
2009,Rev3,35120,351,35,2,43,404290,4456976,1933605,2523371,480240,39456,1665335,0,1296888,1,1,0,0.1602,9402093,58683047,11168372,917581,0.0,0.291
2010,Rev3,35120,351,35,2,45,543384,4560000,2140384,2419616,1169000,33215,1899074,0,0,0,1,0,0.2246,12075200,53769244,25977778,738111,0.0,0.0
2006,Rev3,35201,352,35,3,0,0,453383280,217530718,235852562,0,0,0,0,42813461,1,0,0,,,,,,,0.0944
2007,Rev3,35201,352,35,1,28,2674406,24584059,16520651,8063408,1027799,703695,12578138,11996056,0,0,1,1,0.3317,95514500,287978857,36707107,25131964,0.9537,0.0
2009,Rev3,35201,352,35,2,842,55204949,706156318,410968076,295188242,20415789,3948477,159940179,49054874,0,0,1,1,0.187,65564072,350579860,24246780,4689403,0.3067,0.0
2010,Rev3,35201,352,35,1,24,2377158,18078637,10903501,7175136,0,564491,9308200,9167924,0,0,0,1,0.3313,99048250,298964000,0,23520458,0.9849,0.0
2006,Rev3,35202,352,35,1,0,0,44885800,25587308,19298492,0,0,0,0,0,0,0,0,,,,,,,0.0
2007,Rev3,35202,352,35,2,997,29768591,565646604,267206132,298440472,1169190,1961859,26549088,0,0,0,1,0,0.0997,29858165,299338487,1172708,1967762,0.0,0.0
2009,Rev3,35202,352,35,1,187,6621423,54752265,31258562,23493703,0,1542792,30164906,0,0,0,0,0,0.2818,35408679,125634775,0,8250225,0.0,0.0
2010,Rev3,35202,352,35,1,175,10276835,65413350,1531367,63881983,0,252880,0,0,0,0,0,0,0.1609,58724771,365039903,0,1445029,,0.0
2007,Rev3,35205,352,35,1,30,108000,163216,52500,110716,0,0,44100,0,0,0,0,0,0.9755,3600000,3690533,0,0,0.0,0.0
2006,Rev3,35301,353,35,1,0,0,1346767099,1078191667,268575432,0,0,0,0,0,0,0,0,,,,,,,0.0
2007,Rev3,35301,353,35,1,9777,127665376,1452119885,1162999769,289120116,0,20724977,0,0,0,0,0,0,0.4416,13057725,29571455,0,2119769,,0.0
2009,Rev3,35301,353,35,3,10041,141053005,165856741,789428,165067313,0,36741,85887,4638,0,0,0,0,0.8545,14047705,16439330,0,3659,0.054,0.0
2010,Rev3,35301,353,35,1,46,725700,987087,234128,752959,0,40141,85887,4638,0,0,0,0,0.9638,15776087,16368674,0,872630,0.054,0.0
2006,Rev3,35302,353,35,1,0,0,43426937,18154950,25271987,0,0,0,0,0,0,0,0,,,,,,,0.0
2007,Rev3,35302,353,35,1,644,13966559,189505408,160904626,28600782,0,2661600,141667306,0,0,0,0,0,0.4883,21687203,44411152,0,4132919,0.0,0.0
2009,Rev3,35302,353,35,2,109,993999,5489590,3674650,1814940,0,65817,3385825,0,0,0,0,0,0.5477,9119257,16650826,0,603826,0.0,0.0
2010,Rev3,35302,353,35,2,147,1297392,4354667,1528757,2825910,0,50357,1369652,0,0,0,0,0,0.4591,8825796,19223878,0,342565,0.0,0.0
2006,Rev3,35911,359,35,25,0,0,23405169182,13776028221,9629140961,0,0,0,0,212801513,3,0,0,,,,,,,0.0091
2007,Rev3,35911,359,35,23,13695,176111920,24774752463,15229254441,9545498022,250719393,104437959,14550590864,3417226250,0,0,5,7,0.0184,12859578,697006062,18307367,7625992,0.2349,0.0
2009,Rev3,35911,359,35,18,21087,566737347,67535449584,30816427040,36719022544,286826778,367766585,29587508915,10040479009,0,0,10,6,0.0154,26876149,1741310881,13602067,17440441,0.3393,0.0
2010,Rev3,35911,359,35,16,20944,307093049,51240047162,17245590020,33994457142,251765328,92143863,16999223640,5270393037,5975522088,1,7,5,0.009,14662579,1623111972,12020881,4399535,0.31,0.1166
2006,Rev3,35912,359,35,146,0,0,11075948867,7159840445,3916108421,0,0,0,0,378404646,16,0,0,,,,,,,0.0342
2007,Rev3,35912,359,35,136,23154,605492642,13116335009,8198108284,4918226725,320779522,131859552,7255345150,2513720188,67949369,4,32,26,0.1231,26150671,212413696,13854173,5694893,0.3465,0.0052
2009,Rev3,35912,359,35,120,21676,503595799,18012562349,11930922096,6081640253,1168527066,291670647,9493883595,2789095974,307613426,12,30,27,0.0828,23232875,280570228,53908796,13455926,0.2938,0.0171
2010,Rev3,35912,359,35,127,28687,683907489,23588928053,15742721426,7846206627,1234511557,306622391,13526233239,4270111443,382798820,12,35,29,0.0872,23840328,273510880,43033833,10688549,0.3157,0.0162
2006,Rev3,35921,359,35,13,0,0,69401089,35535196,33865893,0,0,0,0,1586500,1,0,0,,,,,,,0.0229
2007,Rev3,35921,359,35,14,1794,20701606,85842657,45177276,40665381,930000,1599901,40285332,2300566,0,0,1,1,0.5091,11539357,22667436,518395,891807,0.0571,0.0
2009,Rev3,35921,359,35,10,2003,31376366,271000426,205634439,65365987,3650000,2837586,186800237,34484201,0,0,2,0,0.48,15664686,32634042,1822267,1416668,0.1846,0.0
2010,Rev3,35921,359,35,10,2113,41719513,114259381,61475957,52783424,458200,628409,50682512,21721147,8209932,2,3,0,0.7904,19744209,24980324,216848,297401,0.4286,0.0719
2006,Rev3,35922,359,35,33,0,0,1100170446,723883374,376287072,0,0,0,0,532840193,4,0,0,,,,,,,0.4843
2007,Rev3,35922,359,35,29,3484,68275239,496070214,266518775,229551439,41678952,5176970,148295305,13653587,18372127,1,3,4,0.2974,19596796,65887325,11962960,1485927,0.0921,0.037
2009,Rev3,35922,359,35,22,2981,52040354,382333544,254166487,128167057,53526146,4832631,144991701,24787258,6733569,1,3,4,0.406,17457348,42994652,17955769,1621144,0.171,0.0176
2010,Rev3,35922,359,35,21,3405,54181537,164818699,68032321,96786378,54041876,4665366,37657509,4854723,18990924,1,5,4,0.5598,15912346,28424781,15871329,1370152,0.1289,0.1152
2006,Rev3,35990,359,35,1,0,0,5010000,3015000,1995000,0,0,0,0,0,0,0,0,,,,,,,0.0
2007,Rev3,35990,359,35,3,153,2370871,14558075,8533016,6025059,0,107105,6669841,0,0,0,0,0,0.3935,15495889,39379471,0,700033,0.0,0.0
2009,Rev3,35990,359,35,4,276,3333872,19218843,8482282,10736561,713425,540160,6826036,0,0,0,1,0,0.3105,12079246,38900583,2584873,1957101,0.0,0.0
2010,Rev3,35990,359,35,3,259,3824457,43930165,27861429,16068736,1223400,63081,27089390,0,0,0,1,0,0.238,14766243,62041452,4723552,243556,0.0,0.0
2006,Rev3,36101,361,36,1629,0,0,10950569130,6695252495,4255316635,0,0,0,0,6437583957,858,0,0,,,,,,,0.5879
2007,Rev3,36101,361,36,1441,133401,1442315679,11180689122,6697046617,4483642505,4380807516,129235983,5652201603,433648143,2528694490,458,368,93,0.3217,10811881,33610262,32839390,968778,0.0767,0.2262
2009,Rev3,36101,361,36,1100,116245,1517497465,11347257341,6703069163,4644188178,1186081000,108049171,5988027661,937868472,4327095809,459,285,95,0.3268,13054303,39951724,10203286,929495,0.1566,0.3813
2010,Rev3,36101,361,36,988,147136,1984798685,10984987649,3916152354,7068835295,3662018505,55931550,3374792108,458555662,3958998614,401,229,80,0.2808,13489552,48042867,24888664,380135,0.1359,0.3604
2006,Rev3,36102,361,36,281,0,0,2367922574,860949796,1506972778,0,0,0,0,1606629383,168,0,0,,,,,,,0.6785
2007,Rev3,36102,361,36,283,39094,400120081,5090060071,2659101810,2430958261,40851024,67214098,2176574272,46727408,516679653,75,67,9,0.1646,10234821,62182388,1044944,1719294,0.0215,0.1015
2009,Rev3,36102,361,36,267,27814,313358023,2924707907,1649667989,1275039918,305512216,46166853,1192900527,14502566,829759157,114,59,11,0.2458,11266198,45841660,10984116,1659842,0.0122,0.2837
2010,Rev3,36102,361,36,206,25857,298978121,3495358253,2049520873,1445837380,21727896923,49911719,1549210779,14246232,1079017970,91,49,12,0.2068,11562754,55916672,840310048,1930298,0.0092,0.3087
2006,Rev3,36103,361,36,14,0,0,128688529,69978637,58709892,0,0,0,0,15896196,4,0,0,,,,,,,0.1235
2007,Rev3,36103,361,36,14,14830,155695705,2162644447,1198516470,964127977,40598525,11861523,888981265,0,0,0,3,1,0.1615,10498699,65012001,2737594,799833,0.0,0.0
2009,Rev3,36103,361,36,15,14934,268559601,1183876872,283146159,900730713,41096344,2737953,207106206,0,4801680,1,6,0,0.2982,17983099,60314096,2751864,183337,0.0,0.0041
2010,Rev3,36103,361,36,16,15166,256023905,1567417950,792316210,775101740,65199062,7312086,591954103,0,0,0,7,0,0.3303,16881439,51107856,4299028,482137,0.0,0.0
2006,Rev3,36104,361,36,99,0,0,990987898,383246999,607740899,0,0,0,0,128002101,13,0,0,,,,,,,0.1292
2007,Rev3,36104,361,36,100,8949,99941825,2116417166,1044970380,1071446786,53959610,24902904,875744656,92996025,22770348,7,27,1,0.0933,11167932,119728102,6029680,2782758,0.1062,0.0108
2009,Rev3,36104,361,36,118,11984,204252822,1891798825,1018556247,873242578,107267635,14766090,931325508,79086043,112609461,14,28,3,0.2339,17043794,72867371,8950904,1232150,0.0849,0.0595
2010,Rev3,36104,361,36,121,12296,229640011,2409139661,1262890851,1146248810,125456419,19624010,1127345292,89753601,153138024,14,35,4,0.2003,18675993,93221276,10203027,1595967,0.0796,0.0636
2006,Rev3,36109,361,36,80,0,0,451330074,287726995,163603079,0,0,0,0,29094240,9,0,0,,,,,,,0.0645
2007,Rev3,36109,361,36,90,4840,39531759,325461543,192914296,132547247,10977863,10229984,163063431,4831403,1261679,3,19,2,0.2982,8167719,27385795,2268154,2113633,0.0296,0.0039
2009,Rev3,36109,361,36,79,4548,37970861,281469055,185110409,96358646,6298125,5465564,171957363,2792218,6705625,3,13,2,0.3941,8348914,21187037,1384812,1201751,0.0162,0.0238
2010,Rev3,36109,361,36,80,5617,50309683,333139835,169655695,163484140,8503120,4374931,155438581,4681017,4976931,3,17,2,0.3077,8956682,29105241,1513819,778873,0.0301,0.0149
2006,Rev3,36911,369,36,5,0,0,6022794,3421191,2601603,0,0,0,0,0,0,0,0,,,,,,,0.0
2007,Rev3,36911,369,36,1,24,207484,278009,58673,219336,0,3569,4292,0,0,0,0,0,0.946,8645167,9139000,0,148708,0.0,0.0
2006,Rev3,36912,369,36,79,0,0,2960169716,1820636282,1139533434,0,0,0,0,766776351,28,0,0,,,,,,,0.259
2007,Rev3,36912,369,36,81,11507,148585746,5687676284,5029373529,658302755,261536726,103439435,4353916495,1541045790,1028208956,20,25,3,0.2257,12912640,57208895,22728489,8989262,0.3539,0.1808
2009,Rev3,36912,369,36,70,10263,114724924,646453049,367608551,278844498,81196335,3317178,324150780,161923766,309345708,23,20,6,0.4114,11178498,27169882,7911559,323217,0.4995,0.4785
2010,Rev3,36912,369,36,75,13648,334169603,2954092540,2151514387,802578153,213040876,42251152,1848515362,1215432144,1830650036,25,23,8,0.4164,24484877,58805550,15609677,3095776,0.6575,0.6197
2006,Rev3,36913,369,36,13,0,0,111127313,48295587,62831726,0,0,0,0,12839084,5,0,0,,,,,,,0.1155
2007,Rev3,36913,369,36,4,642,6468562,21103419,3137971,17965448,75000,261628,2238262,383224,0,0,1,0,0.3601,10075642,27983564,116822,407520,0.1712,0.0
2009,Rev3,36913,369,36,4,119,928639,4310750,2970130,1340620,5500,29983,2846536,27319,3336448,2,1,0,0.6927,7803689,11265714,46218,251958,0.0096,0.774
2010,Rev3,36913,369,36,3,75,752250,8792533,7771708,1020825,0,206277,6733088,1810164,2693250,1,0,0,0.7369,10030000,13611000,0,2750360,0.2688,0.3063
2006,Rev3,36914,369,36,2,0,0,19706260,15133997,4572263,0,0,0,0,0,0,0,0,,,,,,,0.0
2007,Rev3,36914,369,36,2,151,1758901,29367022,4803911,24563111,0,1665949,2498273,0,0,0,0,1,0.0716,11648351,162669609,0,11032775,0.0,0.0
2009,Rev3,36914,369,36,2,81,2371918,9786629,5992330,3794299,265225,89527,3344751,0,0,0,1,1,0.6251,29282938,46843198,3274383,1105272,0.0,0.0
2006,Rev3,36915,369,36,43,0,0,79643939,36692192,42951747,0,0,0,0,31773470,20,0,0,,,,,,,0.3989
2007,Rev3,36915,369,36,41,3409,27674163,85419534,35934673,49484861,9564805,1169958,23336220,5299341,29971214,12,9,1,0.5592,8117971,14515946,2805751,343197,0.2271,0.3509
2009,Rev3,36915,369,36,28,2506,24749556,69696874,32873626,36823248,8115725,1254219,20327809,604350,11362061,9,4,0,0.6721,9876120,14694034,3238518,500486,0.0297,0.163
2010,Rev3,36915,369,36,22,2317,34284859,91650975,22127251,69523724,4611637,905319,17542944,247237,53277459,5,5,0,0.4931,14797091,30005923,1990348,390729,0.0141,0.5813
2006,Rev3,36921,369,36,13,0,0,153848701,6486078,147362623,0,0,0,0,3369321,4,0,0,,,,,,,0.0219
2007,Rev3,36921,369,36,17,552,4263868,164549954,105964351,58585603,1578000,3389892,101501789,8050,33875240,2,4,0,0.0728,7724399,106133339,2858696,6141109,0.0001,0.2059
2009,Rev3,36921,369,36,15,736,6811723,28582154,14933546,13648608,302025,420570,14204741,0,4779381,2,2,0,0.4991,9255058,18544304,410360,571427,0.0,0.1672
2010,Rev3,36921,369,36,12,444,4603937,23777780,12930687,10847093,112587,238040,11893395,0,12965465,2,1,0,0.4244,10369227,24430390,253574,536126,0.0,0.5453
2006,Rev3,36922,369,36,24,0,0,2798861748,1498532827,1300328921,0,0,0,0,2514777123,10,0,0,,,,,,,0.8985
2007,Rev3,36922,369,36,23,12917,318922884,8544362047,7267066193,1277295854,113766109,82753371,6367981032,4702099029,229771106,2,9,9,0.2497,24690167,98884869,8807471,6406547,0.7384,0.0269
2009,Rev3,36922,369,36,21,13712,267561854,3087255452,1591849022,1495406430,137449834,17810667,1430233057,975901601,1179458500,7,7,9,0.1789,19512971,109058229,10024054,1298911,0.6823,0.382
2010,Rev3,36922,369,36,21,13589,277363662,5338469779,3598759825,1739709954,138667334,28303430,3294387128,2382503591,2023544746,8,7,11,0.1594,20410896,128023398,10204381,2082819,0.7232,0.379
2006,Rev3,36930,369,36,90,0,0,244048246,151299833,92748413,0,0,0,0,68398357,9,0,0,,,,,,,0.2803
2007,Rev3,36930,369,36,93,5766,42700584,252551418,161855565,90695853,16873548,6102443,141246377,44704067,38064185,4,10,4,0.4708,7405582,15729423,2926387,1058349,0.3165,0.1507
2009,Rev3,36930,369,36,74,4932,41896561,3260972600,1122581075,2138391525,23749721,5628044,1090443000,24754497,1964930335,4,8,4,0.0196,8494842,433574924,4815434,1141128,0.0227,0.6026
2010,Rev3,36930,369,36,71,4954,47922816,2187102589,1005837032,1181265557,34449112,61778442,808448983,175049290,309487612,4,14,5,0.0406,9673560,238446822,6953797,12470416,0.2165,0.1415
2006,Rev3,36941,369,36,19,0,0,89388822,21889268,67499554,0,0,0,0,7309950,3,0,0,,,,,,,0.0818
2007,Rev3,36941,369,36,17,6662,53475811,282411458,93792334,188619124,12641400,4539770,57362834,44868139,3070457,1,5,2,0.2835,8026991,28312687,1897538,681443,0.7822,0.0109
2009,Rev3,36941,369,36,10,957,13942281,68325109,38549026,29776083,273940,403330,22513875,0,0,0,3,2,0.4682,14568737,31113984,286249,421452,0.0,0.0
2010,Rev3,36941,369,36,9,836,35651397,82584522,32402618,50181904,40270150,762914,9521922,671412,26679057,1,3,1,0.7104,42645212,60026201,48170036,912577,0.0705,0.3231
2006,Rev3,36942,369,36,109,0,0,2260575272,866012015,1394563257,0,0,0,0,2109410597,24,0,0,,,,,,,0.9331
2007,Rev3,36942,369,36,107,16654,171399142,2376707484,836650561,1540056923,31432478,12672482,679730050,139544957,738248608,11,29,10,0.1113,10291770,92473695,1887383,760927,0.2053,0.3106
2009,Rev3,36942,369,36,118,25464,378159701,1436760709,598112940,838647769,77841571,17649175,428389716,93819383,264590225,20,26,13,0.4509,14850758,32934644,3056926,693103,0.219,0.1842
2010,Rev3,36942,369,36,115,26063,280873483,1996734442,1129857424,866877018,157380926,11560312,982617423,775016553,1046524275,15,27,12,0.324,10776713,33260830,6038481,443553,0.7887,0.5241
2006,Rev3,36991,369,36,75,0,0,737796564,484941292,252855272,0,0,0,0,281190132,9,0,0,,,,,,,0.3811
2007,Rev3,36991,369,36,56,10032,135948893,1346031640,878827166,467204474,19977542,16328441,762284990,214506146,78299431,2,10,4,0.291,13551524,46571419,1991382,1627636,0.2814,0.0582
2009,Rev3,36991,369,36,56,10843,208030554,1983814323,1333390433,650423890,17751893,30174174,1138213881,233478929,267482915,6,13,6,0.3198,19185701,59985603,1637175,2782825,0.2051,0.1348
2010,Rev3,36991,369,36,56,12143,259965144,2314740104,1228249722,1086490382,31683326,24613734,1073657227,268930210,366102180,8,12,7,0.2393,21408642,89474626,2609184,2026990,0.2505,0.1582
2006,Rev3,36993,369,36,206,0,0,736377190,300432194,435944996,0,0,0,0,598081509,87,0,0,,,,,,,0.8122
2007,Rev3,36993,369,36,182,35609,276673968,1215026859,704409391,510617468,96234808,23363828,538523827,320498878,193430176,26,51,23,0.5418,7769776,14339562,2702542,656121,0.5951,0.1592
2009,Rev3,36993,369,36,175,47232,492411826,1193207394,472930607,720276787,69306045,7403706,358174805,226629674,750362108,48,36,32,0.6836,10425386,15249763,1467354,156752,0.6327,0.6289
2010,Rev3,36993,369,36,163,56267,311875075,1254324700,367377388,886947312,82611439,8241569,244933997,144417820,716797701,40,31,25,0.3516,5542771,15763188,1468204,146473,0.5896,0.5715
2006,Rev3,36999,369,36,158,0,0,744856519,320681622,424174897,0,0,0,0,109390437,32,0,0,,,,,,,0.1469
2007,Rev3,36999,369,36,145,16220,162728505,2790722179,1901514952,889207227,27240984,42338948,1146643802,382976270,70606738,8,38,7,0.183,10032584,54821654,1679469,2610293,0.334,0.0253
2009,Rev3,36999,369,36,101,9629,153767320,1181510932,579219842,602291090,15656833,23170030,457596383,146942438,41943834,9,23,7,0.2553,15969189,62549703,1626008,2406276,0.3211,0.0355
2010,Rev3,36999,369,36,102,12550,190944807,2069343690,1337925100,731418590,140590056,55211945,1078117938,384025702,81808237,14,28,8,0.2611,15214726,58280366,11202395,4399358,0.3562,0.0395
2006,Rev3,37100,371,37,8,0,0,33099923,23580081,9519842,0,0,0,0,0,0,0,0,,,,,,,0.0
2007,Rev3,37100,371,37,12,1267,12810071,83897424,42020454,41876970,10431527,5432425,28843500,6882791,0,0,8,2,0.3059,10110553,33052068,8233249,4287628,0.2386,0.0
2009,Rev3,37100,371,37,11,327,5978185,92686731,71833546,20853185,648000,1412153,66751325,0,0,0,3,3,0.2867,18281911,63771208,1981651,4318511,0.0,0.0
2010,Rev3,37100,371,37,5,194,3300579,20256340,12337933,7918407,2940800,297514,11655146,3289752,5941423,1,3,1,0.4168,17013294,40816531,15158763,1533577,0.2823,0.2933
2006,Rev3,37200,372,37,121,0,0,1272701538,702506372,570195166,0,0,0,0,7561165,5,0,0,,,,,,,0.0059
2007,Rev3,37200,372,37,128,6050,51630832,1090529735,734152844,356376891,39277127,17108559,674223888,7307225,1532641,3,26,3,0.1449,8534022,58905271,6492087,2827861,0.0108,0.0014
2009,Rev3,37200,372,37,105,5110,52812076,550285406,418819890,131465516,12775195,8324803,384514108,11475367,442614855,6,21,1,0.4017,10335044,25727107,2500038,1629120,0.0298,0.8043
2010,Rev3,37200,372,37,32,1987,27607745,347544221,289611915,57932306,21857408,3912823,274598508,520272,4571624,1,5,0,0.4766,13894185,29155665,11000205,1969211,0.0019,0.0132
