tahun,klasifikasi,isic5,isic3,isic2,n_perusahaan,tk_total,upah_total,nilai_output,biaya_input,nilai_tambah,modal,energi,bahan_total,bahan_impor,ekspor,n_eksportir,n_lapor_modal,n_asing,ULC,upah_per_pekerja,produktivitas,modal_per_pekerja,energi_per_pekerja,pangsa_impor,intensitas_ekspor
1998,KLUI,15111,151,15,9,2737,3755264,386005805,351109988,34895817,41203918,327270,338079495,0,0,0,5,1,0.1076,1372037,12749659,15054409,119573,0.0,0.0
2000,KLUI,15111,151,15,10,2443,5024046,516603912,363332938,153270974,2293334,321604,337389285,0,20081479,2,4,1,0.0328,2056507,62738835,938737,131643,0.0,0.0389
1998,KLUI,15112,151,15,22,2298,832329,122220677,95289222,26931455,2217089,1119857,83280808,220024,0,0,6,0,0.0309,362197,11719519,964791,487318,0.0026,0.0
2000,KLUI,15112,151,15,24,2514,1593277,202174866,149235411,52939455,1062696,1095384,119926945,7582072,7594944,1,3,1,0.0301,633762,21057858,422711,435714,0.0632,0.0376
1998,KLUI,15121,151,15,31,13723,5296738,1685682924,1072617282,613065642,22876955,6291230,827509572,147243346,81431417,3,8,6,0.0086,385975,44674316,1667052,458444,0.1779,0.0483
2000,KLUI,15121,151,15,30,14810,7883425,1183556556,924729808,258826748,30871419,8137636,767190520,113238907,1076310939,18,14,6,0.0305,532304,17476485,2084498,549469,0.1476,0.9094
1998,KLUI,15122,151,15,163,12516,1364784,566335980,407446543,158889437,12214597,3940667,375881317,9728960,209298095,5,49,4,0.0086,109043,12694905,975919,314850,0.0259,0.3696
2000,KLUI,15122,151,15,161,9874,1066637,443739657,324078749,119660908,1450472,3303765,297275017,6178113,139272902,40,25,5,0.0089,108025,12118788,146898,334592,0.0208,0.3139
1998,KLUI,15123,151,15,7,892,548851,82831372,70083616,12747756,5841320,1149941,66277033,0,0,0,2,0,0.0431,615304,14291206,6548565,1289172,0.0,0.0
2000,KLUI,15123,151,15,9,849,252894,69281052,59056896,10224156,2844238,716927,53133311,0,55370678,7,1,0,0.0247,297873,12042587,3350104,844437,0.0,0.7992
1998,KLUI,15124,151,15,133,51755,23676632,7174769435,5633496459,1541272976,355217169,125256232,5086420191,21336354,1303143288,8,53,22,0.0154,457475,29780175,6863437,2420176,0.0042,0.1816
2000,KLUI,15124,151,15,161,43556,58395852,8276644330,6323778033,1952866297,82491309,134542973,5605260857,47084536,4627776034,106,42,22,0.0299,1340707,44835758,1893914,3088965,0.0084,0.5591
1998,KLUI,15125,151,15,80,2846,82298,134950483,117821935,17128548,128330,1750310,111322590,0,0,0,20,0,0.0048,28917,6018464,45091,615007,0.0,0.0
2000,KLUI,15125,151,15,94,3045,128906,151970130,138229980,13740150,178500,1400059,129995823,0,0,0,14,0,0.0094,42334,4512365,58621,459789,0.0,0.0
1998,KLUI,15129,151,15,37,3629,1286697,243048193,195791192,47257001,11682082,2586274,178980543,6243182,0,0,12,5,0.0272,354560,13022045,3219091,712669,0.0349,0.0
2000,KLUI,15129,151,15,62,6120,6215025,377918953,301535501,76383452,61890067,5522779,267400615,16853636,307409701,10,8,4,0.0814,1015527,12480956,10112756,902415,0.063,0.8134
1998,KLUI,15131,151,15,12,9977,2196920,480795023,318683339,162111684,3080557,14572087,234361668,44332256,3926128,1,4,2,0.0136,220198,16248540,308766,1460568,0.1892,0.0082
2000,KLUI,15131,151,15,12,9435,6494491,621826749,392288271,229538478,4926322,14586024,319621354,92884702,200327257,7,4,1,0.0283,688340,24328403,522133,1545948,0.2906,0.3222
1998,KLUI,15132,151,15,12,844,48724,16220927,11271234,4949693,4350,111783,9556039,0,0,0,1,1,0.0098,57730,5864565,5154,132444,0.0,0.0
2000,KLUI,15132,151,15,11,861,135647,37039584,9377331,27662253,17516,154331,7395374,15697,34041189,6,2,1,0.0049,157546,32128052,20344,179246,0.0021,0.919
1998,KLUI,15133,151,15,31,2754,844499,117357697,93567786,23789911,1035160,2838941,81333728,4136971,0,0,7,0,0.0355,306645,8638312,375875,1030843,0.0509,0.0
2000,KLUI,15133,151,15,25,3344,541565,139165864,116839601,22326263,10025003,4129829,98410721,1529626,4256512,1,4,0,0.0243,161951,6676514,2997908,1234997,0.0155,0.0306
1998,KLUI,15134,151,15,7,492,149364,34880771,25232056,9648715,6427013,323282,22785458,2425,0,0,3,1,0.0155,303585,19611209,13063035,657077,0.0001,0.0
2000,KLUI,15134,151,15,7,2846,1743284,37618009,19646612,17971397,1050615,817104,16901560,363836,22500710,3,3,0,0.097,612538,6314616,369155,287106,0.0215,0.5981
1998,KLUI,15139,151,15,10,1321,228459,193340369,157101902,36238467,63556017,1449669,129337331,48717825,0,0,2,0,0.0063,172944,27432602,48112049,1097403,0.3767,0.0
2000,KLUI,15139,151,15,7,496,680083,539454362,202122943,337331419,6078463,2852403,109606747,53144421,74419,1,1,0,0.002,1371135,680103667,12254966,5750812,0.4849,0.0001
1998,KLUI,15141,151,15,202,48234,491028498,10645428059,7264408863,3381019196,3634652491,80399478,6847920150,15163349,1351187970,7,84,26,0.1452,10180132,70096181,75354573,1666863,0.0022,0.1269
2000,KLUI,15141,151,15,180,44207,105719415,11525368502,8288329202,3237039300,980212095,88019214,7644662491,15196324,3120617684,43,59,27,0.0327,2391463,73224587,22173233,1991070,0.002,0.2708
1998,KLUI,15142,151,15,1,47,0,1090405,721373,369032,32750,6734,655415,0,0,0,1,0,,,7851745,696809,143277,0.0,0.0
1998,KLUI,15143,151,15,25,1736,33882547,528109655,390524991,137584664,60000,7095535,371092191,44048,262862418,1,2,0,0.2463,19517596,79253839,34562,4087290,0.0001,0.4977
2000,KLUI,15143,151,15,46,3904,40023851,1882158004,1683792853,198365151,4432123,32737567,1512623269,5838211,784783076,5,8,0,0.2018,10252011,50810746,1135277,8385647,0.0039,0.417
1998,KLUI,15144,151,15,40,8011,22952247,4772473660,3722893829,1049579831,115008655,40947978,3542245150,6547637,250659446,3,16,3,0.0219,2865091,131017330,14356342,5111469,0.0018,0.0525
2000,KLUI,15144,151,15,44,12959,49572470,11291908622,8151076670,3140831952,253579566,56073149,7835815214,1254650,2889160903,11,17,5,0.0158,3825331,242366846,19567834,4326966,0.0002,0.2559
1998,KLUI,15145,151,15,2,347,407828,158304503,126427070,31877433,125661,1397066,99237974,4362864,0,0,1,0,0.0128,1175297,91865801,362135,4026127,0.044,0.0
2000,KLUI,15145,151,15,2,276,487997,55309826,37454037,17855789,8989,1395010,33223472,0,13650000,1,1,0,0.0273,1768105,64694888,32569,5054384,0.0,0.2468
1998,KLUI,15149,151,15,1,57,3500,930171,622947,307224,0,61300,372900,146000,0,0,0,1,0.0114,61404,5389895,0,1075439,0.3915,0.0
2000,KLUI,15149,151,15,1,52,9013,2014107,1833970,180137,0,56209,1747441,0,0,0,0,0,0.05,173327,3464173,0,1080942,0.0,0.0
1998,KLUI,15211,152,15,21,3792,9767457,1939824747,1105890586,833934161,23439972,13492591,911087557,418450069,0,0,4,5,0.0117,2575806,219919346,6181427,3558173,0.4593,0.0
2000,KLUI,15211,152,15,23,5085,15981759,4265512391,3069238301,1196274090,5616047402,13918751,2276751591,1092944047,187484889,2,8,7,0.0134,3142922,235255475,1104434101,2737218,0.48,0.044
2000,KLUI,15212,152,15,2,85,21887,10334976,4609122,5725854,0,104950,3920005,3443637,0,0,0,0,0.0038,257494,67362988,0,1234706,0.8785,0.0
1998,KLUI,15213,152,15,14,2074,2489047,36659927,29692941,6966986,7039395,729667,11567578,89040,85684,1,5,0,0.3573,1200119,3359203,3394115,351816,0.0077,0.0023
2000,KLUI,15213,152,15,14,942,1677205,56421759,28049941,28371818,1220041,893980,22167211,91189,0,0,2,0,0.0591,1780472,30118703,1295160,949023,0.0041,0.0
1998,KLUI,15311,153,15,292,8608,1316486,840097409,713605776,126491633,13111826,4419030,702215964,0,0,0,44,0,0.0104,152938,14694660,1523214,513363,0.0,0.0
2000,KLUI,15311,153,15,285,8276,1459736,805146796,673793580,131353216,3587471,5371385,656882140,0,0,0,58,0,0.0111,176382,15871582,433479,649032,0.0,0.0
1998,KLUI,15312,153,15,1,43,5418,6360000,6123883,236117,0,18047,6000000,0,0,0,0,0,0.0229,126000,5491093,0,419698,0.0,0.0
2000,KLUI,15312,153,15,2,64,6479,8024890,7483193,541697,75000,35028,7305300,0,0,0,1,0,0.012,101234,8464016,1171875,547312,0.0,0.0
1998,KLUI,15313,153,15,63,19648,5655112,2943515380,2677939081,265576299,74837977,5205202,2628833659,163201,17311320,2,20,3,0.0213,287821,13516709,3808936,264923,0.0001,0.0059
2000,KLUI,15313,153,15,71,20599,9779091,1927492435,1610182056,317310379,8666059,4909489,1538877735,4223926,1637571474,27,18,3,0.0308,474736,15404164,420703,238336,0.0027,0.8496
1998,KLUI,15314,153,15,30,13691,6594862,1731540538,1275627597,455912941,1807236179,3885541,1059321106,137597,9124754,1,15,1,0.0145,481693,33300193,132001766,283803,0.0001,0.0053
2000,KLUI,15314,153,15,29,21730,10416091,284669427,165776903,118892524,963698378,4325048,156732055,0,187412560,19,13,2,0.0876,479342,5471354,44348752,199036,0.0,0.6584
1998,KLUI,15315,153,15,21,13704,1397507,403652829,336923264,66729565,60857551,2114300,328632291,0,72561193,2,5,0,0.0209,101978,4869349,4440860,154283,0.0,0.1798
2000,KLUI,15315,153,15,19,3491,1192856,512221142,426307849,85913293,150070,2094185,415473741,0,287486764,7,3,1,0.0139,341695,24609938,42988,599881,0.0,0.5613
1998,KLUI,15316,153,15,30,3522,199358,62449567,38111093,24338474,335900,1375697,35492581,0,0,0,4,0,0.0082,56604,6910413,95372,390601,0.0,0.0
2000,KLUI,15316,153,15,21,1717,202314,41675763,23228698,18447065,5930,1186192,20326738,0,21106662,1,3,0,0.011,117830,10743777,3454,690851,0.0,0.5064
1998,KLUI,15317,153,15,7,320,43764,12397779,11064830,1332949,161490,46204,10554426,37050,0,0,1,0,0.0328,136762,4165466,504656,144388,0.0035,0.0
2000,KLUI,15317,153,15,4,211,134881,58389475,32810850,25578625,0,88233,30873946,120752,27204485,1,0,0,0.0053,639246,121225711,0,418166,0.0039,0.4659
1998,KLUI,15318,153,15,23,2263,547772,24000280,7109438,16890842,0,638624,5279658,0,0,0,0,0,0.0324,242056,7463916,0,282202,0.0,0.0
2000,KLUI,15318,153,15,22,2671,2599721,11731981,6190301,5541680,17450,283337,5615585,0,0,0,5,0,0.4691,973314,2074759,6533,106079,0.0,0.0
1998,KLUI,15321,153,15,5,4153,21077879,1339577797,754549515,585028282,1042491164,14954060,470981284,337897068,0,0,3,0,0.036,5075338,140868837,251021229,3600785,0.7174,0.0
2000,KLUI,15321,153,15,8,3075,21432690,6494240028,6131804219,362435809,7487669,24447594,5105505154,5087712477,130248554,2,5,0,0.0591,6969980,117865304,2435014,7950437,0.9965,0.0201
1998,KLUI,15322,153,15,50,6000,2510755,450828046,149239372,301588674,76571523,4570992,126524439,3455689,319223,1,16,3,0.0083,418459,50264779,12761920,761832,0.0273,0.0007
2000,KLUI,15322,153,15,51,6344,5030928,518611227,330557120,188054107,39836592,8067494,267876770,15064300,442863591,13,10,7,0.0268,793021,29642829,6279412,1271673,0.0562,0.8539
1998,KLUI,15323,153,15,145,10068,2367214,584108352,480789349,103319003,25708912,28076207,434209976,0,1793845,1,29,2,0.0229,235123,10262118,2553527,2788658,0.0,0.0031
2000,KLUI,15323,153,15,165,11437,5216222,878012830,721685281,156327549,16675565,37551550,539584638,7948419,91548013,12,43,3,0.0334,456083,13668580,1458037,3283339,0.0147,0.1043
1998,KLUI,15324,153,15,23,1197,359464,23924482,10579148,13345334,221410,2557502,6768994,0,0,0,5,0,0.0269,300304,11148984,184971,2136593,0.0,0.0
2000,KLUI,15324,153,15,20,906,181761,21820814,15212297,6608517,459550,485721,13796650,0,0,0,4,0,0.0275,200619,7294169,507230,536116,0.0,0.0
1998,KLUI,15329,153,15,1,79,0,1098997,211368,887629,0,9397,197115,0,0,0,0,0,,,11235810,0,118949,0.0,0.0
2000,KLUI,15329,153,15,2,43,12875,538800,233478,305322,0,14070,196080,0,0,0,0,0,0.0422,299419,7100512,0,327209,0.0,0.0
1998,KLUI,15331,153,15,75,10081,14490151,4449005136,3206618204,1242386932,70658765,17439522,3028139898,1368012767,5066284,1,30,20,0.0117,1437372,123240446,7009103,1729940,0.4518,0.0011
2000,KLUI,15331,153,15,69,10043,24051609,8392186294,5264299891,3127886403,612697444,24357963,4736701620,2441116291,215926170,9,13,14,0.0077,2394863,311449408,61007413,2425367,0.5154,0.0257
1998,KLUI,15332,153,15,7,241,704871,32129809,24600919,7528890,186085,209063,22926447,3724018,0,0,3,0,0.0936,2924776,31240207,772137,867481,0.1624,0.0
2000,KLUI,15332,153,15,15,1534,1369708,918173517,472590615,445582902,5374385,3621220,441530907,181365789,10158997,3,6,0,0.0031,892900,290471253,3503510,2360639,0.4108,0.0111
1998,KLUI,15410,154,15,464,41422,14978650,1309066802,933872549,375194253,71411930,23986323,722271449,34161789,38631687,3,77,10,0.0399,361611,9057850,1724010,579072,0.0473,0.0295
2000,KLUI,15410,154,15,463,44614,31704701,1782309312,1187832559,594476753,21191741,27589996,850490846,94973571,369404576,10,56,7,0.0533,710645,13324892,475002,618416,0.1117,0.2073
1998,KLUI,15421,154,15,58,64500,90988353,3112606950,1782762252,1329844698,215702350,102517720,1535429849,4409967,0,0,37,1,0.0684,1410672,20617747,3344222,1589422,0.0029,0.0
2000,KLUI,15421,154,15,60,68828,156870132,5245358427,2378731460,2866626967,76825397,147648066,1959379535,6243197,15414067,2,25,1,0.0547,2279162,41649139,1116194,2145174,0.0032,0.0029
1998,KLUI,15422,154,15,27,796,16243,6141008,3459462,2681546,6900,254348,3112237,0,0,0,2,1,0.0061,20406,3368776,8668,319533,0.0,0.0
2000,KLUI,15422,154,15,25,962,63843,4363782,2724883,1638899,10000,158175,2155725,235286,0,0,1,0,0.039,66365,1703637,10395,164423,0.1091,0.0
1998,KLUI,15423,154,15,4,304,39485,31590268,29900206,1690062,417467,1198469,26744268,1782567,0,0,2,1,0.0234,129885,5559414,1373247,3942332,0.0667,0.0
2000,KLUI,15423,154,15,4,268,272130,23277450,22252740,1024710,2597037,838760,18274342,1824923,0,0,1,1,0.2656,1015410,3823545,9690437,3129701,0.0999,0.0
1998,KLUI,15424,154,15,19,1364,440026,57935280,34007327,23927953,2432465,1328060,24270809,1259545,0,0,3,0,0.0184,322600,17542488,1783332,973651,0.0519,0.0
2000,KLUI,15424,154,15,20,1359,311008,76440678,48834952,27605726,0,1773598,37470462,685907,0,0,0,0,0.0113,228851,20313264,0,1305076,0.0183,0.0
1998,KLUI,15429,154,15,7,197,25525,12523740,9005344,3518396,174655,97694,8733113,825942,0,0,1,0,0.0073,129569,17859878,886574,495909,0.0946,0.0
2000,KLUI,15429,154,15,6,145,35670,3269081,2317369,951712,0,68963,2169455,101970,0,0,0,0,0.0375,246000,6563531,0,475607,0.047,0.0
1998,KLUI,15431,154,15,5,6484,999760,94646113,50606311,44039802,6592513,2444089,38830957,39113,0,0,2,1,0.0227,154189,6792073,1016736,376942,0.001,0.0
2000,KLUI,15431,154,15,1,88,14843,1100761,1012986,87775,0,27856,0,0,0,0,0,0,0.1691,168670,997443,0,316545,,0.0
1998,KLUI,15432,154,15,102,12923,9276035,1489055112,1233911751,255143361,181425375,6980271,1072570433,61263773,10354814,1,28,10,0.0364,717793,19743354,14038952,540143,0.0571,0.007
2000,KLUI,15432,154,15,95,16325,21422207,2604847141,2104027100,500820041,50652375,11877564,1835734181,126988718,309264676,15,16,7,0.0428,1312233,30678104,3102749,727569,0.0692,0.1187
1998,KLUI,15440,154,15,295,25366,19694046,5968359670,3344175009,2624184661,21612466,142769729,2853974969,8315136,0,0,51,5,0.0075,776395,103452837,852025,5628390,0.0029,0.0
2000,KLUI,15440,154,15,295,27374,745638509,4368086216,2843604061,1524482155,44558976,44650716,2412777319,44397304,60169227,4,47,2,0.4891,27238931,55690880,1627785,1631136,0.0184,0.0138
1998,KLUI,15491,154,15,205,59676,25380652,2118040355,1333875003,784165352,950719512,59319731,1095542687,28498658,46864959,1,67,7,0.0324,425308,13140381,15931355,994030,0.026,0.0221
2000,KLUI,15491,154,15,195,54738,33991964,2069626350,1296338529,773287821,72757073,59375750,974226898,52714628,552294141,49,57,8,0.044,620994,14127075,1329188,1084726,0.0541,0.2669
1998,KLUI,15492,154,15,173,6477,1906733,153046174,86724433,66321741,478498815,13767713,12815228,19795,0,0,52,1,0.0287,294385,10239577,73876612,2125631,0.0015,0.0
2000,KLUI,15492,154,15,167,6372,2475376,183057015,102399936,80657079,471156150,19691928,12380086,17402,1733202,1,37,2,0.0307,388477,12658048,73941643,3090384,0.0014,0.0095
1998,KLUI,15493,154,15,72,4555,781856,684877793,362864262,322013531,12819682,3477915,174578543,17569135,0,0,9,0,0.0024,171648,70694518,2814420,763538,0.1006,0.0
2000,KLUI,15493,154,15,78,5268,30902155,765824171,501211423,264612748,20129692,4121162,414393069,80626853,270244137,4,6,1,0.1168,5866013,50230210,3821126,782301,0.1946,0.3529
1998,KLUI,15494,154,15,95,3041,456201,131169799,95688796,35481003,1426242,5351636,88570908,8854225,0,0,10,0,0.0129,150017,11667545,469004,1759828,0.1,0.0
2000,KLUI,15494,154,15,104,3653,838842,190396065,126591015,63805050,2708165,4338081,119034793,6306435,0,0,14,1,0.0131,229631,17466480,741354,1187539,0.053,0.0
1998,KLUI,15495,154,15,74,5635,572298,144013376,105572847,38440529,1030395,1883420,97660274,0,0,0,12,0,0.0149,101561,6821744,182856,334236,0.0,0.0
2000,KLUI,15495,154,15,80,7617,1342941,390073758,305463645,84610113,7067053,4078111,256065730,210138,38898068,7,8,0,0.0159,176308,11108063,927800,535396,0.0008,0.0997
1998,KLUI,15496,154,15,534,19936,2212846,352149521,242053881,110095640,14967018,8019777,211103767,945939,0,0,110,2,0.0201,110997,5522454,750753,402276,0.0045,0.0
2000,KLUI,15496,154,15,526,20836,3207006,457125904,286126486,170999418,7041876,10192327,248365928,76317,24553375,11,116,0,0.0188,153917,8206922,337967,489169,0.0003,0.0537
1998,KLUI,15497,154,15,27,6897,6743435,1578891649,1234007262,344884387,78167151,54762264,1084604769,88490184,55755686,1,11,5,0.0196,977735,50004986,11333500,7940012,0.0816,0.0353
2000,KLUI,15497,154,15,40,9240,32629720,2980817119,2225267853,755549266,47020315,118880781,1487354077,106307414,549264498,7,14,9,0.0432,3531355,81769401,5088779,12865885,0.0715,0.1843
1998,KLUI,15498,154,15,71,3495,690536,141597447,92896446,48701001,6383830,2842056,80132620,31185115,32557012,1,22,0,0.0142,197578,13934478,1826561,813178,0.3892,0.2299
2000,KLUI,15498,154,15,69,3909,942429,179952777,105686514,74266263,735882,2556542,88145298,32562221,1641380,2,8,0,0.0127,241092,18998788,188253,654014,0.3694,0.0091
1998,KLUI,15499,154,15,181,15034,7330501,816892305,637116838,179775467,54232236,11062480,487415517,120634166,340294005,3,40,6,0.0408,487595,11957926,3607306,735831,0.2475,0.4166
2000,KLUI,15499,154,15,195,15241,12157795,1454612733,854497417,600115316,612536739,14447794,692959771,244084620,23367133,8,30,7,0.0203,797703,39375062,40190062,947956,0.3522,0.0161
1998,KLUI,15510,155,15,9,689,258437,15148080,4835713,10312367,769603,358611,3863084,3944,0,0,3,0,0.0251,375090,14967151,1116985,520480,0.001,0.0
2000,KLUI,15510,155,15,9,597,345829,27060015,8840442,18219573,997581,275101,6896130,0,0,0,3,0,0.019,579278,30518548,1670990,460806,0.0,0.0
1998,KLUI,15520,155,15,6,241,35170,4644034,3212498,1431536,63004,52503,2759611,0,0,0,2,0,0.0246,145934,5939983,261427,217855,0.0,0.0
2000,KLUI,15520,155,15,7,481,202819,14245848,3314258,10931590,0,85652,2740327,0,0,0,0,0,0.0186,421661,22726798,0,178071,0.0,0.0
1998,KLUI,15530,155,15,4,1118,793802,160022361,149609754,10412607,8335684,1970094,91788058,83316835,0,0,1,2,0.0762,710020,9313602,7455889,1762159,0.9077,0.0
2000,KLUI,15530,155,15,4,1099,866504,321268992,246822512,74446480,47801690,3257474,81193830,48851092,0,0,1,2,0.0116,788448,67740200,43495623,2964035,0.6017,0.0
1998,KLUI,15540,155,15,214,18354,12768270,1703188920,1107955645,595233275,222459103,18818625,572404332,102294344,120154131,7,57,16,0.0215,695667,32430711,12120470,1025315,0.1787,0.0705
2000,KLUI,15540,155,15,222,20119,26858511,2593178408,1248590804,1344587604,798536354,23134471,969603722,147413950,409912854,3,47,20,0.02,1334982,66831731,39690658,1149882,0.152,0.1581
1998,KLUI,15632,156,15,3,2270,160250,38176791,34281600,3895191,13750,2060085,31708272,0,0,0,1,0,0.0411,70595,1715943,6057,907526,0.0,0.0
1998,KLUI,15840,158,15,2,75,7518,426258,236136,190122,6200,6189,152552,0,0,0,1,0,0.0395,100240,2534960,82667,82520,0.0,0.0
1998,KLUI,16001,160,16,488,38692,3783475,1616841421,1429009530,187831891,2062774647,11874623,1387451387,68620341,0,0,122,3,0.0201,97784,4854541,53312691,306901,0.0495,0.0
2000,KLUI,16001,160,16,513,34052,6707470,1827642935,1383648111,443994824,17555212,27905988,1154418498,126520430,61348129,14,36,4,0.0151,196977,13038730,515541,819511,0.1096,0.0336
1998,KLUI,16002,160,16,187,180750,143120188,19907195509,7137075676,12770119833,1184808595,20198918,5765538908,79260650,158091757,2,56,0,0.0112,791813,70650732,6554958,111751,0.0137,0.0079
2000,KLUI,16002,160,16,198,157526,78406204,15961375458,6770245174,9191130284,23631882,19410948,5986627154,117215379,4351623,3,29,0,0.0085,497735,58346751,150019,123224,0.0196,0.0003
1998,KLUI,16003,160,16,10,5022,13082152,2802896641,1440069372,1362827269,54929320,2943726,1075831043,365403405,0,0,5,2,0.0096,2604969,271371420,10937738,586166,0.3396,0.0
2000,KLUI,16003,160,16,9,4267,5510462,2447626189,939581006,1508045183,12513423,2537518,859044147,315211563,521566423,4,5,2,0.0037,1291414,353420479,2932604,594684,0.3669,0.2131
1998,KLUI,16004,160,16,26,2975,476878,26393508,16518893,9874615,1726529,169062,15422359,2774782,0,0,3,0,0.0483,160295,3319198,580346,56828,0.1799,0.0
2000,KLUI,16004,160,16,25,2331,465231,38827930,20417489,18410441,30000,280582,19097318,3894950,12619200,1,2,0,0.0253,199584,7898087,12870,120370,0.204,0.325
1998,KLUI,16009,160,16,24,1434,141130,163274042,150703252,12570790,3444136,306258,148539738,87025220,0,0,2,1,0.0112,98417,8766241,2401768,213569,0.5859,0.0
2000,KLUI,16009,160,16,24,1320,538460,297131905,195146477,101985428,0,583388,191489328,52828932,0,0,0,1,0.0053,407924,77261688,0,441961,0.2759,0.0
1998,KLUI,17111,171,17,8,1022,190140,14163870,10159586,4004284,534747,339336,8930832,273224,0,0,2,0,0.0475,186047,3918086,523236,332031,0.0306,0.0
2000,KLUI,17111,171,17,15,3774,5816823,3328101819,1130888937,2197212882,2702650,59559069,837821463,605122,1692516,2,2,1,0.0026,1541289,582197372,716123,15781417,0.0007,0.0005
1998,KLUI,17112,171,17,81,66739,42455009,7167423464,5677073890,1490349574,242389853,89064681,4454105092,2416491940,0,0,29,8,0.0285,636135,22331014,3631907,1334522,0.5425,0.0
2000,KLUI,17112,171,17,152,162100,92344146,20377615011,14451394441,5926220570,557550865,217893104,11532906129,4908896844,6597670840,37,43,25,0.0156,569674,36559041,3439549,1344189,0.4256,0.3238
1998,KLUI,17113,171,17,34,13399,8288025,2958100387,1964028292,994072095,289038591,39628239,1662997334,856189904,22959908,2,10,6,0.0083,618555,74190021,21571654,2957552,0.5148,0.0078
2000,KLUI,17113,171,17,15,4672,4370776,765027235,382126084,382901151,15316782,5242802,346056265,111034724,242642280,3,3,5,0.0114,935526,81956582,3278421,1122175,0.3209,0.3172
1998,KLUI,17114,171,17,276,95975,79517859,7524683919,5370958854,2153725065,1394212318,131848183,4712359147,1212910109,189967901,1,58,3,0.0369,828527,22440480,14526828,1373776,0.2574,0.0252
2000,KLUI,17114,171,17,408,178677,105773092,17725319278,11883834565,5841484713,751312235,508148052,9665735624,2453343588,5226985717,54,66,14,0.0181,591979,32692986,4204863,2843948,0.2538,0.2949
1998,KLUI,17115,171,17,233,50110,29813597,6163989005,3443635845,2720353160,42043811,178878278,2899483871,916850938,4261729700,13,29,7,0.011,594963,54287630,839030,3569712,0.3162,0.6914
2000,KLUI,17115,171,17,32,3439,1235939,45755508,34448707,11306801,1193700,2464275,13427582,53726,102578,1,4,0,0.1093,359389,3287817,347107,716567,0.004,0.0022
1998,KLUI,17121,171,17,24,9464,2982171,711259218,538757935,172501283,91674485,13694388,461197789,130143269,0,0,10,5,0.0173,315107,18227101,9686653,1446998,0.2822,0.0
2000,KLUI,17121,171,17,37,16330,20057393,2445989496,1582409672,863579824,238163829,52779447,1319071532,873328535,602341877,5,7,8,0.0232,1228254,52883027,14584435,3232054,0.6621,0.2463
1998,KLUI,17122,171,17,105,20505,10282321,1760356148,1242129689,518226459,186982473,43668678,1019869541,174383615,52861853,1,27,10,0.0198,501454,25273175,9118872,2129660,0.171,0.03
2000,KLUI,17122,171,17,124,34140,24189404,2792792834,1836380154,956412680,142305163,77261272,1414450714,200277712,558984167,15,26,8,0.0253,708536,28014431,4168282,2263072,0.1416,0.2002
1998,KLUI,17123,171,17,179,91228,43725850,7707564273,4565890738,3141673535,304340079,155971129,3835482809,512176896,3599805,1,43,5,0.0139,479303,34437602,3336038,1709685,0.1335,0.0005
2000,KLUI,17123,171,17,128,66155,66706856,7943338942,5672701297,2270637645,199448708,148108542,4374424903,562467100,1694922120,20,28,3,0.0294,1008342,34322994,3014870,2238811,0.1286,0.2134
1998,KLUI,17124,171,17,170,7228,649406,119367285,85166581,34200704,2710257,965516,79059108,5551113,350439,1,17,0,0.019,89846,4731697,374966,133580,0.0702,0.0029
2000,KLUI,17124,171,17,152,5642,1192687,102123357,63963151,38160206,3740072,1065668,58573570,3925080,580177,3,44,0,0.0313,211394,6763596,662898,188881,0.067,0.0057
1998,KLUI,17211,172,17,172,20467,8803474,724757663,454391906,270365757,34975937,8412971,395805708,52556506,7833183,2,30,8,0.0326,430130,13209838,1708894,411051,0.1328,0.0108
2000,KLUI,17211,172,17,249,39564,23652633,2175491856,1443696698,731795158,35951622,21473062,1196581144,432604393,771756683,33,38,17,0.0323,597832,18496491,908695,542742,0.3615,0.3548
1998,KLUI,17212,172,17,23,2623,659402,274388269,109589841,164798428,2475735,687281,104087884,43468799,0,0,5,3,0.004,251392,62828223,943856,262021,0.4176,0.0
2000,KLUI,17212,172,17,22,2492,858740,432494657,333045977,99448680,565775,1538730,305273857,168761670,73869539,2,2,3,0.0086,344599,39907175,227037,617468,0.5528,0.1708
1998,KLUI,17213,172,17,11,585,159036,37295902,21085870,16210032,1701910,142420,19806021,3225402,3156314,1,3,0,0.0098,271856,27709456,2909248,243453,0.1628,0.0846
2000,KLUI,17213,172,17,10,499,115348,21904257,14493054,7411203,0,180176,13289727,0,106902,1,0,0,0.0156,231158,14852110,0,361074,0.0,0.0049
1998,KLUI,17214,172,17,6,1167,958137,23490278,10552873,12937405,177476,180039,9119184,4445793,0,0,1,0,0.0741,821026,11086037,152079,154275,0.4875,0.0
2000,KLUI,17214,172,17,4,1466,2440546,24932145,18942653,5989492,7409135,169177,12409433,3894862,7773273,1,2,0,0.4075,1664765,4085602,5053980,115400,0.3139,0.3118
1998,KLUI,17215,172,17,10,1253,1167895,21411901,12087144,9324757,0,209601,10547988,763001,7491934,1,0,0,0.1252,932079,7441945,0,167279,0.0723,0.3499
2000,KLUI,17215,172,17,10,2768,1400592,93847650,75917154,17930496,987349,1367802,59207105,19440000,25512604,1,2,0,0.0781,505994,6477780,356701,494148,0.3283,0.2719
1998,KLUI,17220,172,17,15,2683,1010654,194416611,124321218,70095393,23009960,878771,113332721,45892868,0,0,8,4,0.0144,376688,26125752,8576206,327533,0.4049,0.0
2000,KLUI,17220,172,17,25,4214,1681365,374488650,261973243,112515407,48842216,1859531,224701169,95559748,163407091,10,9,4,0.0149,398995,26700381,11590464,441275,0.4253,0.4363
1998,KLUI,17231,172,17,10,423,21668,16019310,9914623,6104687,443732,270904,9273350,220616,0,0,2,0,0.0035,51225,14431884,1049012,640435,0.0238,0.0
2000,KLUI,17231,172,17,9,608,221914,34957285,24796193,10161092,725442,1067319,22136140,296021,462216,1,1,1,0.0218,364990,16712322,1193161,1755459,0.0134,0.0132
1998,KLUI,17232,172,17,19,4623,4179701,554783783,191611517,363172266,25361130,3283799,171116492,52881912,0,0,4,2,0.0115,904110,78557704,5485860,710318,0.309,0.0
2000,KLUI,17232,172,17,25,9131,16593780,839622896,342262639,497360257,77054236,5743342,285825883,100423477,112335715,6,6,3,0.0334,1817302,54469418,8438751,628994,0.3513,0.1338
1998,KLUI,17291,172,17,34,2570,1122586,75097613,47372684,27724929,33748990,1349517,41696017,12181219,10097779,1,10,3,0.0405,436804,10787910,13131903,525104,0.2921,0.1345
2000,KLUI,17291,172,17,28,2443,1072533,65065680,39190019,25875661,440286,821824,33812077,6294743,4330762,2,2,3,0.0414,439023,10591756,180223,336400,0.1862,0.0666
1998,KLUI,17292,172,17,11,2055,413610,149427543,109184133,40243410,0,4144216,93892044,50050087,0,0,0,1,0.0103,201270,19583168,0,2016650,0.5331,0.0
2000,KLUI,17292,172,17,10,3053,1287697,186713199,136069381,50643818,14000,12804813,97697378,63341148,43976883,2,1,2,0.0254,421781,16588214,4586,4194174,0.6483,0.2355
1998,KLUI,17293,172,17,5,846,25822,210680191,194470896,16209295,2000,4259185,178289663,52500,0,0,1,0,0.0016,30522,19159923,2364,5034498,0.0003,0.0
2000,KLUI,17293,172,17,77,8508,3368648,192114633,107149635,84964998,34518691,1642704,94192123,5249640,76070722,8,14,3,0.0396,395939,9986483,4057204,193078,0.0557,0.396
1998,KLUI,17294,172,17,28,7555,4804956,348233176,208012187,140220989,1284911,4285432,184162315,85079756,0,0,7,3,0.0343,635997,18560025,170074,567231,0.462,0.0
2000,KLUI,17294,172,17,19,3322,2232610,143858649,112008695,31849954,4314757,3029179,90103977,22236350,9502920,1,4,3,0.0701,672068,9587584,1298843,911854,0.2468,0.0661
1998,KLUI,17295,172,17,3,2216,3399774,400890029,248122148,152767881,3475,626452,231467475,69455743,0,0,1,1,0.0223,1534194,68938574,1568,282695,0.3001,0.0
2000,KLUI,17295,172,17,1,3098,0,770294270,463640223,306654047,0,4307117,188278953,69207804,0,0,0,0,,,98984521,0,1390290,0.3676,0.0
1998,KLUI,17299,172,17,13,10150,2671929,1457301584,1226776229,230525355,214466889,28895372,1148082658,11117687,339823189,1,3,2,0.0116,263244,22711858,21129743,2846835,0.0097,0.2332
2000,KLUI,17299,172,17,3,283,108634,22966538,12550852,10415686,0,430642,11501305,5307889,0,0,0,2,0.0104,383866,36804544,0,1521703,0.4615,0.0
1998,KLUI,17301,173,17,41,9760,2937345,669997802,404238492,265759310,62212035,12290251,369664960,46311927,0,0,9,1,0.0111,300957,27229438,6374184,1259247,0.1253,0.0
2000,KLUI,17301,173,17,74,10719,8370688,677931629,511553754,166377875,2099734,16047773,434191813,1946807,36026120,5,7,2,0.0503,780921,15521772,195889,1497133,0.0045,0.0531
1998,KLUI,17302,173,17,311,89669,52124549,5276133282,3680654205,1595479077,83308245,12336767,3130559363,1271411704,0,0,88,32,0.0327,581300,17792984,929064,137581,0.4061,0.0
2000,KLUI,17302,173,17,151,45720,31834737,2305158111,1456802009,848356102,76911043,7956965,1258617437,607435396,1508466643,38,23,19,0.0375,696298,18555470,1682219,174037,0.4826,0.6544
1998,KLUI,17303,173,17,28,2769,627374,68003007,49257069,18745938,566572,349675,44013359,7667181,0,0,4,2,0.0335,226571,6769931,204612,126282,0.1742,0.0
2000,KLUI,17303,173,17,34,4940,2485118,156285210,100541177,55744033,1480963,906807,87877649,11629949,66076907,9,4,3,0.0446,503060,11284217,299790,183564,0.1323,0.4228
1998,KLUI,17304,173,17,138,39235,13726964,1056055731,738299624,317756107,26112012,29405075,615083677,241321296,165869611,7,32,3,0.0432,349865,8098792,665529,749460,0.3923,0.1571
2000,KLUI,17304,173,17,18,1635,1338801,18382294,8768292,9614002,0,107803,1096152,6980,2080425,3,0,1,0.1393,818839,5880124,0,65935,0.0064,0.1132
1998,KLUI,17400,174,17,68,2995,182559,38416372,28280125,10136247,60300,397295,26642205,0,451309,1,11,0,0.018,60955,3384390,20134,132653,0.0,0.0117
2000,KLUI,17400,174,17,68,2708,205136,37463336,25618007,11845329,82827,298106,24424562,0,0,0,6,0,0.0173,75752,4374198,30586,110083,0.0,0.0
1998,KLUI,18101,181,18,1493,309371,186049092,14027339808,9384571359,4642768449,301234125,36423528,7952909503,3864747975,1856484534,41,248,73,0.0401,601379,15007122,973699,117734,0.486,0.1323
2000,KLUI,18101,181,18,2007,427237,417359336,20602122332,12902217905,7699904427,436974781,69506953,10995790940,5032385333,12180318156,388,299,111,0.0542,976880,18022560,1022792,162689,0.4577,0.5912
1998,KLUI,18102,181,18,104,4526,655795,55951769,22295734,33656035,6659807,524689,16643001,1459379,0,0,16,1,0.0195,144895,7436154,1471455,115928,0.0877,0.0
2000,KLUI,18102,181,18,72,7529,5310894,381739746,213210968,168528778,7582428,2232555,187278933,47760790,144265001,11,17,4,0.0315,705392,22383952,1007096,296527,0.255,0.3779
1998,KLUI,18103,181,18,22,5999,2514899,208977020,182080054,26896966,651702,67778,157198420,119642311,0,0,7,2,0.0935,419220,4483575,108635,11298,0.7611,0.0
2000,KLUI,18103,181,18,9,7026,6706721,830293868,429741862,400552006,8260,90905,388385936,314883812,755683412,5,3,4,0.0167,954558,57009964,1176,12938,0.8107,0.9101
1998,KLUI,18104,181,18,23,3047,438824,87311838,43339067,43972771,280160,268805,39772751,6072790,35958022,3,5,2,0.01,144018,14431497,91946,88220,0.1527,0.4118
2000,KLUI,18104,181,18,21,6258,4592896,572659557,438049338,134610219,7629926,614345,379920017,231862993,523347332,13,9,9,0.0341,733924,21510102,1219228,98170,0.6103,0.9139
1998,KLUI,18202,182,18,9,6923,5545111,178665297,120225287,58440010,733905,126322,115075965,87839866,24714708,1,3,4,0.0949,800969,8441429,106010,18247,0.7633,0.1383
2000,KLUI,18202,182,18,3,3299,1818364,80576239,58366762,22209477,0,8473,56595424,46993762,44425407,2,0,2,0.0819,551186,6732185,0,2568,0.8303,0.5513
1998,KLUI,19111,191,19,8,475,71459,33460206,26934627,6525579,6500,218274,26226959,31268,0,0,1,0,0.011,150440,13738061,13684,459524,0.0012,0.0
2000,KLUI,19111,191,19,3,80,10102,933039,504819,428220,0,87252,383706,0,0,0,0,0,0.0236,126275,5352750,0,1090650,0.0,0.0
1998,KLUI,19112,191,19,55,6229,4250069,728179237,496830071,231349166,25577725,3115420,468872859,108651433,47058277,3,19,1,0.0184,682304,37140659,4106233,500148,0.2317,0.0646
2000,KLUI,19112,191,19,60,6806,7086780,945089356,693070496,252018860,26209034,5709781,622772167,227083805,361299708,17,14,2,0.0281,1041255,37028924,3850872,838933,0.3646,0.3823
1998,KLUI,19121,191,19,91,14439,7812325,362817339,229371461,133445878,4135020,1584535,196772311,105228783,1174025,2,18,8,0.0585,541057,9242044,286379,109740,0.5348,0.0032
2000,KLUI,19121,191,19,76,9192,8948787,293996161,135535163,158460998,6471927,1103635,118463851,67886281,163487914,18,14,7,0.0565,973541,17239012,704083,120065,0.5731,0.5561
1998,KLUI,19122,191,19,2,626,10050,102264516,92794020,9470496,0,3501867,82007556,37135676,0,0,0,0,0.0011,16054,15128588,0,5594037,0.4528,0.0
1998,KLUI,19123,191,19,1,27,875,159200,77158,82042,0,0,71966,0,0,0,0,0,0.0107,32407,3038593,0,0,0.0,0.0
2000,KLUI,19123,191,19,2,49,15305,752950,556013,196937,0,3059,539896,0,405631,1,0,0,0.0777,312347,4019122,0,62429,0.0,0.5387
1998,KLUI,19129,191,19,19,2203,512952,51271195,34997876,16273319,55450,320421,30238757,5788073,0,0,3,3,0.0315,232842,7386890,25170,145448,0.1914,0.0
2000,KLUI,19129,191,19,12,1395,167013,14781080,5597873,9183207,63000,59743,262518,18400,489483,2,2,1,0.0182,119723,6582944,45161,42827,0.0701,0.0331
1998,KLUI,19201,192,19,260,78296,37439833,3817652630,2817018187,1000634443,186436381,20533092,2055903971,837372716,224995999,7,60,20,0.0374,478183,12780148,2381174,262250,0.4073,0.0589
2000,KLUI,19201,192,19,275,69500,42266069,3234996502,2022401848,1212594654,61632153,13393940,1742230394,606736773,1540845945,37,30,19,0.0349,608145,17447405,886794,192719,0.3483,0.4763
1998,KLUI,19202,192,19,93,162585,618074257,8133722854,4370950992,3762771862,263972214,46654036,3715153002,2338047581,4735833841,16,35,17,0.1643,3801545,23143413,1623595,286952,0.6293,0.5822
2000,KLUI,19202,192,19,98,173870,330436784,9638598260,5548990253,4089608007,127885897,111996081,4274337655,2554834162,4215288165,28,19,20,0.0808,1900482,23521068,735526,644137,0.5977,0.4373
1998,KLUI,19203,192,19,10,2169,623936,62983367,38983883,23999484,4164575,611614,33412274,9854329,0,0,4,0,0.026,287661,11064769,1920044,281980,0.2949,0.0
2000,KLUI,19203,192,19,9,1803,499483,66680202,42009817,24670385,452013,529036,37319948,9026548,0,0,4,0,0.0202,277029,13682965,250700,293420,0.2419,0.0
1998,KLUI,19209,192,19,20,4095,1770405,161480761,122132613,39348148,2709790,1166908,117929153,1042664,6502778,1,5,3,0.045,432333,9608827,661731,284959,0.0088,0.0403
2000,KLUI,19209,192,19,17,5568,3722759,184572061,109954465,74617596,1386334,1492404,66716622,3167092,87023610,3,5,3,0.0499,668599,13401149,248982,268032,0.0475,0.4715
1998,KLUI,20101,201,20,303,21604,7749614,922306367,617669559,304636808,326682828,29980274,486705426,3886,489795927,12,75,5,0.0254,358712,14100945,15121405,1387719,0.0,0.5311
2000,KLUI,20101,201,20,336,27248,15460439,1531015922,913716816,617299106,15079607,32250791,812793392,5108595,304309759,34,50,8,0.025,567397,22654841,553421,1183602,0.0063,0.1988
1998,KLUI,20102,201,20,225,18510,6290767,777814461,467643075,310171386,20386949,14639680,420865212,773468,0,0,57,3,0.0203,339858,16756963,1101402,790907,0.0018,0.0
2000,KLUI,20102,201,20,187,15784,9312072,788394711,494831599,293563112,15735590,21577007,441464603,123014,182703255,30,30,5,0.0317,589969,18598778,996933,1367018,0.0003,0.2317
1998,KLUI,20103,201,20,12,1651,295491,41356884,32134407,9222477,980616,264189,29674785,0,762948,1,4,0,0.032,178977,5585995,593953,160018,0.0,0.0184
2000,KLUI,20103,201,20,24,1799,307393,37055646,26582973,10472673,1261336,564535,22537309,0,24247654,6,8,0,0.0294,170869,5821386,701132,313805,0.0,0.6544
1998,KLUI,20104,201,20,71,7474,930138,175666329,116591812,59074517,3551844,2418847,105044196,0,29370509,1,19,1,0.0157,124450,7904003,475227,323635,0.0,0.1672
2000,KLUI,20104,201,20,63,7623,1335187,219654440,143788364,75866076,2284086,3582115,132106846,0,40802965,7,7,0,0.0176,175152,9952260,299631,469909,0.0,0.1858
1998,KLUI,20211,202,20,78,110882,194222856,11301186512,7145355139,4155831373,37313662194,335625902,5995230231,207450388,1785134890,10,45,8,0.0467,1751618,37479766,336516858,3026875,0.0346,0.158
2000,KLUI,20211,202,20,75,92945,236261442,12235730146,8053080318,4182649828,3051905300,359044489,6853529851,311691299,7528684261,49,21,9,0.0565,2541949,45001343,32835605,3862978,0.0455,0.6153
1998,KLUI,20212,202,20,72,87119,95040047,8196392168,5737259524,2459132644,170949210,219119074,4484679338,100531600,828965203,5,32,6,0.0386,1090922,28227283,1962249,2515170,0.0224,0.1011
2000,KLUI,20212,202,20,68,85833,157444391,9245821984,5625356232,3620465752,196821969,145650199,4923739913,142451299,5810578245,51,26,5,0.0435,1834311,42180347,2293080,1696902,0.0289,0.6285
1998,KLUI,20213,202,20,82,22370,25153245,1462324241,1078314141,384010100,103986220,53148007,806680020,118856382,21214566,3,29,3,0.0655,1124419,17166299,4648468,2375861,0.1473,0.0145
2000,KLUI,20213,202,20,85,25596,30213924,1595513887,1153930748,441583139,57521141,62594585,884053093,63843522,1184341951,60,27,2,0.0684,1180416,17252037,2247271,2445483,0.0722,0.7423
1998,KLUI,20214,202,20,6,1243,1594476,60523044,25650259,34872785,767429,730814,22715055,67280,0,0,1,0,0.0457,1282764,28055338,617401,587944,0.003,0.0
2000,KLUI,20214,202,20,5,276,52085,7208498,3414173,3794325,3700,258699,2818950,43999,419567,1,1,0,0.0137,188714,13747554,13406,937315,0.0156,0.0582
1998,KLUI,20220,202,20,461,77385,45085111,4358921667,2708650329,1650271338,258007004,54172041,2122822554,262506558,118600265,17,148,28,0.0273,582608,21325468,3334070,700033,0.1237,0.0272
2000,KLUI,20220,202,20,478,84164,84204052,6659191075,4442558359,2216632716,129418793,65385888,3932986644,215923443,4122644992,202,103,31,0.038,1000476,26337065,1537698,776887,0.0549,0.6191
1998,KLUI,20230,202,20,38,1336,359471,32031151,23348000,8683151,452003,719006,21561466,800000,0,0,5,0,0.0414,269065,6499365,338326,538178,0.0371,0.0
2000,KLUI,20230,202,20,39,1635,282758,40064628,23054947,17009681,485926,1034434,20390356,28684,10185803,6,6,2,0.0166,172941,10403475,297202,632681,0.0014,0.2542
1998,KLUI,20291,202,20,62,6861,2858078,149457124,97436959,52020165,2630837,710937,91465314,341112,356605,2,11,0,0.0549,416569,7582009,383448,103620,0.0037,0.0024
2000,KLUI,20291,202,20,73,8184,2319026,239740551,151897660,87842891,8081375,1957043,139025541,29802,163172887,30,13,2,0.0264,283361,10733491,987460,239130,0.0002,0.6806
1998,KLUI,20292,202,20,17,1068,127118,7009254,3804646,3204608,736736,53074,3466944,0,773583,2,4,0,0.0397,119024,3000569,689828,49695,0.0,0.1104
2000,KLUI,20292,202,20,13,417,31715,8791881,3295477,5496404,180358,27897,2788179,0,1858701,2,5,0,0.0058,76055,13180825,432513,66899,0.0,0.2114
1998,KLUI,20293,202,20,117,10095,5202059,283724515,160420483,123304032,13515026,1416494,135448411,25764173,29096467,6,39,4,0.0422,515310,12214367,1338784,140316,0.1902,0.1026
2000,KLUI,20293,202,20,134,11601,6595124,403406293,267005681,136400612,363172205,2365063,208784252,43169877,314230564,59,38,9,0.0484,568496,11757660,31305250,203867,0.2068,0.7789
1998,KLUI,20294,202,20,38,5161,690095,129013264,94187787,34825477,2556929,655025,79809658,45435,1883547,1,12,2,0.0198,133713,6747816,495433,126918,0.0006,0.0146
2000,KLUI,20294,202,20,45,5348,1709520,162116922,125924083,36192839,3871268,898435,107477633,12403017,59701354,18,14,2,0.0472,319656,6767547,723872,167995,0.1154,0.3683
1998,KLUI,20299,202,20,48,4152,1096948,116470831,74276536,42194295,2453268,904782,63560558,1416192,265963,1,7,2,0.026,264197,10162402,590864,217915,0.0223,0.0023
2000,KLUI,20299,202,20,29,2498,631064,50936897,28345026,22591871,1361472,359709,24815636,857136,32769943,14,5,1,0.0279,252628,9043984,545025,143999,0.0345,0.6433
1998,KLUI,21011,210,21,4,13664,48540582,4269872031,2389341074,1880530957,1350883644,143352262,1487463781,665040338,1503747921,1,1,2,0.0258,3552443,137626680,98864435,10491237,0.4471,0.3522
2000,KLUI,21011,210,21,4,13643,61659138,11983599577,10101873338,1881726239,0,350005232,7630446000,4699650000,0,0,0,1,0.0328,4519471,137926133,0,25654565,0.6159,0.0
1998,KLUI,21012,210,21,22,6713,4592234,893029169,565488058,327541111,119794517,43110924,482035432,40612488,0,0,5,0,0.014,684081,48792062,17845154,6422006,0.0843,0.0
2000,KLUI,21012,210,21,64,20039,34009654,8130865428,5998671969,2132193459,46237897,266669166,5361190191,2848978180,528971981,7,14,4,0.016,1697173,106402189,2307395,13307509,0.5314,0.0651
1998,KLUI,21013,210,21,5,9983,2699166,40913675,18374588,22539087,557000,204293,16177739,21154,217913,1,1,0,0.1198,270376,2257747,55795,20464,0.0013,0.0053
2000,KLUI,21013,210,21,7,3952,2784118,62744378,32343237,30401141,2407593,720124,28572678,1545361,1551729,1,1,0,0.0916,704483,7692596,609209,182218,0.0541,0.0247
1998,KLUI,21014,210,21,35,8472,6402291,1229036065,921730946,307305119,197230734,25209103,774703138,445221975,216092299,2,11,5,0.0208,755700,36273031,23280304,2975579,0.5747,0.1758
2000,KLUI,21014,210,21,32,9818,9432448,3293040577,2820927096,472113481,10372536,57910638,2565854477,1862522020,131482986,11,9,4,0.02,960730,48086523,1056482,5898415,0.7259,0.0399
1998,KLUI,21015,210,21,39,18333,21563075,3955870129,2293656236,1662213893,3255679593,251503598,1745174558,1080722796,8660703,1,16,1,0.013,1176189,90667861,177585752,13718628,0.6193,0.0022
2000,KLUI,21015,210,21,37,12456,25099211,4520161906,3270141553,1250020353,35807246,297711051,2498953910,1836302053,655196675,6,7,3,0.0201,2015030,100354877,2874699,23901016,0.7348,0.1449
1998,KLUI,21016,210,21,31,3166,12090971,496283812,346360660,149923152,647704392,8449402,282335868,91718379,55330216,2,9,1,0.0806,3819005,47354123,204581299,2668794,0.3249,0.1115
2000,KLUI,21016,210,21,29,3682,20645778,690905053,400442466,290462587,7437322,10444929,332228047,87627031,1491090,2,5,1,0.0711,5607218,78887177,2019914,2836754,0.2638,0.0022
1998,KLUI,21019,210,21,16,2455,1726047,238172366,175592197,62580169,1840916,4656280,157711005,7223575,3421088,1,5,1,0.0276,703074,25490904,749864,1896652,0.0458,0.0144
2000,KLUI,21019,210,21,13,2019,1663689,373234754,246032771,127201983,7574278,9493480,217183208,14576996,0,0,3,1,0.0131,824016,63002468,3751500,4702070,0.0671,0.0
1998,KLUI,21020,210,21,165,43208,20380880,2825663757,2017913837,807749920,2864627457,18956881,1690517257,64654698,11110335,2,46,16,0.0252,471692,18694453,66298543,438735,0.0382,0.0039
2000,KLUI,21020,210,21,170,28263,32321780,4491436276,3167074326,1324361950,157004877,33646683,2798116166,382547306,304043735,7,38,17,0.0244,1143608,46858506,5555138,1190485,0.1367,0.0677
1998,KLUI,21090,210,21,59,6538,2915402,754048539,577986918,176061621,243800766,19817664,492552544,198795467,0,0,16,2,0.0166,445916,26928972,37289808,3031151,0.4036,0.0
2000,KLUI,21090,210,21,47,6232,4329000,799377831,548297399,251080432,1595229,31153442,468462799,85774599,3553492,2,4,0,0.0172,694641,40288901,255974,4998948,0.1831,0.0044
1998,KLUI,22110,221,22,76,6862,4219253,348608505,136757013,211851492,29858882,1536686,106616656,12163259,208159,1,21,1,0.0199,614872,30873141,4351338,223941,0.1141,0.0006
2000,KLUI,22110,221,22,119,12496,17568664,1322053141,989663036,332390105,18507976,3792651,919235820,100104913,35691606,4,24,2,0.0529,1405943,26599720,1481112,303509,0.1089,0.027
1998,KLUI,22120,221,22,50,5875,10527859,377639241,212519795,165119446,28225304,8215780,178325669,4195561,0,0,21,0,0.0638,1791976,28105438,4804307,1398431,0.0235,0.0
2000,KLUI,22120,221,22,41,4979,13183095,689772651,389470983,300301668,44584993,17859862,327042390,4682750,0,0,13,0,0.0439,2647740,60313651,8954608,3587038,0.0143,0.0
1998,KLUI,22130,221,22,4,194,44119,53339822,33618272,19721550,0,88384,11053857,0,0,0,0,0,0.0022,227418,101657474,0,455588,0.0,0.0
2000,KLUI,22130,221,22,4,147,70058,24871200,20679751,4191449,0,38467,17218850,0,0,0,0,0,0.0167,476585,28513259,0,261680,0.0,0.0
1998,KLUI,22190,221,22,234,23795,6475794,7281311926,3923668613,3357643313,5997598947,58187261,2941731086,50476873,0,0,50,4,0.0019,272149,141107094,252052908,2445357,0.0172,0.0
2000,KLUI,22190,221,22,234,28951,12797099,9160793179,3790444459,5370348720,513833889,147896057,3533554371,1001353868,5898556215,5,43,4,0.0024,442026,185497866,17748399,5108496,0.2834,0.6439
1998,KLUI,22210,222,22,23,1802,1688867,197016402,118172102,78844300,13536961,452021,106852429,490074,0,0,2,0,0.0214,937218,43753774,7512187,250844,0.0046,0.0
2000,KLUI,22210,222,22,20,3282,3827881,205225268,52505790,152719478,241552,387197,45000711,165747,0,0,3,0,0.0251,1166326,46532443,73599,117976,0.0037,0.0
1998,KLUI,22220,222,22,113,10507,4776878,653967010,534278825,119688185,3658115,3125200,511054253,73909955,43060231,4,24,1,0.0399,454638,11391281,348160,297440,0.1446,0.0658
2000,KLUI,22220,222,22,82,4759,3852318,96271940,44630369,51641571,593509,1117121,34055283,586803,88950,1,4,0,0.0746,809481,10851349,124713,234739,0.0172,0.0009
1998,KLUI,22301,223,22,3,669,538241,13993043,8186286,5806757,684792,42330,1860753,1622932,13122403,1,2,1,0.0927,804546,8679756,1023605,63274,0.8722,0.9378
2000,KLUI,22301,223,22,1,35,0,1076036,573952,502084,604000,9983,388637,0,0,0,1,0,,,14345257,17257143,285229,0.0,0.0
1998,KLUI,22302,223,22,1,684,304734,24491569,16812939,7678630,145057,17325,14299079,9770697,0,0,1,0,0.0397,445518,11226067,212072,25329,0.6833,0.0
1998,KLUI,23100,231,23,8,987,234332,15161123,12154518,3006605,1408720,1388008,7225813,1064170,0,0,3,1,0.0779,237418,3046206,1427275,1406290,0.1473,0.0
2000,KLUI,23100,231,23,6,703,218867,7767269,4767815,2999454,891000,715115,3311406,639645,2279175,2,2,1,0.073,311333,4266649,1267425,1017233,0.1932,0.2934
1998,KLUI,23201,232,23,12,644,310673,28282427,16192236,12090191,3834872,1917310,12141068,0,0,0,3,1,0.0257,482411,18773589,5954770,2977189,0.0,0.0
2000,KLUI,23201,232,23,6,477,2487773,363511038,277390076,86120962,0,600706,969951,0,0,0,0,2,0.0289,5215457,180547090,0,1259342,0.0,0.0
1998,KLUI,23202,232,23,4,535,16000796,78042714,38033358,40009356,0,2478236,34587660,3622,0,0,0,4,0.3999,29908030,74783843,0,4632217,0.0001,0.0
2000,KLUI,23202,232,23,7,509,12319408,354035042,225330425,128704617,13405686,3109915,181615106,3224,0,0,1,6,0.0957,24203159,252857794,26337301,6109853,0.0,0.0
1998,KLUI,23203,232,23,25,3404,2143924,316755562,126260013,190495549,18974343,4926470,95526567,56970405,0,0,7,2,0.0113,629825,55962265,5574131,1447259,0.5964,0.0
2000,KLUI,23203,232,23,29,1820,1856196,595344809,412511162,182833647,4361425,59716586,316190126,131203202,3095524,1,7,5,0.0102,1019888,100458048,2396387,32811311,0.415,0.0052
1998,KLUI,23204,232,23,5,270,340821,14813943,10059678,4754265,8430086,116521,6649719,3194195,0,0,1,1,0.0717,1262300,17608389,31222541,431559,0.4804,0.0
2000,KLUI,23204,232,23,7,1055,4725934,162706795,86648323,76058472,4295003,2883362,47088271,16804560,560000,1,2,4,0.0621,4479558,72093338,4071093,2733045,0.3569,0.0034
1998,KLUI,24111,241,24,6,1525,4682345,3210314428,933363234,2276951194,4033225,63018507,655430911,640640783,11077737,2,3,4,0.0021,3070390,1493082750,2644738,41323611,0.9774,0.0035
2000,KLUI,24111,241,24,3,667,535286,97509168,32209709,65299459,1602635,4569404,9456375,4766650,0,0,1,0,0.0082,802528,97900238,2402751,6850681,0.5041,0.0
1998,KLUI,24112,241,24,39,2295,2404486,100012453,69252337,30760116,8357191,2979089,33234049,11516119,0,0,13,10,0.0782,1047706,13403101,3641478,1298078,0.3465,0.0
2000,KLUI,24112,241,24,44,3547,12497814,1517881577,594770266,923111311,81990335,14292303,482270741,397741551,0,0,10,10,0.0135,3523489,260251286,23115403,4029406,0.8247,0.0
1998,KLUI,24113,241,24,8,514,123626,159230106,110154679,49075427,9910030,480399,103103144,62872456,4002310,2,2,2,0.0025,240518,95477484,19280214,934628,0.6098,0.0251
2000,KLUI,24113,241,24,13,1373,2248890,484455876,297710905,186744971,6551938,3800927,262873889,185667885,66062767,7,6,8,0.012,1637939,136012361,4771987,2768337,0.7063,0.1364
1998,KLUI,24114,241,24,30,4314,7130187,799397886,477949393,321448493,178709260,15814289,384408359,213929418,0,0,8,8,0.0222,1652802,74512863,41425420,3665806,0.5565,0.0
2000,KLUI,24114,241,24,49,6538,13652987,2105655608,1202107840,903547768,1209797971,51994902,963500207,457019190,161606251,10,16,12,0.0151,2088251,138199414,185040987,7952723,0.4743,0.0767
1998,KLUI,24115,241,24,26,2082,865735,157071046,51587107,105483939,5537307,3868172,35572263,342585,15621245,4,8,1,0.0082,415819,50664716,2659610,1857912,0.0096,0.0995
2000,KLUI,24115,241,24,50,5009,4266517,328401534,206295401,122106133,7704729,9517397,151537152,728386,103797689,19,18,2,0.0349,851770,24377347,1538177,1900059,0.0048,0.3161
1998,KLUI,24116,241,24,20,7248,18428320,887235850,434478170,452757680,41937421,23945686,333665348,256216222,27871033,2,11,7,0.0407,2542539,62466567,5786068,3303765,0.7679,0.0314
2000,KLUI,24116,241,24,15,2553,7201976,465374441,329463671,135910770,8992635,37053265,250394010,179992026,94027428,8,4,5,0.053,2820986,53235711,3522380,14513617,0.7188,0.202
1998,KLUI,24117,241,24,5,1195,6810299,5497918662,3734565902,1763352760,677612669,29704443,3604474435,858564802,1136774779,1,3,3,0.0039,5698995,1475609004,567039890,24857274,0.2382,0.2068
2000,KLUI,24117,241,24,10,2458,29597795,7003146997,4621186098,2381960899,203664112,49956143,4395680996,2314230155,1865402441,5,3,5,0.0124,12041414,969064646,82857653,20323899,0.5265,0.2664
1998,KLUI,24118,241,24,40,5428,11454847,1483126329,1010252003,472874326,34177031,7152053,928151519,747137369,211332297,2,17,18,0.0242,2110326,87117599,6296432,1317622,0.805,0.1425
2000,KLUI,24118,241,24,42,4208,20062327,2614782414,1440410560,1174371854,316685057,28340997,1189844263,909338274,440705556,11,14,25,0.0171,4767663,279080764,75257856,6735028,0.7642,0.1685
1998,KLUI,24119,241,24,35,8553,20620540,3517465372,2693160195,824305177,890439220,124883159,2156672257,425698091,0,0,20,10,0.025,2410913,96376146,104108409,14601094,0.1974,0.0
2000,KLUI,24119,241,24,37,7675,20791900,3349358206,2575594925,773763281,15076443,194540382,2211442506,332336230,1253069715,17,10,8,0.0269,2709042,100816063,1964357,25347281,0.1503,0.3741
1998,KLUI,24121,241,24,20,1152,259652,22960243,11678398,11281845,64171,390623,10126163,13020,0,0,2,0,0.023,225392,9793268,55704,339082,0.0013,0.0
2000,KLUI,24121,241,24,66,2887,858257,91285435,56219323,35066112,2480341,2979653,36245853,2450431,4222380,3,7,0,0.0245,297283,12146211,859141,1032093,0.0676,0.0463
1998,KLUI,24122,241,24,22,12151,176871178,4011399294,2663950597,1347448697,77349204,22606143,1863208428,7199984,294923730,1,7,1,0.1313,14556101,110892000,6365666,1860435,0.0039,0.0735
2000,KLUI,24122,241,24,15,15608,234990233,7470265923,4267408484,3202857439,519866789,434592641,2420498787,499152175,3876229628,3,3,1,0.0734,15055756,205206140,33307713,27844224,0.2062,0.5189
1998,KLUI,24123,241,24,9,4707,17648322,2154405916,1528076481,626329435,57553887,167484150,1172128053,470255343,0,0,4,2,0.0282,3749378,133063402,12227297,35581931,0.4012,0.0
2000,KLUI,24123,241,24,8,527,1701439,50813814,24995121,25818693,2717480,1065568,19077554,9100511,38425119,1,1,1,0.0659,3228537,48991827,5156509,2021951,0.477,0.7562
1998,KLUI,24129,241,24,2,46,7650,3086090,1449551,1636539,0,39616,971800,0,0,0,0,0,0.0047,166304,35576935,0,861217,0.0,0.0
2000,KLUI,24129,241,24,3,126,42685,3556297,1659788,1896509,85632,34238,1395226,0,0,0,1,0,0.0225,338770,15051659,679619,271730,0.0,0.0
1998,KLUI,24131,241,24,38,6755,8255490,2769839320,1918434404,851404916,324773335,27939014,1700247144,957743782,68274528,4,17,13,0.0097,1222130,126040698,48078954,4136049,0.5633,0.0246
2000,KLUI,24131,241,24,35,5913,17432961,4861277789,3344866090,1516411699,18562887,297546291,2898068811,1588549233,1627336877,11,10,16,0.0115,2948243,256453864,3139335,50320699,0.5481,0.3348
1998,KLUI,24132,241,24,4,461,33977,131764130,114563394,17200736,0,1122404,110276703,8724167,5115917,1,0,0,0.002,73703,37311792,0,2434716,0.0791,0.0388
2000,KLUI,24132,241,24,6,1074,1602822,632476716,273791317,358685399,7556831,2576554,222075222,80255538,119144222,3,1,2,0.0045,1492385,333971507,7036155,2399026,0.3614,0.1884
1998,KLUI,24211,242,24,2,593,1342593,241788607,208704341,33084266,1662913,1704888,124047751,52281278,0,0,2,1,0.0406,2264069,55791342,2804238,2875022,0.4215,0.0
2000,KLUI,24211,242,24,4,474,2774687,244760990,164856344,79904646,10435227,2703691,124714755,65824907,27485417,2,4,3,0.0347,5853770,168575203,22015247,5703989,0.5278,0.1123
1998,KLUI,24212,242,24,31,10025,12143033,985537918,747026270,238511648,24837399,7164426,665376583,389058265,132954896,3,12,8,0.0509,1211275,23791686,2477546,714656,0.5847,0.1349
2000,KLUI,24212,242,24,30,10410,16267711,1217299550,862416539,354883011,10862664,36362362,761811754,491022274,45779908,4,9,10,0.0458,1562700,34090587,1043484,3493022,0.6445,0.0376
1998,KLUI,24220,242,24,104,10433,27890668,1990553785,1396675888,593877897,44793263,5126270,1235783574,504709318,0,0,37,21,0.047,2673312,56923023,4293421,491351,0.4084,0.0
2000,KLUI,24220,242,24,113,11991,22951963,3128107633,1987755433,1140352200,19086315,5779263,1753353667,650558365,700431472,10,27,23,0.0201,1914099,95100676,1591720,481967,0.371,0.2239
1998,KLUI,24231,242,24,12,1306,6571691,154267702,77513293,76754409,16807845,873675,60401184,35051253,0,0,9,4,0.0856,5031923,58770604,12869713,668970,0.5803,0.0
2000,KLUI,24231,242,24,9,1682,11679875,613608336,392589713,221018623,9723955,1367790,301449273,259740661,0,0,2,2,0.0528,6944040,131402273,5781186,813193,0.8616,0.0
1998,KLUI,24232,242,24,140,29646,65130712,3750417852,2209229760,1541188092,334825167,12682500,1373369775,847493703,20875359,1,70,28,0.0423,2196948,51986376,11294109,427798,0.6171,0.0056
2000,KLUI,24232,242,24,140,34621,116047736,8386568750,4641648217,3744920533,13400577810,19387269,3241476569,2295763537,450067526,15,53,30,0.031,3351946,108169046,387065013,559986,0.7082,0.0537
1998,KLUI,24233,242,24,3,628,301761,13849113,6367793,7481320,0,223917,5319532,1184700,0,0,0,0,0.0403,480511,11912930,0,356556,0.2227,0.0
2000,KLUI,24233,242,24,1,565,143746,58310992,52685056,5625936,0,37250,35619248,0,58310992,1,0,0,0.0256,254418,9957409,0,65929,0.0,1.0
1998,KLUI,24234,242,24,50,8385,1047025,169928807,109674628,60254179,4904921,1735832,50373987,2755402,1482110,1,13,0,0.0174,124869,7185949,584964,207016,0.0547,0.0087
2000,KLUI,24234,242,24,57,8868,2035407,279961124,168154060,111807064,6249643,2792356,79398989,3146285,3550136,4,12,0,0.0182,229523,12607923,704741,314880,0.0396,0.0127
1998,KLUI,24241,242,24,48,16585,18442581,2373921907,1599697577,774224330,103788648,22323106,1263217114,234799892,0,0,13,3,0.0238,1112004,46682203,6257983,1345982,0.1859,0.0
2000,KLUI,24241,242,24,51,15070,28910438,3208697501,1965327194,1243370307,112507403,28297461,1467830647,249788681,271711153,6,9,5,0.0233,1918410,82506324,7465654,1877735,0.1702,0.0847
1998,KLUI,24242,242,24,74,13260,39233472,1913306857,977903904,935402953,61338599,6211167,647237000,326192650,35603431,5,21,14,0.0419,2958784,70543209,4625837,468414,0.504,0.0186
2000,KLUI,24242,242,24,74,15585,31452802,1796461578,861550373,934911205,37750517,5306130,659016619,325608211,98630856,7,13,12,0.0336,2018146,59987886,2422234,340464,0.4941,0.0549
1998,KLUI,24291,242,24,38,3747,5296732,1339572548,885638069,453934479,46105503,15066927,785081173,261504514,27445864,1,14,5,0.0117,1413593,121146111,12304645,4021064,0.3331,0.0205
2000,KLUI,24291,242,24,43,4633,13668568,1563005332,982472196,580533136,52596322,18355276,853285807,364435551,364969543,7,16,6,0.0235,2950263,125303936,11352541,3961855,0.4271,0.2335
1998,KLUI,24292,242,24,7,817,975991,112287954,34136009,78151945,3158765,206888,23801139,14576552,0,0,1,0,0.0125,1194603,95657215,3866297,253229,0.6124,0.0
2000,KLUI,24292,242,24,7,809,3076782,108530263,20892256,87638007,9010,243164,15303047,9767350,51440488,2,1,0,0.0351,3803192,108328810,11137,300574,0.6383,0.474
1998,KLUI,24293,242,24,5,407,232558,109489558,76204061,33285497,1081919,453276,64601646,41240187,3665613,1,2,0,0.007,571396,81782548,2658278,1113700,0.6384,0.0335
2000,KLUI,24293,242,24,3,304,414884,151086951,102173110,48913841,0,576307,17044177,17044177,0,0,0,0,0.0085,1364750,160900793,0,1895747,1.0,0.0
1998,KLUI,24294,242,24,32,2453,4610184,181385746,128065154,53320592,3050185,1770715,92470229,40249800,0,0,7,2,0.0865,1879406,21736890,1243451,721857,0.4353,0.0
2000,KLUI,24294,242,24,35,3320,6198468,229975667,149888201,80087466,14819015,1947667,127004601,11313534,141353500,8,11,3,0.0774,1867008,24122731,4463559,586647,0.0891,0.6146
1998,KLUI,24295,242,24,7,8615,3614243,193512041,156822570,36689471,6443218,1874829,113466340,42992168,0,0,5,0,0.0985,419529,4258789,747907,217624,0.3789,0.0
2000,KLUI,24295,242,24,9,10273,8488290,340086560,210663985,129422575,3206537,2657358,165001855,44003355,102487396,4,5,1,0.0656,826272,12598323,312132,258674,0.2667,0.3014
1998,KLUI,24299,242,24,51,6054,24379503,1898151564,1624153738,273997826,198649397,216957593,1276183392,948651150,0,0,18,14,0.089,4027007,45258974,32812917,35837065,0.7434,0.0
2000,KLUI,24299,242,24,36,2521,5580403,698083123,428225121,269858002,31174711,2258286,373421520,328209484,42423454,8,7,10,0.0207,2213567,107044031,12366010,895790,0.8789,0.0608
1998,KLUI,24301,243,24,71,43897,52999128,7563162267,4501651473,3061510794,148545685,126047636,3811437151,1682163122,2964808254,16,24,12,0.0173,1207352,69743053,3383960,2871441,0.4413,0.392
2000,KLUI,24301,243,24,6,2106,1920141,247722431,137037481,110684950,397535,4206457,101951403,48327972,34842643,2,2,2,0.0173,911748,52556956,188763,1997368,0.474,0.1407
1998,KLUI,24302,243,24,11,6069,17456727,4112804027,2423846421,1688957606,152560747,121877588,2115028271,1838009306,1673416280,1,3,3,0.0103,2876376,278292570,25137708,20081988,0.869,0.4069
2000,KLUI,24302,243,24,7,4377,13050174,3478338085,2046309997,1432028088,4036222,97350682,1734966665,1572885391,0,0,2,2,0.0091,2981534,327171142,922143,22241417,0.9066,0.0
1998,KLUI,25111,251,25,22,29289,54313744,5387918482,4289629015,1098289467,59046888,74350859,3535790560,1547158372,1372372347,3,8,3,0.0495,1854408,37498360,2016009,2538525,0.4376,0.2547
2000,KLUI,25111,251,25,24,31911,61655084,8712204546,5966960073,2745244473,473129186,79419036,4855448811,2626685727,861326102,5,7,4,0.0225,1932095,86028156,14826523,2488767,0.541,0.0989
1998,KLUI,25112,251,25,34,1947,1108161,70407600,46795140,23612460,1031623,1631268,36304751,9372639,0,0,5,0,0.0469,569163,12127612,529853,837837,0.2582,0.0
2000,KLUI,25112,251,25,39,2355,2417855,121045610,72812553,48233057,11440184,1781956,55231639,12748633,0,0,8,0,0.0501,1026690,20481128,4857828,756669,0.2308,0.0
1998,KLUI,25121,251,25,80,28485,14158709,486953667,282309260,204644407,52502853,7426181,250905230,15115,14048997,2,33,7,0.0692,497058,7184287,1843175,260705,0.0001,0.0289
2000,KLUI,25121,251,25,78,26415,17489038,386039116,169982888,216056228,9085193,6602060,147161437,750327,156271833,25,19,7,0.0809,662087,8179301,343941,249936,0.0051,0.4048
1998,KLUI,25122,251,25,27,4700,2484338,155679930,110446661,45233269,3470909,2181839,103166291,411704,0,0,4,1,0.0549,528583,9624100,738491,464221,0.004,0.0
2000,KLUI,25122,251,25,35,8733,9480737,448780371,300903007,147877364,18449394,3543119,281952244,2982990,30358077,5,3,1,0.0641,1085622,16933169,2112607,405716,0.0106,0.0676
1998,KLUI,25123,251,25,151,35926,33728270,8604719718,7399051947,1205667771,144027249,52734885,6990486551,99975095,350774444,4,68,20,0.028,938826,33559755,4008998,1467875,0.0143,0.0408
2000,KLUI,25123,251,25,157,43212,51663268,7769250673,6667408366,1101842307,237918518,61737391,6322712777,147340904,6306193564,71,64,24,0.0469,1195577,25498526,5505844,1428709,0.0233,0.8117
1998,KLUI,25191,251,25,23,6852,2530369,373522678,295724765,77797913,59442615,20563922,222973397,72061054,34730026,2,6,4,0.0325,369289,11354045,8675221,3001156,0.3232,0.093
2000,KLUI,25191,251,25,22,7745,8381543,432397746,320440535,111957211,19657420,19038234,250256564,43772383,404263598,10,7,3,0.0749,1082188,14455418,2538079,2458132,0.1749,0.9349
1998,KLUI,25192,251,25,25,5542,4998693,104113939,77593544,26520395,16279609,2564292,52454904,26575453,0,0,5,2,0.1885,901966,4785347,2937497,462702,0.5066,0.0
2000,KLUI,25192,251,25,27,1910,1457761,53040048,35179238,17860810,885515,1407298,28034094,8543960,1185855,1,3,0,0.0816,763226,9351209,463620,736805,0.3048,0.0224
1998,KLUI,25199,251,25,76,10471,5502587,646483514,402410012,244073502,137002836,10596339,351001046,137440000,49177139,1,27,10,0.0225,525507,23309474,13084026,1011970,0.3916,0.0761
2000,KLUI,25199,251,25,66,8104,7992193,642089824,329529805,312560019,48486788,12896117,274959047,115820764,341518088,13,14,6,0.0256,986203,38568610,5983069,1591327,0.4212,0.5319
1998,KLUI,25201,252,25,35,3792,1868374,251385527,201652642,49732885,43261343,2698912,178029025,8379382,0,0,11,3,0.0376,492715,13115212,11408582,711738,0.0471,0.0
2000,KLUI,25201,252,25,38,4390,2576123,411729915,284733609,126996306,1619079,3525917,255922414,15985649,4174459,1,7,3,0.0203,586816,28928544,368811,803170,0.0625,0.0101
1998,KLUI,25202,252,25,45,10581,6313262,1306876246,975546533,331329713,261543007,10742489,710083184,174669770,139806927,2,14,5,0.0191,596660,31313648,24718175,1015262,0.246,0.107
2000,KLUI,25202,252,25,65,9717,10584955,2422788107,1688666031,734122076,33354619,30664554,1501167971,431197616,389519461,9,14,6,0.0144,1089323,75550281,3432605,3155764,0.2872,0.1608
1998,KLUI,25203,252,25,11,2444,4683904,142518226,86537631,55980595,9394683,373257,59083368,36879626,770476,1,3,0,0.0837,1916491,22905317,3843978,152724,0.6242,0.0054
2000,KLUI,25203,252,25,11,2585,5224574,352139469,203865536,148273933,14842294,555874,169760436,88920282,45539580,2,2,0,0.0352,2021112,57359355,5741700,215038,0.5238,0.1293
1998,KLUI,25204,252,25,106,11686,5716619,387522500,245489036,142033464,28615046,4676841,196823359,63249780,4791394,1,29,3,0.0402,489185,12154156,2448660,400209,0.3214,0.0124
2000,KLUI,25204,252,25,131,32318,22715761,1425604792,825044084,600560708,29096426,17799267,690219475,244798703,68528359,10,32,6,0.0378,702883,18582855,900316,550754,0.3547,0.0481
1998,KLUI,25205,252,25,406,68754,38233129,4167462614,2925351449,1242111165,272250938,22938666,2566245779,797682394,257389341,6,103,15,0.0308,556086,18066020,3959783,333634,0.3108,0.0618
2000,KLUI,25205,252,25,426,75339,50852179,5953910373,4102056532,1851853841,166350035,43204204,3611680758,1062068804,1342107556,36,77,19,0.0275,674978,24580282,2208020,573464,0.2941,0.2254
1998,KLUI,25206,252,25,46,10021,7006283,1198866031,631515329,567350702,89050146,2575783,526069243,322780444,39406932,1,24,21,0.0123,699160,56616176,8886353,257039,0.6136,0.0329
2000,KLUI,25206,252,25,59,12674,30640698,1215713525,641863149,573850376,223695760,6300830,484987653,283860900,397557101,14,16,27,0.0534,2417603,45277764,17649973,497146,0.5853,0.327
1998,KLUI,25209,252,25,137,16473,4745941,1000534869,622688974,377845895,87658282,9643888,528255277,226909915,62817102,5,33,14,0.0126,288104,22937285,5321331,585436,0.4295,0.0628
2000,KLUI,25209,252,25,136,13587,5517763,1646928539,911713676,735214863,19080485,17158800,775754139,329585393,258199415,14,21,18,0.0075,406106,54111641,1404319,1262884,0.4249,0.1568
1998,KLUI,26111,261,26,14,5822,12927152,1166569897,584290981,582278916,390017801,52150316,327502594,203153398,3624222,1,7,3,0.0222,2220397,100013555,66990347,8957457,0.6203,0.0031
2000,KLUI,26111,261,26,12,4718,18405079,1655660621,757932521,897728100,39982453,110549958,309907104,207831699,605483560,5,4,2,0.0205,3901034,190277257,8474450,23431530,0.6706,0.3657
1998,KLUI,26112,261,26,9,1396,874455,93120073,71298504,21821569,68192,988149,60309145,0,16995337,1,1,0,0.0401,626400,15631496,48848,707843,0.0,0.1825
2000,KLUI,26112,261,26,7,1213,1561924,95747199,58451646,37295553,0,977460,46633269,0,512371,1,0,0,0.0419,1287654,30746540,0,805820,0.0,0.0054
1998,KLUI,26121,261,26,24,11180,8436774,683836383,408077699,275758684,83202594,86635554,213259809,76226627,66983310,1,9,0,0.0306,754631,24665356,7442092,7749155,0.3574,0.098
2000,KLUI,26121,261,26,21,13445,13526393,1468904593,882936178,585968415,58704549,278271011,372289878,155872686,265388339,5,8,0,0.0231,1006054,43582627,4366274,20696989,0.4187,0.1807
1998,KLUI,26122,261,26,1,70,124237,4599460,3677418,922042,320000,111011,2982953,2817490,0,0,1,1,0.1347,1774814,13172029,4571429,1585871,0.9445,0.0
2000,KLUI,26122,261,26,3,610,1398756,132978353,67915218,65063135,12342914,2498952,54931468,54625393,43866758,3,1,2,0.0215,2293043,106660877,20234285,4096643,0.9944,0.3299
1998,KLUI,26123,261,26,1,230,109000,14052080,7909650,6142430,0,2373200,2458250,0,0,0,0,0,0.0177,473913,26706217,0,10318261,0.0,0.0
2000,KLUI,26123,261,26,1,263,136030,18361992,14053728,4308264,1675000,8926850,1805362,0,9180996,1,1,0,0.0316,517224,16381232,6368821,33942395,0.0,0.5
1998,KLUI,26124,261,26,10,3920,7276687,240063309,150878477,89184832,162638322,28477607,77393511,50370626,3223166,1,4,2,0.0816,1856298,22751233,41489368,7264696,0.6508,0.0134
2000,KLUI,26124,261,26,11,3516,1242940,604056739,236445106,367611633,13704121,51063796,119053373,55824375,109609386,2,1,1,0.0034,353510,104553934,3897645,14523264,0.4689,0.1815
1998,KLUI,26129,261,26,29,2248,1223648,64977441,32235973,32741468,4144083,257917,29519451,5859644,0,0,6,2,0.0374,544327,14564710,1843453,114732,0.1985,0.0
2000,KLUI,26129,261,26,25,2380,2316877,92644130,45727845,46916285,250000,953846,37958879,3186382,18333521,4,2,4,0.0494,973478,19712725,105042,400776,0.0839,0.1979
1998,KLUI,26201,262,26,35,12522,5464608,346928573,142900070,204028503,15880650,21215812,85740386,62364315,45571066,2,7,3,0.0268,436401,16293603,1268220,1694283,0.7274,0.1314
2000,KLUI,26201,262,26,42,14547,9071225,595522249,375523254,219998995,14072073,49198574,240092678,210933475,257227875,14,11,6,0.0412,623580,15123324,967352,3382043,0.8786,0.4319
1998,KLUI,26202,262,26,39,21848,17486185,1854558127,1044845291,809712836,172668987,233893778,529525699,279242736,0,0,14,6,0.0216,800356,37061188,7903194,10705501,0.5273,0.0
2000,KLUI,26202,262,26,39,23406,35762261,2434239574,1341948648,1092290926,190813283,271936617,717399832,435864009,215564132,10,10,5,0.0327,1527910,46667133,8152323,11618244,0.6076,0.0886
1998,KLUI,26203,262,26,6,527,408867,202285758,51987308,150298450,0,1295366,41720872,29714405,0,0,0,4,0.0027,775839,285196300,0,2458000,0.7122,0.0
2000,KLUI,26203,262,26,3,401,449398,82604555,64641434,17963121,0,7477053,52403580,36315984,12331250,1,0,3,0.025,1120693,44795813,0,18646017,0.693,0.1493
2000,KLUI,26209,262,26,1,102,3420,542985,106078,436907,0,80194,17574,0,380090,1,0,0,0.0078,33529,4283402,0,786216,0.0,0.7
1998,KLUI,26311,263,26,3,327,400040,12167115,8738271,3428844,296098,345256,5742498,3250251,0,0,2,0,0.1167,1223364,10485761,905498,1055829,0.566,0.0
2000,KLUI,26311,263,26,7,513,580664,23238451,13721210,9517241,228063,501799,10255138,5502166,4421093,1,1,1,0.061,1131899,18552127,444567,978166,0.5365,0.1902
1998,KLUI,26321,263,26,23,2931,1672782,182449015,44046920,138402095,731588,5208287,35723863,10729375,2014044,1,11,1,0.0121,570721,47220094,249604,1776966,0.3003,0.011
2000,KLUI,26321,263,26,25,3726,403252,183163037,77714539,105448498,2502613,9399209,51518992,35406797,13744249,10,15,1,0.0038,108227,28300724,671662,2522600,0.6873,0.075
1998,KLUI,26322,263,26,95,3180,240499,21905473,5806457,16099016,348200,2282379,3172607,0,145420,1,24,0,0.0149,75629,5062584,109497,717729,0.0,0.0066
2000,KLUI,26322,263,26,105,3646,445795,23647512,8792619,14854893,9448002,3521642,4082654,3000,27642,1,18,2,0.03,122270,4074299,2591334,965892,0.0007,0.0012
1998,KLUI,26323,263,26,781,31100,2345051,311700830,150673419,161027411,160606688,46339703,94094857,16893603,0,0,230,1,0.0146,75404,5177730,5164202,1490023,0.1795,0.0
2000,KLUI,26323,263,26,766,29365,2796871,352234122,124757130,227476992,2674698,51553962,64635852,8811430,68920,1,95,2,0.0123,95245,7746535,91085,1755626,0.1363,0.0002
1998,KLUI,26324,263,26,1,70,10140,326300,251877,74423,0,139750,69275,0,0,0,0,0,0.1362,144857,1063186,0,1996429,0.0,0.0
2000,KLUI,26324,263,26,4,365,251518,5477600,3586379,1891221,323927,1462420,930835,203376,35269,1,1,1,0.133,689090,5181427,887471,4006630,0.2185,0.0064
1998,KLUI,26411,264,26,16,11517,66636505,3378175107,2128279354,1249895753,2630099012,516584467,383409900,57778967,0,0,10,4,0.0533,5785926,108526157,228366676,44854082,0.1507,0.0
2000,KLUI,26411,264,26,13,14024,212203835,6459455977,4221202454,2238253523,202920922,1288187196,655854708,93342227,1901804281,6,8,5,0.0948,15131477,159601649,14469547,91855904,0.1423,0.2944
1998,KLUI,26412,264,26,90,3041,318501,43674945,27903687,15771258,946656,13978493,10201831,3840,0,0,18,0,0.0202,104736,5186208,311298,4596676,0.0004,0.0
2000,KLUI,26412,264,26,100,2994,414833,55181424,31666990,23514434,718450,13115809,15529998,21411,0,0,24,0,0.0176,138555,7853852,239963,4380698,0.0014,0.0
1998,KLUI,26413,264,26,1,139,26000,1022310,646966,375344,225852,101442,432900,0,0,0,1,0,0.0693,187050,2700317,1624835,729799,0.0,0.0
2000,KLUI,26413,264,26,1,35,8396,150394,33638,116756,0,2719,0,0,0,0,0,0,0.0719,239886,3335886,0,77686,,0.0
1998,KLUI,26421,264,26,1,30,7324,280575,134340,146235,96000,10996,120540,0,0,0,1,0,0.0501,244133,4874500,3200000,366533,0.0,0.0
2000,KLUI,26421,264,26,2,50,6000,3224350,881703,2342647,34000,28851,412740,0,526676,1,1,0,0.0026,120000,46852940,680000,577020,0.0,0.1633
1998,KLUI,26422,264,26,12,1501,764066,43360238,29932041,13428197,358530,417039,25030256,2300597,0,0,2,0,0.0569,509038,8946167,238861,277841,0.0919,0.0
2000,KLUI,26422,264,26,6,390,333123,26334716,15049242,11285474,729901,224103,6725450,1996393,13491668,1,1,0,0.0295,854162,28937113,1871541,574623,0.2968,0.5123
1998,KLUI,26423,264,26,369,19548,12865073,804158219,496683347,307474872,73576946,18016990,338304838,43048099,1688686,1,76,15,0.0418,658127,15729224,3763912,921679,0.1272,0.0021
2000,KLUI,26423,264,26,340,18905,16696262,993892442,513876934,480015508,46562181,19104779,431919944,38689268,117994830,7,53,14,0.0348,883166,25390929,2462956,1010568,0.0896,0.1187
1998,KLUI,26429,264,26,2,41,0,1980000,279048,1700952,0,2208,255960,0,0,0,0,0,,,41486634,0,53854,0.0,0.0
2000,KLUI,26429,264,26,2,41,0,1118062,682790,435272,0,17817,0,0,0,0,0,0,,,10616390,0,434561,,0.0
1998,KLUI,26501,265,26,5,138,26504,794561,426620,367941,68000,36504,297848,3645,0,0,1,0,0.072,192058,2666239,492754,264522,0.0122,0.0
2000,KLUI,26501,265,26,5,181,38950,1195628,514807,680821,148240,29551,346686,39793,165607,1,2,0,0.0572,215193,3761442,819006,163265,0.1148,0.1385
1998,KLUI,26502,265,26,33,5805,3489025,498389903,244639094,253750809,103452565,14670959,148755466,56076173,0,0,12,0,0.0137,601038,43712456,17821286,2527297,0.377,0.0
2000,KLUI,26502,265,26,31,5698,4785971,700119125,207671936,492447189,21246174,7656501,147418134,62165630,324624420,7,13,0,0.0097,839939,86424568,3728707,1343717,0.4217,0.4637
1998,KLUI,26503,265,26,176,7083,3135596,164076943,85511656,78565287,8774968,12580041,51957081,420254,0,0,26,2,0.0399,442693,11092092,1238877,1776089,0.0081,0.0
2000,KLUI,26503,265,26,143,6452,5695350,265147324,136421522,128725802,11776244,18920976,91188137,1705906,60108318,10,35,2,0.0442,882726,19951302,1825208,2932575,0.0187,0.2267
1998,KLUI,26509,265,26,1,108,0,836577,502673,333904,46135,205969,242237,0,0,0,1,0,,,3091704,427176,1907120,0.0,0.0
2000,KLUI,26509,265,26,15,656,227799,11616962,4481962,7135000,581257,172879,3329853,196651,159698,1,6,0,0.0319,347255,10876524,886062,263535,0.0591,0.0137
1998,KLUI,26601,266,26,8,1553,2005546,81377449,71213711,10163738,1790728,2191974,57526599,34655662,0,0,4,1,0.1973,1291401,6544583,1153077,1411445,0.6024,0.0
2000,KLUI,26601,266,26,11,2490,3118835,249347200,194470279,54876921,3393766,3434172,154056228,86722622,9727762,2,2,1,0.0568,1252544,22038924,1362958,1379186,0.5629,0.039
1998,KLUI,26602,266,26,2,230,36184,20179598,8995299,11184299,13701,189410,6505994,2196764,0,0,1,0,0.0032,157322,48627387,59570,823522,0.3377,0.0
2000,KLUI,26602,266,26,2,75,0,411000,208730,202270,0,29850,180000,0,0,0,0,0,,,2696933,0,398000,0.0,0.0
2000,KLUI,26609,266,26,2,81,18543,559847,242905,316942,0,12045,84134,80705,0,0,0,0,0.0585,228926,3912864,0,148704,0.9592,0.0
1998,KLUI,26900,269,26,41,3207,870448,282646755,128374564,154272191,234297117,19137729,39965257,30096654,6554163,2,10,2,0.0056,271421,48104830,73058035,5967486,0.7531,0.0232
2000,KLUI,26900,269,26,36,3327,2078464,233758050,171588688,62169362,18844230,27148922,89178656,12612695,45592055,11,7,1,0.0334,624726,18686313,5664031,8160181,0.1414,0.195
1998,KLUI,27101,271,27,26,12560,52302616,10140990552,8782753765,1358236787,1361396756,518227791,7800828400,2381962679,0,0,15,7,0.0385,4164221,108139872,108391461,41260174,0.3053,0.0
2000,KLUI,27101,271,27,16,6437,50979286,2618959078,1407895129,1211063949,10738478959,169841541,1063194942,604418084,1493336456,5,4,5,0.0421,7919728,188141052,1668242809,26385201,0.5685,0.5702
1998,KLUI,27102,271,27,47,13410,73399559,4599819292,2217732159,2382087133,184903130,44218480,2000434674,1056288505,30556942,2,20,14,0.0308,5473494,177635133,13788451,3297426,0.528,0.0066
2000,KLUI,27102,271,27,43,16099,73188273,13757109799,10676991173,3080118626,319049941,697965161,9247866399,2909897947,342099742,5,15,11,0.0238,4546138,191323599,19817997,43354566,0.3147,0.0249
1998,KLUI,27103,271,27,30,4651,6713570,1002127595,719488384,282639211,73752177,5681486,667425860,109501597,0,0,10,4,0.0238,1443468,60769557,15857273,1221562,0.1641,0.0
2000,KLUI,27103,271,27,38,8099,23756591,2402447661,1743323426,659124235,21916449,17832313,1550508558,255980179,87955579,7,10,6,0.036,2933275,81383410,2706069,2201792,0.1651,0.0366
1998,KLUI,27201,272,27,38,6366,13057768,3093012840,2160547817,932465023,31953168,13827465,1602738368,1231541241,111665406,1,21,15,0.014,2051173,146475813,5019348,2172081,0.7684,0.0361
2000,KLUI,27201,272,27,31,3482,6031514,1914763815,1129613056,785150759,4352531,25081530,884879597,579606426,169386806,6,10,10,0.0077,1732198,225488443,1250009,7203196,0.655,0.0885
1998,KLUI,27202,272,27,30,6457,9330379,1836062092,1316525398,519536694,409965314,43480325,1064782470,657229697,50503879,2,12,8,0.018,1445002,80461003,63491608,6733828,0.6172,0.0275
2000,KLUI,27202,272,27,31,8281,26118885,4884941489,3335377295,1549564194,5328550,78911383,1880300812,1357380781,1642521425,5,8,5,0.0169,3154074,187122835,643467,9529209,0.7219,0.3362
2000,KLUI,27203,272,27,4,919,529012,133548473,82446250,51102223,8305190,1066486,75162114,19925515,5900000,1,1,0,0.0104,575639,55606336,9037203,1160485,0.2651,0.0442
1998,KLUI,27204,272,27,20,6565,7911970,1184969363,527037453,657931910,72726526,16590797,453308541,155374448,74564828,3,12,3,0.012,1205174,100218113,11077917,2527159,0.3428,0.0629
2000,KLUI,27204,272,27,18,6460,10118684,1412633162,686089434,726543728,34141188,20482804,561135172,191011215,690363991,10,7,6,0.0139,1566360,112468069,5285014,3170713,0.3404,0.4887
1998,KLUI,27310,273,27,15,2304,50525167,406774233,276681106,130093127,62583480,4865763,224827000,11708670,0,0,5,2,0.3884,21929326,56464031,27162969,2111876,0.0521,0.0
2000,KLUI,27310,273,27,26,7380,28030984,3065410175,2285839551,779570624,106300204,81748437,1909436542,1325931444,1256641724,5,6,6,0.036,3798236,105632876,14403822,11077024,0.6944,0.4099
1998,KLUI,27320,273,27,12,1776,5536204,213377991,77582604,135795387,36794083,4930035,46521631,16052109,64326281,1,3,3,0.0408,3117232,76461367,20717389,2775921,0.345,0.3015
2000,KLUI,27320,273,27,8,2185,8870449,349294903,183468434,165826469,6400957,7593145,131631907,85692950,72897270,3,2,3,0.0535,4059702,75893121,2929500,3475124,0.651,0.2087
1998,KLUI,28111,281,28,63,4744,2593087,476468383,376327819,100140564,21898247,2950716,325110688,165676334,0,0,15,6,0.0259,546603,21108888,4615988,621989,0.5096,0.0
2000,KLUI,28111,281,28,66,5129,9461976,679115370,401999538,277115832,22492029,7649464,311426619,92948428,234720143,5,11,9,0.0341,1844799,54029213,4385266,1491414,0.2985,0.3456
1998,KLUI,28112,281,28,23,1734,1431449,229997559,166179404,63818155,2527512,1524277,156218380,22073165,43148188,2,7,3,0.0224,825518,36804011,1457619,879052,0.1413,0.1876
2000,KLUI,28112,281,28,26,1875,3885637,268924942,216388675,52536267,2184092,1923453,204497489,27367205,20910725,1,4,3,0.074,2072340,28019342,1164849,1025842,0.1338,0.0778
1998,KLUI,28113,281,28,42,4951,5113501,699418026,413525356,285892670,18893350,12416595,330356414,53514525,0,0,12,2,0.0179,1032822,57744429,3816067,2507896,0.162,0.0
2000,KLUI,28113,281,28,47,4212,9036084,720603455,379864040,340739415,3946623,6447039,328384226,29424902,20341273,2,3,1,0.0265,2145319,80897297,936995,1530636,0.0896,0.0282
1998,KLUI,28119,281,28,24,4090,2682142,564696976,381535192,183161784,6333383,9448282,316516657,35245698,5974217,2,7,3,0.0146,655780,44782832,1548504,2310093,0.1114,0.0106
2000,KLUI,28119,281,28,18,3787,10367939,4235690326,2652936221,1582754105,706000,53352134,2243671558,664865380,23378421,1,1,2,0.0066,2737771,417944047,186427,14088232,0.2963,0.0055
1998,KLUI,28120,281,28,41,4779,19354924,511997759,224949686,287048073,23839585,3086687,177148086,34006755,224519,1,10,7,0.0674,4049995,60064464,4988404,645886,0.192,0.0004
2000,KLUI,28120,281,28,40,4149,13648160,467683262,210219631,257463631,4183940,3457616,156618577,60220807,149458691,5,7,6,0.053,3289506,62054382,1008421,833361,0.3845,0.3196
1998,KLUI,28910,289,28,15,1976,5925769,572799330,411260155,161539175,13878028,3776447,317035476,136585847,41752192,1,6,6,0.0367,2998871,81750595,7023294,1911157,0.4308,0.0729
2000,KLUI,28910,289,28,13,2132,8690785,539726795,345918336,193808459,1744837,4656176,307534022,179271457,77952554,3,2,4,0.0448,4076353,90904530,818404,2183947,0.5829,0.1444
1998,KLUI,28920,289,28,41,2963,2474250,330279614,175469735,154809879,7754956,2610435,156850801,29689360,0,0,8,5,0.016,835049,52247681,2617265,881011,0.1893,0.0
2000,KLUI,28920,289,28,58,4471,10816329,253396289,152031901,101364388,9317280,4259406,115979963,60375185,81336447,5,18,7,0.1067,2419219,22671525,2083936,952674,0.5206,0.321
1998,KLUI,28931,289,28,21,1217,359402,30678616,20212433,10466183,2710192,631174,17862514,5806291,0,0,4,1,0.0343,295318,8599986,2226945,518631,0.3251,0.0
2000,KLUI,28931,289,28,13,924,475837,34556087,17059144,17496943,3970,621231,15147717,6877572,0,0,1,0,0.0272,514975,18936085,4297,672328,0.454,0.0
1998,KLUI,28932,289,28,21,1351,868738,41778671,27869202,13909469,824109,848059,21864109,1400810,0,0,4,2,0.0625,643033,10295684,609999,627727,0.0641,0.0
2000,KLUI,28932,289,28,19,2002,1009025,39164095,15717590,23446505,2241431,457314,12047829,7459699,2472502,1,1,1,0.043,504008,11711541,1119596,228429,0.6192,0.0631
1998,KLUI,28933,289,28,49,14070,6079833,913621136,437010749,476610387,65302246,9241682,366659560,321608974,0,0,17,7,0.0128,432113,33874228,4641240,656836,0.8771,0.0
2000,KLUI,28933,289,28,55,16591,11558707,850728866,447397456,403331410,19495757,8706566,390214755,327390976,427826711,9,13,13,0.0287,696685,24310253,1175080,524776,0.839,0.5029
1998,KLUI,28939,289,28,47,4007,1531580,80605111,51780063,28825048,1040126,976305,45969539,5732241,0,0,11,4,0.0531,382226,7193673,259577,243650,0.1247,0.0
2000,KLUI,28939,289,28,50,4036,980572,88578581,54546988,34031593,1152234,1231303,44852880,7914832,10630275,4,11,2,0.0288,242956,8432010,285489,305080,0.1765,0.12
1998,KLUI,28991,289,28,123,14232,4260879,400955920,278838983,122116937,19906328,9385092,223695730,91562727,9664603,1,29,7,0.0349,299387,8580448,1398702,659436,0.4093,0.0241
2000,KLUI,28991,289,28,130,15387,19448233,654999630,412045564,242954066,21073771,15022105,340227094,165703146,98996144,13,32,8,0.08,1263939,15789567,1369583,976286,0.487,0.1511
1998,KLUI,28992,289,28,9,599,110355,14279835,6558651,7721184,711598,140809,4686547,2118608,0,0,2,0,0.0143,184232,12890124,1187977,235073,0.4521,0.0
2000,KLUI,28992,289,28,17,1289,941061,75132846,42520103,32612743,150406,734721,34382278,12216265,15359179,1,1,1,0.0289,730071,25300809,116684,569993,0.3553,0.2044
1998,KLUI,28993,289,28,52,5916,5040555,507384569,331246344,176138225,32501587,6079846,294378406,125113612,1899475,1,13,8,0.0286,852021,29773196,5493845,1027695,0.425,0.0037
2000,KLUI,28993,289,28,54,6707,5750113,826318698,574000449,252318249,64419522,9898510,520584920,150242403,118411592,7,10,6,0.0228,857330,37620136,9604819,1475848,0.2886,0.1433
1998,KLUI,28994,289,28,74,15777,22855493,2607387857,1893062815,714325042,72780982,19881888,1761555090,1163548221,4919799,3,24,9,0.032,1448659,45276354,4613107,1260182,0.6605,0.0019
2000,KLUI,28994,289,28,72,13491,41591870,3453197453,2069524805,1383672648,501195561,23406635,1884444434,1312573019,1296050926,7,16,11,0.0301,3082935,102562645,37150364,1734981,0.6965,0.3753
1998,KLUI,28995,289,28,39,6578,10401483,1889846583,1205705088,684141495,169833720,14032860,1074539606,623360206,93432508,1,18,12,0.0152,1581253,104004484,25818443,2133302,0.5801,0.0494
2000,KLUI,28995,289,28,36,5844,19659555,3682077902,2501444491,1180633411,20731417,28675758,2197203783,1572065139,285827726,11,5,17,0.0167,3364058,202024882,3547470,4906872,0.7155,0.0776
1998,KLUI,28996,289,28,2,989,1631626,8060238,6703048,1357190,0,193498,5298242,578146,0,0,0,1,1.2022,1649774,1372285,0,195650,0.1091,0.0
2000,KLUI,28996,289,28,2,540,0,34757210,26890697,7866513,262408,246132,24356278,226466,0,0,1,1,,,14567617,485941,455800,0.0093,0.0
1998,KLUI,28997,289,28,10,712,98255,15859643,10856851,5002792,388854,196246,9604001,307809,0,0,2,0,0.0196,137999,7026393,546143,275626,0.0321,0.0
2000,KLUI,28997,289,28,15,1073,739271,72907127,51113215,21793912,1378879,610009,44977144,23260943,367352,1,3,1,0.0339,688976,20311195,1285069,568508,0.5172,0.005
1998,KLUI,28999,289,28,82,10363,5664341,751788149,356160053,395628096,38225146,9616121,315809557,158526131,27454793,1,18,11,0.0143,546593,38176985,3688618,927928,0.502,0.0365
2000,KLUI,28999,289,28,104,11699,9568131,1187178936,531887294,655291642,250499779,16165120,454032247,233712308,25828194,7,15,12,0.0146,817859,56012620,21412068,1381752,0.5147,0.0218
1998,KLUI,29111,291,29,1,20,4056,122055,75395,46660,0,1166,70282,0,0,0,0,0,0.0869,202800,2333000,0,58300,0.0,0.0
1998,KLUI,29112,291,29,9,1368,1167397,158741778,108493113,50248665,25049631,369673,101500307,80571175,1953771,1,3,4,0.0232,853360,36731480,18311134,270229,0.7938,0.0123
2000,KLUI,29112,291,29,6,653,2195076,137017520,102212279,34805241,6255947,906111,92715432,51093142,54990951,2,2,4,0.0631,3361525,53300522,9580317,1387613,0.5511,0.4013
1998,KLUI,29113,291,29,11,1459,2921359,157222341,129821187,27401154,2065336,29266523,92126381,38855840,45203,1,5,2,0.1066,2002302,18780777,1415583,20059303,0.4218,0.0003
2000,KLUI,29113,291,29,16,1651,7720879,248931034,132351820,116579214,14016500,32437318,88181595,51505485,42381943,3,3,5,0.0662,4676486,70611274,8489703,19647073,0.5841,0.1703
1998,KLUI,29114,291,29,1,62,92453,320575,81302,239273,0,4860,40688,0,0,0,0,0,0.3864,1491177,3859242,0,78387,0.0,0.0
1998,KLUI,29120,291,29,26,1540,1649635,72970862,41810381,31160481,10315070,1656777,33429050,16768788,0,0,5,4,0.0529,1071192,20234079,6698097,1075829,0.5016,0.0
2000,KLUI,29120,291,29,28,4240,3676862,186895929,83060766,103835163,2804123,3076627,56879819,15997042,5610693,3,5,4,0.0354,867184,24489425,661350,725620,0.2812,0.03
1998,KLUI,29130,291,29,36,2521,5772713,188081376,117282191,70799185,76628774,2729969,81555325,64571949,0,0,16,9,0.0815,2289850,28083770,30396182,1082891,0.7918,0.0
2000,KLUI,29130,291,29,31,2768,7877019,281654369,107337251,174317118,9994780,3685720,79958434,56867004,339676,1,8,5,0.0452,2845744,62975837,3610831,1331546,0.7112,0.0012
1998,KLUI,29141,291,29,1,115,35522,2859305,1731641,1127664,43674,0,1503785,116956,3831469,1,1,0,0.0315,308887,9805774,379774,0,0.0778,1.34
2000,KLUI,29141,291,29,1,42,170000,6934080,3946280,2987800,58600,32530,3580250,0,0,0,1,0,0.0569,4047619,71138095,1395238,774524,0.0,0.0
1998,KLUI,29142,291,29,6,3639,5645975,158854923,67432612,91422311,2747936,341778,51878027,5351635,0,0,3,1,0.0618,1551518,25122921,755135,93921,0.1032,0.0
2000,KLUI,29142,291,29,6,1585,2250766,89417402,44896243,44521159,4717234,532377,28003590,20876386,54147126,1,3,2,0.0506,1420042,28089059,2976173,335885,0.7455,0.6056
1998,KLUI,29150,291,29,6,641,881378,144931466,54034771,90896695,6225324,651928,44054459,22364036,0,0,5,2,0.0097,1375005,141804516,9711894,1017048,0.5076,0.0
2000,KLUI,29150,291,29,10,866,4952597,259976007,158500844,101475163,14650463,15880811,123612633,6240245,1788074,1,5,3,0.0488,5718934,117176863,16917394,18338119,0.0505,0.0069
1998,KLUI,29191,291,29,3,226,179419,12767529,6796170,5971359,616422,21826,4818934,920206,0,0,2,0,0.03,793889,26421942,2727531,96575,0.191,0.0
2000,KLUI,29191,291,29,3,140,169662,10202771,4874066,5328705,653773,23039,3838438,979504,921078,1,2,1,0.0318,1211871,38062179,4669807,164564,0.2552,0.0903
2000,KLUI,29192,291,29,15,503,70049,6713659,3854321,2859338,1500,182904,3450337,81278,0,0,1,0,0.0245,139262,5684569,2982,363626,0.0236,0.0
1998,KLUI,29193,291,29,25,6363,8216039,1168807764,903641212,265166552,85007120,7052221,734666144,313016102,280340118,2,9,10,0.031,1291221,41673197,13359598,1108317,0.4261,0.2399
2000,KLUI,29193,291,29,16,1316,3149843,88819391,64993620,23825771,2840486,479873,57752388,46751138,19927023,2,1,5,0.1322,2393498,18104689,2158424,364645,0.8095,0.2244
1998,KLUI,29199,291,29,11,856,228188,32167157,20259684,11907473,538552679,464202,12292243,845940,0,0,2,1,0.0192,266575,13910599,629150326,542292,0.0688,0.0
2000,KLUI,29199,291,29,10,804,257589,43801203,24527936,19273267,2529564629,322326,16163534,1972472,5155937,1,2,1,0.0134,320384,23971725,3146224663,400903,0.122,0.1177
1998,KLUI,29211,292,29,26,2797,3958347,123518025,69823232,53694793,20273756,3404958,57235093,20714357,30792305,1,6,4,0.0737,1415212,19197280,7248393,1217361,0.3619,0.2493
2000,KLUI,29211,292,29,24,2144,2799065,210619628,134790659,75828969,8144345,1351937,114846174,13071041,11777358,1,5,2,0.0369,1305534,35367989,3798668,630568,0.1138,0.0559
1998,KLUI,29212,292,29,2,57,26645,375946,114141,261805,7996,10616,29731,0,0,0,1,0,0.1018,467456,4593070,140281,186246,0.0,0.0
2000,KLUI,29212,292,29,1,47,10599,177373,10000,167373,0,1521,0,0,0,0,0,0,0.0633,225511,3561128,0,32362,,0.0
1998,KLUI,29221,292,29,12,1362,4890459,82012774,49524967,32487807,15419636,628559,39132499,1593362,0,0,3,3,0.1505,3590645,23853015,11321319,461497,0.0407,0.0
2000,KLUI,29221,292,29,19,1946,7618859,122390193,62580920,59809273,6815056,8406256,49293318,1202404,1565995,1,3,3,0.1274,3915138,30734467,3502084,4319762,0.0244,0.0128
1998,KLUI,29222,292,29,4,296,89943,27513496,20288624,7224872,9903402,46115,12813537,4380780,0,0,2,0,0.0124,303861,24408351,33457439,155794,0.3419,0.0
2000,KLUI,29222,292,29,6,636,2075178,107037547,75849335,31188212,15816691,967287,56254096,48725042,72412898,3,3,2,0.0665,3262858,49038069,24869011,1520892,0.8662,0.6765
1998,KLUI,29223,292,29,12,670,1223160,31534074,15823934,15710140,724932,391293,10107919,1927917,0,0,2,1,0.0779,1825612,23447970,1081988,584019,0.1907,0.0
2000,KLUI,29223,292,29,13,650,655687,31545406,16463539,15081867,2472000,572655,8747318,4670965,1482888,1,2,1,0.0435,1008749,23202872,3803077,881008,0.534,0.047
1998,KLUI,29230,292,29,1,925,2561019,56935566,29187595,27747971,181278,117069,26367483,12290677,0,0,1,0,0.0923,2768669,29997806,195976,126561,0.4661,0.0
2000,KLUI,29230,292,29,1,1050,4445749,152852486,996638,151855848,0,4842,0,0,0,0,0,0,0.0293,4234047,144624617,0,4611,,0.0
1998,KLUI,29240,292,29,31,7469,12457563,1506569422,703384576,803184846,212435629,8235226,622309230,400081264,211506,1,11,9,0.0155,1667902,107535794,28442312,1102587,0.6429,0.0001
2000,KLUI,29240,292,29,25,6979,16331503,1864095296,1120387940,743707356,218788504,7530964,1046348951,724118024,767767505,5,5,9,0.022,2340092,106563599,31349549,1079089,0.692,0.4119
1998,KLUI,29250,292,29,10,896,263447,15612975,8949776,6663199,139243,184586,7531620,469784,0,0,2,0,0.0395,294026,7436606,155405,206011,0.0624,0.0
2000,KLUI,29250,292,29,13,1012,2745664,79603032,38260137,41342895,10270948,349978,35358089,17063655,0,0,7,0,0.0664,2713107,40852663,10149158,345828,0.4826,0.0
1998,KLUI,29261,292,29,2,50,58824,473097,159518,313579,500,1888,134661,0,0,0,1,0,0.1876,1176480,6271580,10000,37760,0.0,0.0
2000,KLUI,29261,292,29,2,64,18845,1416000,442010,973990,0,50646,337549,0,0,0,0,0,0.0193,294453,15218594,0,791344,0.0,0.0
1998,KLUI,29262,292,29,2,304,14039,1978243,482327,1495916,0,26466,221248,25908,1214781,1,0,1,0.0094,46181,4920776,0,87059,0.1171,0.6141
2000,KLUI,29262,292,29,2,202,50705,7031180,5171901,1859279,1752254,397149,4331540,0,815304,1,1,0,0.0273,251015,9204351,8674525,1966084,0.0,0.116
1998,KLUI,29263,292,29,20,2291,1828577,350603350,262625814,87977536,12724593,706871,246091098,39409693,0,0,7,3,0.0208,798157,38401369,5554165,308543,0.1601,0.0
2000,KLUI,29263,292,29,23,4916,3453152,196489201,124044492,72444709,2256365,693833,101411024,14988454,15538410,3,6,2,0.0477,702431,14736515,458984,141138,0.1478,0.0791
1998,KLUI,29264,292,29,1,45,6036,1025372,637465,387907,0,8461,531050,0,0,0,0,0,0.0156,134133,8620156,0,188022,0.0,0.0
2000,KLUI,29264,292,29,1,21,7180,239484,13357,226127,0,1224,0,0,0,0,0,0,0.0318,341905,10767952,0,58286,,0.0
1998,KLUI,29270,292,29,3,111,5395,601710,323479,278231,0,1797,282327,0,0,0,0,0,0.0194,48604,2506586,0,16189,0.0,0.0
2000,KLUI,29270,292,29,5,2160,3378330,114619299,84125520,30493779,0,799197,53631344,0,0,0,0,0,0.1108,1564042,14117490,0,369999,0.0,0.0
1998,KLUI,29291,292,29,4,288,71851,11956714,3814889,8141825,126914,76226,3436981,0,0,0,1,2,0.0088,249483,28270226,440674,264674,0.0,0.0
2000,KLUI,29291,292,29,2,67,166317,2286163,1223599,1062564,0,6000,716700,0,0,0,0,0,0.1565,2482343,15859164,0,89552,0.0,0.0
1998,KLUI,29292,292,29,4,2840,1822628,360093164,241206127,118887037,143684631,222479,215209067,734996,0,0,1,0,0.0153,641770,41861633,50593180,78338,0.0034,0.0
1998,KLUI,29299,292,29,19,1243,716339,84353665,25498963,58854702,6706698,1085485,20939389,4792835,3933674,2,8,3,0.0122,576298,47348916,5395574,873278,0.2289,0.0466
2000,KLUI,29299,292,29,22,1793,2962640,244414389,205685194,38729195,2304259,1118248,190287081,167915787,693799,1,3,5,0.0765,1652337,21600220,1285142,623674,0.8824,0.0028
2000,KLUI,29301,293,29,1,31,0,394797,218340,176457,0,4678,0,0,0,0,0,0,,,5692161,0,150903,,0.0
1998,KLUI,29302,293,29,12,1942,2435731,250533219,143360813,107172406,42696204,1376492,126145306,55591150,0,0,7,3,0.0227,1254238,55186615,21985687,708801,0.4407,0.0
2000,KLUI,29302,293,29,16,3126,5255602,456762457,257296341,199466116,196635,926165,232970948,113358991,251172126,3,2,8,0.0263,1681255,63808738,62903,296278,0.4866,0.5499
1998,KLUI,29309,293,29,9,884,520145,92110542,66593701,25516841,33706178,276413,36089792,10736810,1154,1,3,3,0.0204,588399,28865205,38129161,312684,0.2975,0.0
2000,KLUI,29309,293,29,4,790,1663768,365848880,301009568,64839312,0,369448,0,0,282249462,1,0,2,0.0257,2106035,82075078,0,467656,,0.7715
1998,KLUI,30001,300,30,1,48,0,4960000,3565029,1394971,0,31422,3284300,0,0,0,0,0,,,29061896,0,654625,0.0,0.0
2000,KLUI,30001,300,30,2,80,39681,1440974,7176,1433798,0,2744,0,0,0,0,0,0,0.0277,496012,17922475,0,34300,,0.0
1998,KLUI,30003,300,30,6,522,719405,34026662,8678096,25348566,109563,61799,1830081,306177,0,0,2,1,0.0284,1378170,48560471,209891,118389,0.1673,0.0
2000,KLUI,30003,300,30,4,180,8122,7754189,5172446,2581743,0,26203,241639,0,0,0,0,0,0.0031,45122,14343017,0,145572,0.0,0.0
1998,KLUI,30004,300,30,1,29,46440,5125473,1442771,3682702,1886360,6683,1059612,904800,0,0,1,1,0.0126,1601379,126989724,65046897,230448,0.8539,0.0
2000,KLUI,30004,300,30,1,51,70979,10814284,3203622,7610662,0,46977,2143479,1028983,0,0,0,1,0.0093,1391745,149228667,0,921118,0.4801,0.0
1998,KLUI,31101,311,31,6,956,1051643,209865384,155969143,53896241,2843645,293592,115881033,92438333,0,0,2,4,0.0195,1100045,56376821,2974524,307105,0.7977,0.0
2000,KLUI,31101,311,31,4,1055,3988818,253422491,217350072,36072419,1934071,278827,178961186,135597971,59942182,2,1,4,0.1106,3780870,34191866,1833243,264291,0.7577,0.2365
1998,KLUI,31102,311,31,6,293,417385,37453250,6015177,31438073,0,558012,5055325,0,0,0,0,5,0.0133,1424522,107297177,0,1904478,0.0,0.0
2000,KLUI,31102,311,31,7,1038,662846,55172841,19301564,35871277,0,267437,14887097,8553725,12784649,1,0,3,0.0185,638580,34558070,0,257646,0.5746,0.2317
1998,KLUI,31103,311,31,26,3575,1513669,324104059,203161790,120942269,53116740,770012,148140282,77396536,0,0,8,7,0.0125,423404,33830005,14857829,215388,0.5225,0.0
2000,KLUI,31103,311,31,29,9903,12643156,1625666983,338514629,1287152354,20541115,2233408,303007764,217128596,183430575,8,9,13,0.0098,1276700,129976003,2074232,225528,0.7166,0.1128
1991,KLUI,31111,311,31,6,502,0,7909511,0,0,0,47029,4870800,0,0,0,0,0,,,,0,93683,0.0,0.0
2001,KLUI,31111,311,31,18,2272,24645861,294336399,147449386,146887013,48934752,2463875,130120823,98394533,0,0,3,1,0.1678,10847650,64650974,21538183,1084452,0.7562,0.0
2003,KLUI,31111,311,31,8,1646,25980973,199393729,81343872,118049857,26895003,9125709,54808287,16106786,0,0,4,1,0.2201,15784309,71719233,16339613,5544173,0.2939,0.0
2005,KLUI,31111,311,31,11,3370,0,385846466,0,0,0,0,113961463,13125996,49823145,3,0,1,,,,0,0,0.1152,0.1291
1991,KLUI,31112,311,31,23,2115,0,50324104,0,0,0,539222,38604399,378904,0,0,0,0,,,,0,254951,0.0098,0.0
2001,KLUI,31112,311,31,21,2677,26506497,428831263,142747431,286083832,3964649,2699754,125831331,18753037,0,0,6,1,0.0927,9901568,106867326,1481004,1008500,0.149,0.0
2003,KLUI,31112,311,31,25,6532,80550640,826826608,568800332,258026276,50676479,6184508,482013658,20208616,0,0,8,3,0.3122,12331696,39501879,7758187,946802,0.0419,0.0
2005,KLUI,31112,311,31,25,3676,0,466907819,0,0,0,0,304245109,27384211,27234693,2,0,1,,,,0,0,0.09,0.0583
1991,KLUI,31121,311,31,24,4348,0,861764045,0,0,0,6647824,485164172,166584078,0,0,0,4,,,,0,1528938,0.3434,0.0
2001,KLUI,31121,311,31,21,5045,148806074,5078281578,3655304875,1422976703,334305495,19260855,3067788088,1306441079,0,0,8,4,0.1046,29495753,282056829,66264717,3817811,0.4259,0.0
2003,KLUI,31121,311,31,19,5417,253605116,6929349210,4449868495,2479480715,258882173,77193877,3303999927,1682441096,39230149,1,11,4,0.1023,46816525,457722118,47790691,14250300,0.5092,0.0057
2005,KLUI,31121,311,31,18,5929,0,6976757338,0,0,0,0,5330035078,2665065054,34248453,2,0,2,,,,0,0,0.5,0.0049
1991,KLUI,31122,311,31,1,220,0,8678519,0,0,0,10568,3993338,3078075,0,0,0,0,,,,0,48036,0.7708,0.0
2001,KLUI,31122,311,31,3,554,45696187,646505178,418603103,227902075,600000,407690,405258701,404943211,0,0,1,2,0.2005,82484092,411375587,1083032,735903,0.9992,0.0
2003,KLUI,31122,311,31,4,947,28648111,520250974,436064654,84186320,646511,2214326,411161439,396685533,0,0,1,2,0.3403,30251437,88897909,682694,2338253,0.9648,0.0
2005,KLUI,31122,311,31,4,653,0,39763980,0,0,0,0,13817896,8210437,0,0,0,2,,,,0,0,0.5942,0.0
1991,KLUI,31123,311,31,5,635,0,8771130,0,0,0,76065,1992005,438429,0,0,0,0,,,,0,119787,0.2201,0.0
2001,KLUI,31123,311,31,13,1903,17354273,202300321,75056823,127243498,13699000,1603878,62385446,4306798,0,0,3,1,0.1364,9119429,66864686,7198634,842816,0.069,0.0
2003,KLUI,31123,311,31,14,2573,24919922,287396812,149911681,137485131,17357786,3124556,124635468,13656891,3795909,1,5,2,0.1813,9685162,53433786,6746127,1214363,0.1096,0.0132
2005,KLUI,31123,311,31,16,2913,0,243732089,0,0,0,0,92827062,14191797,4503376,1,0,1,,,,0,0,0.1529,0.0185
1991,KLUI,31131,311,31,11,9745,0,143942844,0,0,0,3288802,34489133,0,0,0,0,1,,,,0,337486,0.0,0.0
2001,KLUI,31131,311,31,16,10920,141205681,1140336129,635125411,505210718,26584028,38371021,477002245,130006336,0,0,5,3,0.2795,12930923,46264718,2434435,3513830,0.2725,0.0
2003,KLUI,31131,311,31,11,6007,158812305,777660789,561094872,216565917,43758145,72518353,420004968,93628292,335028356,4,4,2,0.7333,26437873,36052259,7284526,12072308,0.2229,0.4308
2005,KLUI,31131,311,31,11,12948,0,1231190640,0,0,0,0,669596478,217052076,1130133691,7,0,2,,,,0,0,0.3242,0.9179
2001,KLUI,31132,311,31,1,67,519361,4488648,3992765,495883,9202488,86500,3073815,1989255,0,0,1,0,1.0473,7751657,7401239,137350567,1291045,0.6472,0.0
2003,KLUI,31132,311,31,6,519,5385421,29067434,16868377,12199057,0,1302964,10739678,995581,3911570,1,0,0,0.4415,10376534,23504927,0,2510528,0.0927,0.1346
2005,KLUI,31132,311,31,18,1102,0,76809256,0,0,0,0,36974630,159603,3734859,4,0,1,,,,0,0,0.0043,0.0486
1991,KLUI,31133,311,31,10,355,0,1861323,0,0,0,9881,1072420,0,0,0,0,0,,,,0,27834,0.0,0.0
2001,KLUI,31133,311,31,10,690,3039299,51302512,9035392,42267120,61780,276706,7151106,168249,0,0,1,1,0.0719,4404781,61256696,89536,401023,0.0235,0.0
2003,KLUI,31133,311,31,9,349,1296703,10005475,5445079,4560396,21100,146670,4923746,6843,7033911,3,2,0,0.2843,3715481,13067037,60458,420258,0.0014,0.703
2005,KLUI,31133,311,31,11,1763,0,84658320,0,0,0,0,47159599,2447455,68834670,3,0,0,,,,0,0,0.0519,0.8131
1991,KLUI,31134,311,31,4,141,0,763756,0,0,0,50273,413693,0,0,0,0,0,,,,0,356546,0.0,0.0
2001,KLUI,31134,311,31,27,2114,10289668,102153559,58486225,43667334,3161024,2130975,41106629,2033381,0,0,8,0,0.2356,4867393,20656260,1495281,1008030,0.0495,0.0
2003,KLUI,31134,311,31,35,2492,13840770,125633457,58717591,66915866,13965834,2896184,44476714,1828696,8176379,2,11,1,0.2068,5554081,26852274,5604267,1162193,0.0411,0.0651
2005,KLUI,31134,311,31,31,2144,0,95926872,0,0,0,0,48771515,1714274,4388525,1,0,0,,,,0,0,0.0351,0.0457
2001,KLUI,31135,311,31,15,611,2673508,85554578,59280221,26274357,544298,1272171,54691599,0,0,0,6,0,0.1018,4375627,43002221,890831,2082113,0.0,0.0
2003,KLUI,31135,311,31,5,335,1742754,23506244,15094848,8411396,14021168,996853,12670044,0,6175128,1,2,0,0.2072,5202251,25108645,41854233,2975681,0.0,0.2627
2005,KLUI,31135,311,31,1,64,0,10990462,0,0,0,0,5934409,0,0,0,0,0,,,,0,0,0.0,0.0
1991,KLUI,31139,311,31,3,179,0,6089569,0,0,0,48424,1839289,1024628,0,0,0,0,,,,0,270525,0.5571,0.0
2001,KLUI,31139,311,31,8,626,3207242,72920577,18431532,54489045,83480,804257,12599222,870057,0,0,1,0,0.0589,5123390,87043203,133355,1284756,0.0691,0.0
1991,KLUI,31141,311,31,16,9146,0,192013240,0,0,0,3227170,124506775,25267066,0,0,0,1,,,,0,352850,0.2029,0.0
2001,KLUI,31141,311,31,40,16239,58141123,1256065412,704522134,551543278,22763951,14028050,642918816,22512383,0,0,14,5,0.1054,3580339,33964116,1401807,863849,0.035,0.0
2003,KLUI,31141,311,31,34,17695,113366699,2060235603,1564083128,496152475,10251153079,63508647,1215450323,284069367,1335037052,17,17,7,0.2285,6406708,28039134,579324842,3589073,0.2337,0.648
2005,KLUI,31141,311,31,40,16854,0,2215256431,0,0,0,0,1046572805,158597770,595545378,12,0,7,,,,0,0,0.1515,0.2688
1991,KLUI,31142,311,31,100,3158,0,25504211,0,0,0,827704,16166746,0,0,0,0,0,,,,0,262098,0.0,0.0
2001,KLUI,31142,311,31,174,11725,45911375,948264293,549718051,398546242,42923077,10876211,449993688,52978894,0,0,43,4,0.1152,3915682,33991151,3660817,927609,0.1177,0.0
2003,KLUI,31142,311,31,130,5778,13954206,298313704,248126970,50186734,5411009,2126598,231711389,0,118681644,26,19,2,0.278,2415058,8685831,936485,368051,0.0,0.3978
2005,KLUI,31142,311,31,136,8818,0,515871646,0,0,0,0,365881375,3283598,268809256,28,0,2,,,,0,0,0.009,0.5211
1991,KLUI,31143,311,31,1,36,0,375295,0,0,0,10703,185591,5071,0,0,0,0,,,,0,297306,0.0273,0.0
2001,KLUI,31143,311,31,9,311,825257,13614406,10915045,2699361,9095,381447,10047552,0,0,0,1,0,0.3057,2653559,8679617,29244,1226518,0.0,0.0
2003,KLUI,31143,311,31,7,823,10370181,63128928,47235099,15893829,1882641,1625694,42037051,0,46690075,5,4,0,0.6525,12600463,19312064,2287535,1975327,0.0,0.7396
2005,KLUI,31143,311,31,7,544,0,55076907,0,0,0,0,35838230,0,35471678,4,0,0,,,,0,0,0.0,0.644
1991,KLUI,31144,311,31,108,25960,0,1118034917,0,0,0,8863888,875752947,3568085,0,0,0,7,,,,0,341444,0.0041,0.0
2001,KLUI,31144,311,31,173,48330,416094141,9572238269,7846901733,1725336536,93558877,271086161,7018272344,33699438,0,0,47,23,0.2412,8609438,35699080,1935834,5609066,0.0048,0.0
2003,KLUI,31144,311,31,159,45450,374977709,12986106652,10391817829,2594288823,144915924,465973023,9301383696,33849840,8017750517,98,51,23,0.1445,8250335,57080062,3188469,10252432,0.0036,0.6174
2005,KLUI,31144,311,31,198,53216,0,16307682173,0,0,0,0,12267158414,77471157,9843127911,113,0,24,,,,0,0,0.0063,0.6036
1991,KLUI,31145,311,31,10,433,0,3924516,0,0,0,50453,2980138,0,0,0,0,0,,,,0,116520,0.0,0.0
2001,KLUI,31145,311,31,91,2797,4892220,137818363,123177679,14640684,230472,1275291,115129524,0,0,0,26,0,0.3342,1749095,5234424,82400,455950,0.0,0.0
2003,KLUI,31145,311,31,90,2740,6015985,152998534,132028805,20969729,1262850,1733472,122063351,0,0,0,25,0,0.2869,2195615,7653186,460894,632654,0.0,0.0
2005,KLUI,31145,311,31,100,5000,0,942444845,0,0,0,0,637931166,226937350,741882075,2,0,2,,,,0,0,0.3557,0.7872
1991,KLUI,31149,311,31,18,1280,0,26598164,0,0,0,1904048,15747514,3192,0,0,0,0,,,,0,1487538,0.0002,0.0
2001,KLUI,31149,311,31,32,4618,25714221,315025567,237201780,77823787,4157021,18702291,195792437,20865431,0,0,5,3,0.3304,5568259,16852271,900178,4049868,0.1066,0.0
2003,KLUI,31149,311,31,66,8066,59748560,784817858,610923783,173894075,16393668,17063841,543169773,40303863,486132864,29,11,5,0.3436,7407458,21558898,2032441,2115527,0.0742,0.6194
2005,KLUI,31149,311,31,67,7586,0,931956758,0,0,0,0,574135714,7283647,44068698,9,0,5,,,,0,0,0.0127,0.0473
1991,KLUI,31151,311,31,160,42938,0,1300943664,0,0,0,21589814,838278310,4015391,0,0,0,12,,,,0,502814,0.0048,0.0
2001,KLUI,31151,311,31,188,41949,1947625184,27148848872,19748439566,7400409306,754194303,297323388,18981738032,6792991,0,0,60,23,0.2632,46428406,176414439,17978839,7087735,0.0004,0.0
2003,KLUI,31151,311,31,219,128378,981241202,35467210683,25409079559,10058131124,30545935199,511285352,24157816590,3533186,6351248155,51,98,29,0.0976,7643375,78347779,237937460,3982656,0.0001,0.1791
2005,KLUI,31151,311,31,286,83054,0,42883418550,0,0,0,0,31545459352,999362,6502563779,74,0,35,,,,0,0,0.0,0.1516
2001,KLUI,31152,311,31,47,6371,38118804,293306214,185384387,107921827,2846373,2111494,173537422,3869058,0,0,11,1,0.3532,5983174,16939543,446770,331423,0.0223,0.0
2003,KLUI,31152,311,31,35,4692,28573558,391907365,281242495,110664870,413408,2889101,265583735,0,5027857,1,4,0,0.2582,6089846,23585863,88109,615750,0.0,0.0128
2005,KLUI,31152,311,31,11,1730,0,420497141,0,0,0,0,245606929,46387104,137130586,6,0,0,,,,0,0,0.1889,0.3261
1991,KLUI,31153,311,31,29,2030,0,79347917,0,0,0,2764721,54296026,180741,0,0,0,1,,,,0,1361932,0.0033,0.0
2001,KLUI,31153,311,31,40,4720,44218486,1891981723,1451597327,440384396,41488025,28979442,1254912205,13419344,0,0,9,0,0.1004,9368323,93301779,8789836,6139712,0.0107,0.0
2003,KLUI,31153,311,31,52,4730,35878365,3031090843,2390942693,640148150,31145346,52243106,2071343421,22983829,40427885,5,12,0,0.056,7585278,135337875,6584640,11045054,0.0111,0.0133
2005,KLUI,31153,311,31,44,4490,0,1143415099,0,0,0,0,357403258,12476,226964220,5,0,1,,,,0,0,0.0,0.1985
1991,KLUI,31154,311,31,19,3298,0,334743612,0,0,0,10683870,278230361,886216,0,0,0,0,,,,0,3239500,0.0032,0.0
2001,KLUI,31154,311,31,44,10508,3769426134,5942097116,3464375239,2477721877,82635868,107611632,3266958631,788911,0,0,9,5,1.5213,358719655,235793860,7864091,10240924,0.0002,0.0
2003,KLUI,31154,311,31,35,9705,199241293,29378409452,26071425517,3306983935,11432171284,316772712,25217103243,5702986,5748425184,12,19,7,0.0602,20529757,340750534,1177967160,32640156,0.0002,0.1957
2005,KLUI,31154,311,31,37,11464,0,37857670024,0,0,0,0,27270388584,8121907,4838203744,11,0,7,,,,0,0,0.0003,0.1278
1991,KLUI,31155,311,31,1,124,0,4169926,0,0,0,140283,2586536,0,0,0,0,0,,,,0,1131315,0.0,0.0
2001,KLUI,31155,311,31,2,452,5913746,272637414,23443021,249194393,1609584,6431842,16720447,539493,0,0,1,0,0.0237,13083509,551315029,3561027,14229739,0.0323,0.0
2003,KLUI,31155,311,31,1,34,222012,497878,232568,265310,0,4593,205275,0,0,0,0,0,0.8368,6529765,7803235,0,135088,0.0,0.0
2005,KLUI,31155,311,31,1,35,0,534684,0,0,0,0,192400,0,0,0,0,0,,,,0,0,0.0,0.0
2001,KLUI,31159,311,31,2,563,4549199,251206871,211733322,39473549,3135542,1067675,163245661,0,0,0,1,0,0.1152,8080282,70112876,5569346,1896403,0.0,0.0
2003,KLUI,31159,311,31,1,516,3603641,12782231,370821,12411410,3135542,1628,281273,0,0,0,1,0,0.2903,6983800,24053120,6076632,3155,0.0,0.0
2005,KLUI,31159,311,31,2,1691,0,358431976,0,0,0,0,159044343,1847798,67548385,1,0,1,,,,0,0,0.0116,0.1885
1991,KLUI,31161,311,31,241,8229,0,239614404,0,0,0,2458382,198248167,0,0,0,0,0,,,,0,298746,0.0,0.0
2001,KLUI,31161,311,31,280,8235,28852688,1107296737,924960732,182336005,4416370,10246823,902086917,0,0,0,44,0,0.1582,3503666,22141591,536293,1244302,0.0,0.0
2003,KLUI,31161,311,31,264,8057,34993416,1114516875,940816494,173700381,18096082,11815842,915253377,0,0,0,73,0,0.2015,4343231,21558940,2246007,1466531,0.0,0.0
2005,KLUI,31161,311,31,262,8423,0,1308009114,0,0,0,0,1088806587,0,7046543,1,0,0,,,,0,0,0.0,0.0054
1991,KLUI,31162,311,31,7,659,0,7858142,0,0,0,241347,5107531,0,0,0,0,0,,,,0,366232,0.0,0.0
2001,KLUI,31162,311,31,8,444,1668931,133252870,105474884,27777986,3322710,339062,104747173,38001793,0,0,2,0,0.0601,3758854,62563032,7483581,763653,0.3628,0.0
2003,KLUI,31162,311,31,5,221,961877,28354316,25311118,3043198,10000,311715,23941169,0,0,0,1,0,0.3161,4352385,13770127,45249,1410475,0.0,0.0
2005,KLUI,31162,311,31,12,495,0,130148005,0,0,0,0,117918938,0,0,0,0,0,,,,0,0,0.0,0.0
1991,KLUI,31163,311,31,81,20374,0,484206751,0,0,0,3986032,388396657,0,0,0,0,3,,,,0,195643,0.0,0.0
2001,KLUI,31163,311,31,55,18948,2251231704,1198492806,809089211,389403595,18547684,34335849,710754389,31150394,0,0,23,2,5.7812,118811046,20551171,978873,1812109,0.0438,0.0
2003,KLUI,31163,311,31,53,12862,48248769,782926017,619142690,163783327,2738988,8201451,579363885,18789161,507918983,19,16,3,0.2946,3751265,12733893,212952,637650,0.0324,0.6487
2005,KLUI,31163,311,31,54,14967,0,1203487875,0,0,0,0,1064593332,62730675,920123035,31,0,5,,,,0,0,0.0589,0.7645
1991,KLUI,31164,311,31,41,6940,0,93422787,0,0,0,875810,63713383,0,0,0,0,1,,,,0,126197,0.0,0.0
2001,KLUI,31164,311,31,48,18863,96550460,934135501,781220129,152915372,961885519,4502033,723871344,17364326,0,0,13,1,0.6314,5118510,8106631,50993242,238670,0.024,0.0
2003,KLUI,31164,311,31,38,16609,77689908,626570748,442459896,184110852,32509305,12888645,425050883,25767,454549336,15,9,2,0.422,4677579,11085005,1957331,776004,0.0001,0.7255
2005,KLUI,31164,311,31,39,13026,0,633278678,0,0,0,0,366931052,1001406,441146790,18,0,3,,,,0,0,0.0027,0.6966
1991,KLUI,31165,311,31,28,973,0,7275800,0,0,0,67082,6329724,0,0,0,0,0,,,,0,68943,0.0,0.0
2001,KLUI,31165,311,31,24,3090,12656684,265603219,164383444,101219775,164100,1804979,133100212,63292636,0,0,4,0,0.125,4096014,32757209,53107,584136,0.4755,0.0
2003,KLUI,31165,311,31,21,729,2009796,25895953,21126313,4769640,464356,188222,20816713,0,0,0,5,0,0.4214,2756922,6542716,636977,258192,0.0,0.0
2005,KLUI,31165,311,31,22,698,0,22800539,0,0,0,0,17836532,0,0,0,0,0,,,,0,0,0.0,0.0
1991,KLUI,31166,311,31,3,395,0,34340033,0,0,0,165227,28073377,0,0,0,0,0,,,,0,418296,0.0,0.0
2001,KLUI,31166,311,31,3,69,154500,1181970,838818,343152,0,11460,580077,0,0,0,0,0,0.4502,2239130,4973217,0,166087,0.0,0.0
2003,KLUI,31166,311,31,1,30,97500,821150,400608,420542,0,60423,329785,0,0,0,0,0,0.2318,3250000,14018067,0,2014100,0.0,0.0
2005,KLUI,31166,311,31,1,31,0,696506,0,0,0,0,145942,75061,696506,1,0,0,,,,0,0,0.5143,1.0
1991,KLUI,31167,311,31,11,647,0,1443185,0,0,0,59189,684413,0,0,0,0,0,,,,0,91482,0.0,0.0
2001,KLUI,31167,311,31,22,2425,2810531,33175287,16513250,16662037,607862,889220,14679326,0,0,0,6,0,0.1687,1158982,6870943,250665,366689,0.0,0.0
2003,KLUI,31167,311,31,19,1197,4712083,17378857,6780223,10598634,1884008,603672,6093020,0,0,0,8,0,0.4446,3936577,8854331,1573942,504321,0.0,0.0
2005,KLUI,31167,311,31,15,444,0,5245027,0,0,0,0,578049,0,0,0,0,0,,,,0,0,0.0,0.0
1991,KLUI,31168,311,31,4,1568,0,159438641,0,0,0,5761883,133906483,132932848,0,0,0,0,,,,0,3674670,0.9927,0.0
2001,KLUI,31168,311,31,7,3243,84920930,6363262392,4255802943,2107459449,6041794,43406096,3669443703,3669443703,0,0,4,0,0.0403,26185917,649848735,1863026,13384550,1.0,0.0
2003,KLUI,31168,311,31,6,4035,158918065,4108722422,3411478664,697243758,589761856,36749101,3084435699,3080231799,20811697,2,3,1,0.2279,39384898,172798949,146161550,9107584,0.9986,0.0051
2005,KLUI,31168,311,31,8,4168,0,8109493907,0,0,0,0,6270157253,5906797309,120671449,3,0,0,,,,0,0,0.942,0.0149
1991,KLUI,31169,311,31,28,2414,0,22329496,0,0,0,994412,12597402,1312670,0,0,0,3,,,,0,411935,0.1042,0.0
2001,KLUI,31169,311,31,59,4594,23345112,536905515,331016991,205888524,22339119,13702424,297987370,12407829,0,0,10,3,0.1134,5081653,44816832,4862673,2982678,0.0416,0.0
2003,KLUI,31169,311,31,31,3528,27069047,325303870,242956748,82347122,9713768,7847970,159726865,8266729,47029332,5,7,3,0.3287,7672632,23341021,2753336,2224481,0.0518,0.1446
2005,KLUI,31169,311,31,36,3363,0,486628925,0,0,0,0,377217729,219932050,126478428,11,0,5,,,,0,0,0.583,0.2599
1991,KLUI,31171,311,31,264,15539,0,318589578,0,0,0,6459537,135496632,222352,0,0,0,0,,,,0,415698,0.0016,0.0
2001,KLUI,31171,311,31,285,26884,178378734,3990953941,2440248909,1550705032,33216607,54318440,2149064775,49736370,0,0,47,2,0.115,6635126,57681336,1235553,2020475,0.0231,0.0
2003,KLUI,31171,311,31,283,28689,234324615,4579303519,3193626896,1385676623,249806551,91629492,2859891173,80530937,21421460,4,47,3,0.1691,8167751,48299928,8707398,3193889,0.0282,0.0047
2005,KLUI,31171,311,31,281,28436,0,3795297337,0,0,0,0,2700295224,59305696,16142737,6,0,3,,,,0,0,0.022,0.0043
1991,KLUI,31179,311,31,316,23347,0,1313014548,0,0,0,7098547,137047165,8041820,0,0,0,3,,,,0,304045,0.0587,0.0
2001,KLUI,31179,311,31,471,42660,297377503,3949859236,2637308714,1312550522,65528113,49783853,2187811046,98384026,0,0,84,11,0.2266,6970874,30767710,1536055,1166991,0.045,0.0
2003,KLUI,31179,311,31,472,45336,331928619,3670742502,2394287122,1276455380,103688588,70992914,2010825039,160076351,121849935,8,88,10,0.26,7321524,28155448,2287114,1565928,0.0796,0.0332
2005,KLUI,31179,311,31,513,47694,0,4314761551,0,0,0,0,2437190803,229774596,184455349,8,0,10,,,,0,0,0.0943,0.0427
1991,KLUI,31181,311,31,68,68960,0,1473986521,0,0,0,56390850,367660103,1193884,0,0,0,1,,,,0,817733,0.0032,0.0
2001,KLUI,31181,311,31,57,58466,942930318,5873796180,2060698671,3813097509,246351158,129443706,1737052064,135486622,0,0,24,1,0.2473,16127840,65219059,4213580,2214000,0.078,0.0
2003,KLUI,31181,311,31,57,58613,691294718,9430026885,4697749611,4732277274,15724561001,865965649,3671326159,70404465,13569016,3,30,1,0.1461,11794222,80737674,268277703,14774293,0.0192,0.0014
2005,KLUI,31181,311,31,56,61390,0,8550721168,0,0,0,0,3664302911,37942360,187815745,5,0,1,,,,0,0,0.0104,0.022
1991,KLUI,31182,311,31,7,265,0,686280,0,0,0,55049,480535,0,0,0,0,0,,,,0,207732,0.0,0.0
2001,KLUI,31182,311,31,8,467,715044,7871974,2059036,5812938,121410,338787,1720178,0,0,0,2,0,0.123,1531143,12447405,259979,725454,0.0,0.0
2003,KLUI,31182,311,31,17,568,836451,4443321,3092679,1350642,106820,173043,2863826,0,0,0,4,0,0.6193,1472625,2377891,188063,304653,0.0,0.0
2005,KLUI,31182,311,31,19,824,0,9372489,0,0,0,0,5982473,0,0,0,0,0,,,,0,0,0.0,0.0
1991,KLUI,31183,311,31,4,139,0,555600,0,0,0,28800,417160,0,0,0,0,0,,,,0,207194,0.0,0.0
2001,KLUI,31183,311,31,18,3067,12588346,244991879,63737079,181254800,11425567,9809053,50546023,3490510,0,0,5,0,0.0695,4104449,59098402,3725323,3198257,0.0691,0.0
2003,KLUI,31183,311,31,3,326,4788733,49886226,36571451,13314775,2142720,3376147,28699430,1822221,0,0,1,0,0.3597,14689365,40842868,6572761,10356279,0.0635,0.0
2005,KLUI,31183,311,31,6,917,0,260773673,0,0,0,0,197373528,8000666,0,0,0,0,,,,0,0,0.0405,0.0
1991,KLUI,31184,311,31,16,1068,0,22444733,0,0,0,404016,11137358,1090273,0,0,0,0,,,,0,378292,0.0979,0.0
2001,KLUI,31184,311,31,16,927,1587297489,73470256,41388226,32082030,277321,2198890,36039528,0,0,0,4,0,49.4762,1712295026,34608447,299160,2372050,0.0,0.0
2003,KLUI,31184,311,31,28,1512,8691419,152455282,102362893,50092389,8534251,8498823,89671822,23051,100105,1,6,0,0.1735,5748293,33129887,5644346,5620915,0.0003,0.0007
2005,KLUI,31184,311,31,22,1537,0,265538390,0,0,0,0,140846582,12526215,0,0,0,0,,,,0,0,0.0889,0.0
1991,KLUI,31189,311,31,3,178,0,4981166,0,0,0,267342,4118932,121548,0,0,0,0,,,,0,1501921,0.0295,0.0
2001,KLUI,31189,311,31,5,125,457192,5832824,1893599,3939225,0,80893,1735127,12585,0,0,0,0,0.1161,3657536,31513800,0,647144,0.0073,0.0
2003,KLUI,31189,311,31,4,93,396827,3670001,2836018,833983,0,92276,2686098,667746,0,0,0,0,0.4758,4266957,8967559,0,992215,0.2486,0.0
2005,KLUI,31189,311,31,5,136,0,5047980,0,0,0,0,2696059,29713,0,0,0,0,,,,0,0,0.011,0.0
1991,KLUI,31191,311,31,6,262,0,22495627,0,0,0,285861,13820317,0,0,0,0,0,,,,0,1091073,0.0,0.0
2001,KLUI,31191,311,31,7,1782,11528466,720059043,695705681,24353362,0,1221678,685902315,2472,0,0,0,1,0.4734,6469397,13666309,0,685566,0.0,0.0
2003,KLUI,31191,311,31,7,2042,2882823,257724515,219945363,37779152,8597313,4153945,203229450,17805,23534345,1,1,1,0.0763,1411764,18501054,4210241,2034253,0.0001,0.0913
2005,KLUI,31191,311,31,9,2071,0,344129472,0,0,0,0,239222305,564195,3688000,1,0,1,,,,0,0,0.0024,0.0107
1991,KLUI,31192,311,31,92,10376,0,247139411,0,0,0,3530629,122254188,12572059,0,0,0,1,,,,0,340269,0.1028,0.0
2001,KLUI,31192,311,31,93,16573,117008773,1774942752,1226261209,548681543,24265282,16389775,996250644,118916607,0,0,18,8,0.2133,7060205,33106954,1464145,988944,0.1194,0.0
2003,KLUI,31192,311,31,85,14414,182526012,2606960268,1903750990,703209278,98766535,24848403,1369788090,219094340,588886130,13,23,11,0.2596,12663106,48786546,6852125,1723908,0.1599,0.2259
2005,KLUI,31192,311,31,83,14196,0,1469554854,0,0,0,0,768247235,130734516,274323233,17,0,11,,,,0,0,0.1702,0.1867
1998,KLUI,31201,312,31,42,7249,4875112,810820214,446195108,364625106,50921942,2646170,372591502,217986475,0,0,14,8,0.0134,672522,50300056,7024685,365039,0.5851,0.0
2000,KLUI,31201,312,31,45,3816,12967581,473312406,338768770,134543636,13501009,1690094,310773698,224270191,151558874,4,6,8,0.0964,3398213,35257766,3538000,442897,0.7217,0.3202
1998,KLUI,31202,312,31,22,3080,3696704,136376894,71507609,64869285,19110703,2752483,58787637,19783585,0,0,6,7,0.057,1200229,21061456,6204774,893663,0.3365,0.0
2000,KLUI,31202,312,31,21,4692,7070069,548997102,297660997,251336105,2484774,2276611,275952923,112460348,46114518,2,3,7,0.0281,1506835,53566945,529577,485211,0.4075,0.084
1991,KLUI,31211,312,31,158,8177,0,115673165,0,0,0,5611342,71303707,250,0,0,0,0,,,,0,686235,0.0,0.0
2001,KLUI,31211,312,31,127,9848,40756555,763632519,614348146,149284373,15524220,56628463,527558912,0,0,0,28,1,0.273,4138562,15158852,1576383,5750250,0.0,0.0
2003,KLUI,31211,312,31,140,10762,53848533,955513977,775140245,180373732,34985954,101036874,625293220,0,39512340,16,33,1,0.2985,5003580,16760243,3250878,9388299,0.0,0.0414
2005,KLUI,31211,312,31,133,10104,0,1125656972,0,0,0,0,758284263,248601,62146077,12,0,1,,,,0,0,0.0003,0.0552
1991,KLUI,31212,312,31,18,771,0,29956576,0,0,0,2475183,20358355,0,0,0,0,0,,,,0,3210354,0.0,0.0
2001,KLUI,31212,312,31,22,1897,6099221,79599027,68824336,10774691,34580800,2293306,51899746,0,0,0,5,0,0.5661,3215193,5679858,18229204,1208912,0.0,0.0
2003,KLUI,31212,312,31,35,1038,2640129,23787843,16865463,6922380,1898790,461149,15155749,36965,0,0,9,0,0.3814,2543477,6668960,1829277,444267,0.0024,0.0
2005,KLUI,31212,312,31,26,1590,0,35737177,0,0,0,0,37357983,32716,12837649,1,0,0,,,,0,0,0.0009,0.3592
1991,KLUI,31219,312,31,6,247,0,5846857,0,0,0,43356,886313,93135,0,0,0,1,,,,0,175530,0.1051,0.0
2001,KLUI,31219,312,31,6,223,765297,4855843,2831003,2024840,0,119472,2482327,90493,0,0,0,0,0.378,3431825,9080000,0,535749,0.0365,0.0
2003,KLUI,31219,312,31,7,498,7561398,68366478,58173211,10193267,841592,5640890,48390187,10778089,43675996,3,1,1,0.7418,15183530,20468408,1689944,11327088,0.2227,0.6389
2005,KLUI,31219,312,31,9,476,0,32072379,0,0,0,0,17261017,1514142,0,0,0,1,,,,0,0,0.0877,0.0
1991,KLUI,31221,312,31,147,71258,0,292097036,0,0,0,20347485,118853043,0,0,0,0,6,,,,0,285547,0.0,0.0
2001,KLUI,31221,312,31,1,21,99550,3294000,939900,2354100,0,247000,648000,0,0,0,0,0,0.0423,4740476,112100000,0,11761905,0.0,0.0
2003,KLUI,31221,312,31,185,51844,277271341,3291594601,2078975525,1212619076,14761876276,148262499,1752010418,93461923,664378669,41,46,8,0.2287,5348186,23389767,284736445,2859781,0.0533,0.2018
2005,KLUI,31221,312,31,190,40374,0,3358034906,0,0,0,0,2018516984,27124125,719052160,52,0,8,,,,0,0,0.0134,0.2141
1991,KLUI,31222,312,31,35,1657,0,49975150,0,0,0,1531360,26756075,230156,0,0,0,1,,,,0,924176,0.0086,0.0
2001,KLUI,31222,312,31,192,54509,268295422,2504830677,1694944564,809886113,100373022,87142751,1320418618,27567395,0,0,51,7,0.3313,4922039,14857842,1841403,1598686,0.0209,0.0
1991,KLUI,31231,312,31,162,6012,0,49517677,0,0,0,8328199,2174740,1080,0,0,0,1,,,,0,1385263,0.0005,0.0
2001,KLUI,31231,312,31,1,56,432337,4902738,2608046,2294692,3775503,217706,150675,0,0,0,1,0,0.1884,7720304,40976643,67419696,3887607,0.0,0.0
2003,KLUI,31231,312,31,152,5973,38534847,261621646,178746213,82875433,1117035924,25513728,59518746,1079682,0,0,42,1,0.465,6451506,13875010,187014218,4271510,0.0181,0.0
2005,KLUI,31231,312,31,153,5605,0,275621444,0,0,0,0,61539422,65686,0,0,0,2,,,,0,0,0.0011,0.0
1991,KLUI,31232,312,31,4,159,0,795655,0,0,0,153545,242967,0,0,0,0,0,,,,0,965692,0.0,0.0
2001,KLUI,31232,312,31,167,6460,32182904,206965868,111671251,95294617,23711963,21780439,15284978,473144,0,0,37,1,0.3377,4981874,14751489,3670583,3371585,0.031,0.0
1991,KLUI,31241,312,31,76,5785,0,62379500,0,0,0,2320127,27313338,300431,0,0,0,1,,,,0,401059,0.011,0.0
2001,KLUI,31241,312,31,1,25,115362,558724,422006,136718,0,7686,413318,0,0,0,0,0,0.8438,4614480,5468720,0,307440,0.0,0.0
2003,KLUI,31241,312,31,68,6610,66823702,1603054280,971054697,631999583,30323408,18162855,778998641,187060959,738726704,1,12,3,0.1057,10109486,95612645,4587505,2747784,0.2401,0.4608
2005,KLUI,31241,312,31,79,6854,0,1704658482,0,0,0,0,845054413,112071052,48760912,1,0,1,,,,0,0,0.1326,0.0286
1991,KLUI,31242,312,31,4,126,0,951381,0,0,0,11499,648318,157343,0,0,0,0,,,,0,91262,0.2427,0.0
2001,KLUI,31242,312,31,69,6738,55663715,1665349202,1244776050,420573152,128948006,24819559,743507382,46889883,0,0,9,2,0.1324,8261163,62418099,19137430,3683520,0.0631,0.0
2001,KLUI,31243,312,31,1,20,73200,421200,298230,122970,0,900,297180,0,0,0,0,0,0.5953,3660000,6148500,0,45000,0.0,0.0
2003,KLUI,31243,312,31,96,3545,21252952,159578432,109498592,50079840,3544625,6254244,99872626,21264755,0,0,14,0,0.4244,5995191,14126894,999894,1764244,0.2129,0.0
2005,KLUI,31243,312,31,96,3325,0,187645980,0,0,0,0,120032285,24694644,0,0,0,0,,,,0,0,0.2057,0.0
1991,KLUI,31244,312,31,1,26,0,331488,0,0,0,50,295576,0,0,0,0,0,,,,0,1923,0.0,0.0
2001,KLUI,31244,312,31,1,27,153360,1103825,796886,306939,0,47926,739560,0,0,0,0,0,0.4996,5680000,11368111,0,1775037,0.0,0.0
1991,KLUI,31245,312,31,62,2206,0,34092011,0,0,0,1631799,24651800,134349,0,0,0,0,,,,0,739709,0.0054,0.0
2001,KLUI,31245,312,31,105,3497,16748682,168573652,118800356,49773296,1719010,4691018,111099665,10177382,0,0,13,0,0.3365,4789443,14233142,491567,1341441,0.0916,0.0
1991,KLUI,31246,312,31,1,29,0,135710,0,0,0,10000,100290,0,0,0,0,0,,,,0,344828,0.0,0.0
2001,KLUI,31246,312,31,1,52,840500,282725,146660,136065,1000,15580,120870,0,0,0,1,0,6.1772,16163462,2616635,19231,299615,0.0,0.0
2003,KLUI,31246,312,31,59,9491,44590640,383738517,263949125,119789392,4915416,15487174,216745602,5681826,21962870,6,11,0,0.3722,4698203,12621367,517903,1631775,0.0262,0.0572
2005,KLUI,31246,312,31,53,10267,0,770819768,0,0,0,0,421919436,64781551,60355823,5,0,0,,,,0,0,0.1535,0.0783
1991,KLUI,31249,312,31,73,6226,0,33875075,0,0,0,1291326,23965299,48960,0,0,0,0,,,,0,207409,0.002,0.0
2001,KLUI,31249,312,31,61,6493,23881731,192051414,120856044,71195370,24145353,3329782,100586735,423583,0,0,11,0,0.3354,3678073,10964942,3718674,512826,0.0042,0.0
1991,KLUI,31251,312,31,329,12331,0,60911501,0,0,0,1642234,39784685,4533,0,0,0,1,,,,0,133179,0.0001,0.0
2001,KLUI,31251,312,31,1,37,153090,586600,126837,459763,0,15579,107390,0,0,0,0,0,0.333,4137568,12426027,0,421054,0.0,0.0
2003,KLUI,31251,312,31,489,19058,79181739,427474569,275376371,152098198,16513445,12898302,242945879,354209,19453777,9,109,0,0.5206,4154777,7980806,866484,676792,0.0015,0.0455
2005,KLUI,31251,312,31,544,21355,0,657312676,0,0,0,0,375439332,243832,60153702,12,0,0,,,,0,0,0.0006,0.0915
1991,KLUI,31252,312,31,31,1164,0,5888231,0,0,0,159261,3955144,0,0,0,0,0,,,,0,136822,0.0,0.0
2001,KLUI,31252,312,31,515,19693,71736267,406722450,269564299,137158151,8885973,12246158,235613696,146782,0,0,103,1,0.523,3642729,6964817,451225,621853,0.0006,0.0
1991,KLUI,31261,312,31,11,1554,0,76914885,0,0,0,2920855,45210180,10570551,0,0,0,1,,,,0,1879572,0.2338,0.0
2001,KLUI,31261,312,31,1,188,3436321,18052531,15686450,2366081,381096,5138,13768759,0,0,0,1,1,1.4523,18278303,12585537,2027106,27330,0.0,0.0
2003,KLUI,31261,312,31,39,10558,158822005,5135349669,2914947184,2220402485,154206035,147292613,2226631017,662186869,584541615,7,11,8,0.0715,15042812,210305217,14605610,13950806,0.2974,0.1138
2005,KLUI,31261,312,31,42,8117,0,5789454285,0,0,0,0,2220991729,450721873,890627581,11,0,8,,,,0,0,0.2029,0.1538
1991,KLUI,31262,312,31,12,4638,0,351291084,0,0,0,18032812,117248086,4494944,0,0,0,4,,,,0,3888058,0.0383,0.0
2001,KLUI,31262,312,31,36,6369,104979185,2220649602,1704344918,516304684,35193548,141390789,1122907967,59478095,0,0,6,7,0.2033,16482836,81065267,5525757,22199841,0.053,0.0
1991,KLUI,31271,312,31,24,796,0,2631510,0,0,0,70311,1401190,0,0,0,0,0,,,,0,88330,0.0,0.0
2001,KLUI,31271,312,31,1,22,116866,1140518,838964,301554,0,9043,703096,0,0,0,0,0,0.3875,5312091,13707000,0,411045,0.0,0.0
2003,KLUI,31271,312,31,174,11730,70616658,540590607,264810502,275780105,44078666,11796854,214925064,34825629,80965429,6,28,2,0.2561,6020175,23510665,3757772,1005699,0.162,0.1498
2005,KLUI,31271,312,31,182,11521,0,557887920,0,0,0,0,315476219,33124682,6419619,2,0,1,,,,0,0,0.105,0.0115
1991,KLUI,31272,312,31,39,1514,0,8421126,0,0,0,264137,4857110,0,0,0,0,0,,,,0,174463,0.0,0.0
2001,KLUI,31272,312,31,54,2771,9165446,67217343,34589994,32627349,1696924,1295919,24184612,342154,0,0,18,1,0.2809,3307631,11774576,612387,467672,0.0141,0.0
2003,KLUI,31272,312,31,56,3206,15770137,131616697,95816868,35799829,9387768,5209897,82439775,4760327,71470,1,9,1,0.4405,4918945,11166509,2928187,1625046,0.0577,0.0005
2005,KLUI,31272,312,31,63,4343,0,231792588,0,0,0,0,142745978,263232,12600,1,0,1,,,,0,0,0.0018,0.0001
1991,KLUI,31279,312,31,109,5500,0,48944182,0,0,0,4199333,22772689,6159482,0,0,0,1,,,,0,763515,0.2705,0.0
2001,KLUI,31279,312,31,184,13096,63357825,774992930,518839345,256153585,24297487,6330827,464226849,66217612,0,0,29,4,0.2473,4837952,19559681,1855337,483417,0.1426,0.0
1991,KLUI,31281,312,31,74,14359,0,1187304239,0,0,0,9172101,820376680,255668235,0,0,0,8,,,,0,638770,0.3116,0.0
2001,KLUI,31281,312,31,51,10685,115626871,7236330450,5493380726,1742949724,81144869,26669210,5039616220,2347988653,0,0,12,8,0.0663,10821420,163121172,7594279,2495949,0.4659,0.0
2003,KLUI,31281,312,31,62,9829,174070605,10363623285,8235427839,2128195446,2508138643,48336932,7759593607,3376993122,33933708,7,23,12,0.0818,17709900,216522072,255177398,4917787,0.4352,0.0033
2005,KLUI,31281,312,31,63,10900,0,14858132288,0,0,0,0,11936262675,4400568345,312715562,8,0,10,,,,0,0,0.3687,0.021
1991,KLUI,31282,312,31,15,1482,0,143432711,0,0,0,4070890,47518281,7928813,0,0,0,1,,,,0,2746889,0.1669,0.0
2001,KLUI,31282,312,31,22,2333,40017400,2385428508,1992838045,392590463,7554549,20107859,1255777659,623761960,0,0,5,5,0.1019,17152765,168277095,3238126,8618885,0.4967,0.0
2003,KLUI,31282,312,31,17,2406,32462970,2140467385,1785151380,355316005,11715174,23101436,1685294299,529658401,4931036,1,9,5,0.0914,13492506,147679138,4869150,9601594,0.3143,0.0023
2005,KLUI,31282,312,31,18,1926,0,1849695254,0,0,0,0,1476873435,726594824,14647629,2,0,4,,,,0,0,0.492,0.0079
1998,KLUI,31300,313,31,57,17615,29940918,2338555755,1779025357,559530398,141856119,9514192,1502895279,832793643,48087456,2,23,20,0.0535,1699740,31764428,8053143,540119,0.5541,0.0206
2000,KLUI,31300,313,31,60,19701,49869122,3539591790,2429343177,1110248613,43155217,75328834,2080932554,1062791373,476704710,12,11,19,0.0449,2531299,56354937,2190509,3823605,0.5107,0.1347
1991,KLUI,31310,313,31,4,218,0,1941259,0,0,0,37621,552954,0,0,0,0,0,,,,0,172573,0.0,0.0
2001,KLUI,31310,313,31,9,688,6111774,24312157,11535360,12776797,960000,215850,9997647,0,0,0,1,0,0.4783,8883392,18570926,1395349,313735,0.0,0.0
2003,KLUI,31310,313,31,11,797,6336259,26271510,13113132,13158378,1700000,1014315,10835155,0,302491,1,2,0,0.4815,7950137,16509885,2132999,1272666,0.0,0.0115
2005,KLUI,31310,313,31,8,619,0,11805901,0,0,0,0,3213151,0,0,0,0,0,,,,0,0,0.0,0.0
1991,KLUI,31320,313,31,13,1322,0,41574197,0,0,0,351628,21575734,24892,0,0,0,0,,,,0,265982,0.0012,0.0
2001,KLUI,31320,313,31,10,1185,10424374,43334371,19257955,24076416,133877,258127,10773505,1838667,0,0,2,0,0.433,8796940,20317651,112976,217829,0.1707,0.0
2003,KLUI,31320,313,31,6,527,6956710,37985933,25982553,12003380,389447,531189,16118572,0,0,0,3,0,0.5796,13200588,22776812,738989,1007949,0.0,0.0
2005,KLUI,31320,313,31,12,913,0,131220388,0,0,0,0,70932316,0,141406,1,0,0,,,,0,0,0.0,0.0011
1991,KLUI,31330,313,31,9,1902,0,194866333,0,0,0,1970773,23457160,18853617,0,0,0,5,,,,0,1036158,0.8037,0.0
2001,KLUI,31330,313,31,5,1308,44013006,243572187,188163400,55408787,52273343,7398015,136284358,51534767,0,0,2,3,0.7943,33649087,42361458,39964330,5655975,0.3781,0.0
2003,KLUI,31330,313,31,3,1022,12844600,149715985,126639797,23076188,25888264,8867484,53857877,52203228,0,0,1,2,0.5566,12568102,22579440,25330982,8676599,0.9693,0.0
2005,KLUI,31330,313,31,4,1085,0,229815233,0,0,0,0,147848464,121822839,730493,1,0,2,,,,0,0,0.824,0.0032
1991,KLUI,31340,313,31,109,12550,0,314137099,0,0,0,5686378,87520469,1334960,0,0,0,3,,,,0,453098,0.0153,0.0
2001,KLUI,31340,313,31,201,19896,120757945,2056506245,1202838052,853668193,189253919,34069634,970844177,126465014,0,0,42,20,0.1415,6069458,42906524,9512159,1712386,0.1303,0.0
2003,KLUI,31340,313,31,211,23018,231420231,3553933691,1612459279,1941474412,533971937,78687929,1169598836,209164495,153629671,6,61,25,0.1192,10053881,84345921,23198016,3418539,0.1788,0.0432
2005,KLUI,31340,313,31,247,27856,0,5269976322,0,0,0,0,2216225853,486872577,174125766,8,0,22,,,,0,0,0.2197,0.033
1998,KLUI,31401,314,31,13,6776,47870654,1756256860,1159746249,596510611,28291763,4924418,829133063,642972331,0,0,6,6,0.0803,7064736,88032853,4175290,726744,0.7755,0.0
2000,KLUI,31401,314,31,11,6430,58139950,11025255007,6604161980,4421093027,1840383,7140723,1543142784,877193165,8328746280,4,1,6,0.0132,9041983,687572788,286218,1110532,0.5684,0.7554
1998,KLUI,31402,314,31,19,3815,8938901,577986243,464640078,113346165,50093061,4553199,430903192,287501605,0,0,5,3,0.0789,2343093,29710659,13130553,1193499,0.6672,0.0
2000,KLUI,31402,314,31,21,4364,14099538,1392690950,753444881,639246069,3033274,7969386,702547070,450204559,71827443,5,2,4,0.0221,3230875,146481684,695067,1826165,0.6408,0.0516
1991,KLUI,31410,314,31,691,31032,0,95171229,0,0,0,3919302,54754528,223786,0,0,0,2,,,,0,126299,0.0041,0.0
2001,KLUI,31410,314,31,509,33290,58900961,857669927,402630819,455039108,17255654,13056819,376791463,53098691,0,0,93,0,0.1294,1769329,13668943,518343,392214,0.1409,0.0
2003,KLUI,31410,314,31,486,33845,140853017,1203862535,787321565,416540970,79559420,14439493,705147440,37234266,197487845,11,102,3,0.3381,4161708,12307312,2350699,426636,0.0528,0.164
2005,KLUI,31410,314,31,478,30741,0,1765929624,0,0,0,0,1481228964,29189550,91693435,9,0,1,,,,0,0,0.0197,0.0519
1991,KLUI,31420,314,31,129,132379,0,4597566118,0,0,0,16402463,1388571732,73641830,0,0,0,0,,,,0,123905,0.053,0.0
2001,KLUI,31420,314,31,175,161788,933879318,24823831371,12038241974,12785589397,64603766,48297624,10742804369,328234217,0,0,33,3,0.073,5772241,79026809,399311,298524,0.0306,0.0
2003,KLUI,31420,314,31,197,164018,1442649764,24981074879,9193662629,15787412250,3042224239,63461841,7811217171,948263050,8347564,1,63,1,0.0914,8795680,96254144,18548112,386920,0.1214,0.0003
2005,KLUI,31420,314,31,266,219827,0,50484784852,0,0,0,0,13883438910,1312957081,1790879337,3,0,2,,,,0,0,0.0946,0.0355
1991,KLUI,31430,314,31,10,4170,0,397761178,0,0,0,1902204,178783861,69144977,0,0,0,2,,,,0,456164,0.3868,0.0
2001,KLUI,31430,314,31,11,4979,56534512,17053896194,13899695403,3154200791,7664715,49948700,12788151425,6449366213,0,0,3,1,0.0179,11354592,633500862,1539409,10031874,0.5043,0.0
2003,KLUI,31430,314,31,8,5002,67776087,1237172187,760636636,476535551,12729053,8588919,729760462,228718367,555239872,3,6,1,0.1422,13549797,95269003,2544793,1717097,0.3134,0.4488
2005,KLUI,31430,314,31,7,2954,0,3014113344,0,0,0,0,1252963192,583336834,896088086,2,0,1,,,,0,0,0.4656,0.2973
1991,KLUI,31440,314,31,30,2969,0,11242075,0,0,0,100747,6754164,1061206,0,0,0,0,,,,0,33933,0.1571,0.0
2001,KLUI,31440,314,31,35,7943,22889308,322530742,212363260,110167482,4436611,1396876,206559999,244750,0,0,5,0,0.2078,2881696,13869757,558556,175863,0.0012,0.0
2003,KLUI,31440,314,31,27,10482,117413380,1575850829,15138921,1560711908,331297,380959,13611527,1368,0,0,4,0,0.0752,11201429,148894477,31606,36344,0.0001,0.0
2005,KLUI,31440,314,31,26,6083,0,115144366,0,0,0,0,47107093,209197,0,0,0,2,,,,0,0,0.0044,0.0
1991,KLUI,31490,314,31,25,3554,0,478975323,0,0,0,1488918,466190801,27523817,0,0,0,0,,,,0,418941,0.059,0.0
2001,KLUI,31490,314,31,28,1875,8406832,333439488,173151015,160288473,0,1012284,168638991,50906292,0,0,0,1,0.0524,4483644,85487186,0,539885,0.3019,0.0
2003,KLUI,31490,314,31,22,1505,9003279,164492994,115543066,48949928,0,1766835,109619003,40414366,35628204,1,0,1,0.1839,5982245,32524869,0,1173977,0.3687,0.2166
2005,KLUI,31490,314,31,27,1666,0,162178435,0,0,0,0,121969441,16559115,9131949,1,0,1,,,,0,0,0.1358,0.0563
1998,KLUI,31501,315,31,14,7094,2742685,679177564,503629369,175548195,15074862,17008384,433375971,131859881,0,0,3,5,0.0156,386620,24746010,2125016,2397573,0.3043,0.0
2000,KLUI,31501,315,31,14,5470,12108217,726159688,374803280,351356408,98568965,23928241,312918499,26882661,341333973,4,5,3,0.0345,2213568,64233347,18019920,4374450,0.0859,0.4701
1998,KLUI,31502,315,31,2,457,0,62214497,41356167,20858330,24067,1522811,29955361,26277839,16189756,1,1,1,,,45641860,52663,3332190,0.8772,0.2602
2000,KLUI,31502,315,31,3,2418,3899796,315061798,167321863,147739935,3435369,2950224,71133692,50329584,142438523,2,2,3,0.0264,1612819,61100056,1420748,1220109,0.7075,0.4521
1998,KLUI,31509,315,31,10,1299,699540,164625227,132585383,32039844,326978,701287,123994332,42451012,102044481,1,2,1,0.0218,538522,24665007,251715,539867,0.3424,0.6199
2000,KLUI,31509,315,31,13,1757,672393,217878188,90995179,126883009,975000,1468124,71596120,19299389,7013306,1,1,2,0.0053,382694,72215714,554923,835586,0.2696,0.0322
1998,KLUI,31900,319,31,14,2790,1823922,173178210,116993788,56184422,4874222,2453263,94240854,54779961,0,0,7,3,0.0325,653735,20137786,1747033,879306,0.5813,0.0
2000,KLUI,31900,319,31,17,8850,7631159,290949441,175593093,115356348,4635061,4796144,140808803,96179232,25849640,2,5,4,0.0662,862278,13034616,523736,541937,0.683,0.0888
1998,KLUI,32100,321,32,76,34406,40319160,6647843338,4834719987,1813123351,355947549,6755061,4504913921,3927685702,0,0,34,47,0.0222,1171864,52697883,10345508,196334,0.8719,0.0
2000,KLUI,32100,321,32,124,75180,199783510,25681823234,16033711918,9648111316,330874818,31559743,14504946670,12135520540,12333856076,49,23,81,0.0207,2657402,128333484,4401102,419789,0.8366,0.4803
1991,KLUI,32111,321,32,135,114372,0,3579772183,0,0,0,76445451,2125824178,998965768,0,0,0,23,,,,0,668393,0.4699,0.0
2001,KLUI,32111,321,32,157,114025,1097712528,21230764815,16457618317,4773146498,312929061,507826069,13127657699,5827544951,0,0,37,23,0.23,9626946,41860526,2744390,4453638,0.4439,0.0
2003,KLUI,32111,321,32,163,101953,1068933267,20747397505,15621308025,5126089480,635278405,1101119141,12758383322,7074767398,2460984821,27,41,26,0.2085,10484569,50278947,6231091,10800262,0.5545,0.1186
2005,KLUI,32111,321,32,144,112526,0,34574123994,0,0,0,0,24769809995,14273788813,4959721206,40,0,32,,,,0,0,0.5763,0.1435
1991,KLUI,32112,321,32,18,3535,0,50397283,0,0,0,908198,32376545,7490722,0,0,0,3,,,,0,256916,0.2314,0.0
2001,KLUI,32112,321,32,19,7830,38868985,393534787,294681493,98853294,2212010,6665531,266044688,52668175,0,0,3,5,0.3932,4964110,12624942,282504,851281,0.198,0.0
2003,KLUI,32112,321,32,16,4913,101596351,1079042563,941939970,137102593,2002599,57488699,838758517,213645814,0,0,3,5,0.741,20679086,27906084,407612,11701343,0.2547,0.0
2005,KLUI,32112,321,32,17,3902,0,421630599,0,0,0,0,305357891,89119028,50764294,4,0,5,,,,0,0,0.2919,0.1204
1991,KLUI,32113,321,32,8,1243,0,23732141,0,0,0,1163412,15720367,2141300,0,0,0,0,,,,0,935971,0.1362,0.0
2001,KLUI,32113,321,32,36,14227,113948672,3391695475,2686908124,704787351,28881558,99584634,1865929560,542860454,0,0,9,7,0.1617,8009325,49538719,2030053,6999693,0.2909,0.0
2003,KLUI,32113,321,32,35,12642,170387295,2656262026,1903756207,752505819,98440502,41150564,1299064438,277157414,467491116,8,12,7,0.2264,13477875,59524270,7786782,3255068,0.2134,0.176
2005,KLUI,32113,321,32,33,16464,0,3422413571,0,0,0,0,2173850066,506694440,1624830445,13,0,2,,,,0,0,0.2331,0.4748
1991,KLUI,32114,321,32,600,190626,0,3943729173,0,0,0,116852605,2403322578,425803930,0,0,0,15,,,,0,612994,0.1772,0.0
2001,KLUI,32114,321,32,435,213340,1158913290,19093970747,13816267935,5277702812,631234723,664107812,10533163149,2951565424,0,0,75,17,0.2196,5432236,24738459,2958820,3112908,0.2802,0.0
2003,KLUI,32114,321,32,426,165154,1287846512,22390432983,14301683166,8088749817,754627523,1230902622,10456197836,1650538916,1836763821,37,90,22,0.1592,7797852,48977014,4569236,7453060,0.1579,0.082
2005,KLUI,32114,321,32,486,151364,0,22179882497,0,0,0,0,11875070679,2545265017,4583883700,68,0,21,,,,0,0,0.2143,0.2067
1991,KLUI,32115,321,32,70,12492,0,167879483,0,0,0,12928993,51952694,2973827,0,0,0,6,,,,0,1034982,0.0572,0.0
2001,KLUI,32115,321,32,137,32336,260146698,2856875956,1982293895,874582061,200433804,98410204,1543550577,399213867,0,0,23,11,0.2975,8045111,27046699,6198472,3043364,0.2586,0.0
2003,KLUI,32115,321,32,173,54664,568747664,6624203857,4249739627,2374464230,132471494,302424788,3215069197,585089946,961453109,19,35,11,0.2395,10404428,43437440,2423377,5532431,0.182,0.1451
2005,KLUI,32115,321,32,159,46501,0,5893714834,0,0,0,0,3975609358,1085556359,1930106567,21,0,12,,,,0,0,0.2731,0.3275
1991,KLUI,32116,321,32,51,11786,0,253345616,0,0,0,7412079,129645799,5536260,0,0,0,1,,,,0,628888,0.0427,0.0
2001,KLUI,32116,321,32,98,30004,189174050,2990076591,1976053693,1014022898,58900507,112023894,1645712480,93102048,0,0,23,4,0.1866,6304961,33796257,1963088,3733632,0.0566,0.0
2003,KLUI,32116,321,32,72,16390,156463924,1598078530,1007541430,590537100,74683299,91459096,788605879,213422035,235181816,7,14,3,0.265,9546304,36030329,4556638,5580177,0.2706,0.1472
2005,KLUI,32116,321,32,65,21791,0,2715501721,0,0,0,0,1168749869,218535848,1261840666,7,0,2,,,,0,0,0.187,0.4647
1991,KLUI,32117,321,32,231,12454,0,104493843,0,0,0,1247101,75944658,4728019,0,0,0,3,,,,0,100137,0.0623,0.0
2001,KLUI,32117,321,32,140,5045,16712072,106698428,64371314,42327114,936798,1979056,56829850,4819145,0,0,53,0,0.3948,3312601,8389914,185688,392281,0.0848,0.0
2003,KLUI,32117,321,32,165,7658,30408467,243644993,148046645,95598348,2717918,3854763,136548472,5772045,31723294,13,55,0,0.3181,3970811,12483461,354912,503364,0.0423,0.1302
2005,KLUI,32117,321,32,195,7932,0,187821646,0,0,0,0,124162736,6260007,14823204,12,0,0,,,,0,0,0.0504,0.0789
1991,KLUI,32121,321,32,165,19279,0,186130054,0,0,0,5022050,120030274,11352897,0,0,0,2,,,,0,260493,0.0946,0.0
2001,KLUI,32121,321,32,162,20329,110241786,640996764,386436745,254560019,3420676,23273779,313973540,52932933,0,0,18,6,0.4331,5422883,12522014,168266,1144856,0.1686,0.0
2003,KLUI,32121,321,32,146,22277,157825249,2563265521,1544485905,1018779616,35885889,24869667,1380233427,515870282,192954018,21,31,9,0.1549,7084672,45732352,1610894,1116383,0.3738,0.0753
2005,KLUI,32121,321,32,157,23441,0,3870131250,0,0,0,0,2531561018,923119622,461875883,23,0,4,,,,0,0,0.3646,0.1193
1991,KLUI,32122,321,32,21,1676,0,24283838,0,0,0,297635,15131810,6234303,0,0,0,0,,,,0,177587,0.412,0.0
2001,KLUI,32122,321,32,29,2580,11853830,164958823,116278170,48680653,487295,1536013,105957464,40605935,0,0,6,2,0.2435,4594508,18868470,188874,595354,0.3832,0.0
2003,KLUI,32122,321,32,26,2542,16168162,242554954,205065062,37489892,9639449,2573127,186358415,91291067,28884581,1,2,2,0.4313,6360410,14748187,3792073,1012245,0.4899,0.1191
2005,KLUI,32122,321,32,31,2942,0,250168573,0,0,0,0,180007729,79717539,34602588,2,0,2,,,,0,0,0.4429,0.1383
1991,KLUI,32123,321,32,8,6470,0,43112991,0,0,0,1290076,27576778,23143689,0,0,0,0,,,,0,199394,0.8392,0.0
2001,KLUI,32123,321,32,4,899,7414525,35154783,27816563,7338220,2823034,278799,7878235,0,0,0,2,0,1.0104,8247525,8162647,3140194,310121,0.0,0.0
2003,KLUI,32123,321,32,2,1062,11928532,32018014,10209501,21808513,0,323336,7392090,5306672,4466991,1,0,0,0.547,11232139,20535323,0,304460,0.7179,0.1395
2005,KLUI,32123,321,32,3,1037,0,36402555,0,0,0,0,20425693,9925049,7756483,1,0,0,,,,0,0,0.4859,0.2131
1991,KLUI,32129,321,32,4,1035,0,9977349,0,0,0,92819,6800979,4326985,0,0,0,0,,,,0,89680,0.6362,0.0
2001,KLUI,32129,321,32,10,1587,6092952,53803285,45168500,8634785,2020889,1733877,38197656,2132391,0,0,2,0,0.7056,3839289,5440948,1273402,1092550,0.0558,0.0
2003,KLUI,32129,321,32,10,1191,3622857,69087106,3474418,65612688,386394,203718,2827053,245956,0,0,1,0,0.0552,3041861,55090418,324428,171048,0.087,0.0
2005,KLUI,32129,321,32,2,636,0,2610229,0,0,0,0,0,0,0,0,0,0,,,,0,0,,0.0
1991,KLUI,32130,321,32,223,53155,0,1002722195,0,0,0,20935040,631992908,9982099,0,0,0,3,,,,0,393849,0.0158,0.0
2001,KLUI,32130,321,32,347,101358,720106710,6865099416,4569738643,2295360773,400244145,118297784,3855553898,1680578766,0,0,58,26,0.3137,7104587,22646074,3948817,1167128,0.4359,0.0
2003,KLUI,32130,321,32,287,83251,779861069,7350909943,5027117451,2323792492,369727184,154964914,4132700465,1807557748,1093040909,31,44,17,0.3356,9367588,27913088,4441114,1861418,0.4374,0.1487
2005,KLUI,32130,321,32,249,81211,0,9604491847,0,0,0,0,4962492387,2645555802,1267433600,38,0,13,,,,0,0,0.5331,0.132
1991,KLUI,32140,321,32,10,1840,0,64116267,0,0,0,311867,37088720,26785273,0,0,0,2,,,,0,169493,0.7222,0.0
2001,KLUI,32140,321,32,14,1923,15750235,238092637,154347846,83744791,9114675,2656351,134474123,59133520,0,0,2,2,0.1881,8190450,43549033,4739821,1381358,0.4397,0.0
2003,KLUI,32140,321,32,18,6113,28072620,250079709,188402119,61677590,21235098,3947429,147684042,59420609,54401481,4,4,3,0.4552,4592282,10089578,3473761,645743,0.4023,0.2175
2005,KLUI,32140,321,32,27,7893,0,367894437,0,0,0,0,249700768,139812890,194096993,5,0,2,,,,0,0,0.5599,0.5276
1991,KLUI,32151,321,32,25,5735,0,50338162,0,0,0,777871,28749084,15804279,0,0,0,0,,,,0,135636,0.5497,0.0
2001,KLUI,32151,321,32,9,504,3561318,19068876,15699284,3369592,800000,177511,15026661,259293,0,0,1,1,1.0569,7066107,6685698,1587302,352204,0.0173,0.0
2003,KLUI,32151,321,32,5,3139,35508765,126361087,88461844,37899243,4612778,1484219,77116182,15670573,5334720,2,2,1,0.9369,11312126,12073668,1469506,472832,0.2032,0.0422
2005,KLUI,32151,321,32,9,561,0,41809112,0,0,0,0,28613106,8854952,11531480,1,0,0,,,,0,0,0.3095,0.2758
1991,KLUI,32152,321,32,18,3291,0,48239340,0,0,0,556105,28739279,14477859,0,0,0,1,,,,0,168978,0.5038,0.0
2001,KLUI,32152,321,32,28,6488,54164481,339328272,245144314,94183958,32250981,6290399,188528212,65607145,0,0,5,3,0.5751,8348410,14516640,4970866,969544,0.348,0.0
2003,KLUI,32152,321,32,18,5136,40581302,180733643,105423925,75309718,17786386,3633244,80845214,20644337,9934610,1,4,2,0.5389,7901344,14663107,3463081,707407,0.2554,0.055
2005,KLUI,32152,321,32,22,2830,0,199139163,0,0,0,0,139634311,53643861,5082124,2,0,1,,,,0,0,0.3842,0.0255
1991,KLUI,32160,321,32,80,4156,0,15513436,0,0,0,244602,10520899,31000,0,0,0,0,,,,0,58855,0.0029,0.0
2001,KLUI,32160,321,32,55,3115,5685220,43137195,33424413,9712782,136077,324248,30196377,0,0,0,7,0,0.5853,1825111,3118068,43684,104092,0.0,0.0
2003,KLUI,32160,321,32,59,2551,6944739,52411146,40397492,12013654,104500,364438,39258728,0,0,0,4,0,0.5781,2722359,4709390,40964,142861,0.0,0.0
2005,KLUI,32160,321,32,81,3600,0,81683907,0,0,0,0,62874949,20973,107600,1,0,0,,,,0,0,0.0003,0.0013
1991,KLUI,32190,321,32,15,2478,0,287803280,0,0,0,7768780,141346250,133508441,0,0,0,0,,,,0,3135101,0.9445,0.0
2001,KLUI,32190,321,32,110,19212,161674121,1653144337,1209608277,443536060,124075273,46577652,910938558,277704652,0,0,29,11,0.3645,8415268,23086407,6458217,2424404,0.3049,0.0
2003,KLUI,32190,321,32,175,16805,128545660,872753525,593089500,279664025,22456991,16262638,473278786,176116349,163482899,9,27,5,0.4596,7649251,16641715,1336328,967726,0.3721,0.1873
2005,KLUI,32190,321,32,185,17588,0,953718368,0,0,0,0,547578570,122880964,149927963,9,0,8,,,,0,0,0.2244,0.1572
1998,KLUI,32200,322,32,19,9073,10745489,3040743009,1930334307,1110408702,650896087,1481662,1836117036,1776819190,3067738750,1,5,5,0.0097,1184337,122386058,71739897,163305,0.9677,1.0089
2000,KLUI,32200,322,32,13,14758,3261806,1840061119,919282982,920778137,48410185,10692935,812286359,755408888,365065105,2,1,3,0.0035,221020,62391797,3280267,724552,0.93,0.1984
1991,KLUI,32210,322,32,1539,258240,0,2637396609,0,0,0,15567076,1516708069,465504685,0,0,0,45,,,,0,60281,0.3069,0.0
2001,KLUI,32210,322,32,1868,447087,3318330113,24013419754,15834746537,8178673217,1914532802,227091670,13186482053,5585060490,0,0,296,119,0.4057,7422113,18293248,4282238,507936,0.4235,0.0
2003,KLUI,32210,322,32,1647,378069,3414925573,26928378077,16218004319,10710373758,1529433853,430050880,13098535558,5923369059,7578742880,214,297,121,0.3188,9032546,28329151,4045383,1137493,0.4522,0.2814
2005,KLUI,32210,322,32,1686,394191,0,28082751961,0,0,0,0,18121040406,8200626475,11448270654,212,0,110,,,,0,0,0.4525,0.4077
1991,KLUI,32220,322,32,8,3265,0,37353463,0,0,0,242976,28994261,27338423,0,0,0,6,,,,0,74418,0.9429,0.0
2001,KLUI,32220,322,32,20,11572,84495882,1903862328,1762089762,141772566,5599756,36127654,1585100324,1246904594,0,0,6,5,0.596,7301753,12251345,483906,3121989,0.7866,0.0
2003,KLUI,32220,322,32,22,17200,231458077,1033104586,646719562,386385024,27867135,21124111,585627829,346571569,148557888,5,8,6,0.599,13456865,22464246,1620182,1228146,0.5918,0.1438
2005,KLUI,32220,322,32,19,15721,0,524936052,0,0,0,0,225690954,168730824,115140536,5,0,8,,,,0,0,0.7476,0.2193
1991,KLUI,32290,322,32,45,2408,0,24053533,0,0,0,78295,17714490,1213559,0,0,0,2,,,,0,32515,0.0685,0.0
2001,KLUI,32290,322,32,103,15765,99572932,893717742,574674129,319043613,27544050,4732640,534843541,188074022,0,0,30,13,0.3121,6316076,20237464,1747165,300199,0.3516,0.0
2003,KLUI,32290,322,32,90,17405,163712519,1019202077,569600758,449601319,11419864,6662544,514255965,213744449,316113979,19,31,14,0.3641,9406063,25831733,656125,382795,0.4156,0.3102
2005,KLUI,32290,322,32,94,10452,0,482682604,0,0,0,0,321186035,115894453,220525539,20,0,9,,,,0,0,0.3608,0.4569
1998,KLUI,32300,323,32,118,70347,129530001,14413974123,10295345576,4118628547,1398968296,21898014,8463059480,6411492223,7255940759,30,64,79,0.0314,1841301,58547323,19886680,311286,0.7576,0.5034
2000,KLUI,32300,323,32,76,60059,94053184,13934426385,10415282383,3519144002,53888832,14857195,9795697229,5979580721,2789672182,12,7,44,0.0267,1566013,58594782,897265,247377,0.6104,0.2002
1991,KLUI,32311,323,32,7,1165,0,37057837,0,0,0,72963,17179584,1596273,0,0,0,0,,,,0,62629,0.0929,0.0
2001,KLUI,32311,323,32,4,209,1557443,115786873,85639026,30147847,0,108633,85513227,0,0,0,0,0,0.0517,7451880,144248072,0,519775,0.0,0.0
2003,KLUI,32311,323,32,14,2107,20790676,378090518,261480656,116609862,22411580111,2642312,235102818,51732293,228102243,7,5,2,0.1783,9867430,55344026,10636725254,1254064,0.22,0.6033
2005,KLUI,32311,323,32,2,62,0,2670149,0,0,0,0,5346057,355037,2670149,1,0,0,,,,0,0,0.0664,1.0
1991,KLUI,32312,323,32,51,4544,0,254831793,0,0,0,1785236,146554336,8783615,0,0,0,0,,,,0,392878,0.0599,0.0
2001,KLUI,32312,323,32,57,6896,55764886,1669331227,1209762870,459568357,20140145,10265740,1075758869,144140501,0,0,19,1,0.1213,8086555,66642743,2920555,1488651,0.134,0.0
2003,KLUI,32312,323,32,43,5489,72990889,1404469929,917195276,487274653,56316562,14197128,803928864,345845614,455738112,11,15,3,0.1498,13297666,88772937,10259895,2586469,0.4302,0.3245
2005,KLUI,32312,323,32,53,6123,0,3571053831,0,0,0,0,4209752928,2706197294,1355393988,20,0,1,,,,0,0,0.6428,0.3796
2001,KLUI,32313,323,32,1,745,8215501,283218356,132120851,151097505,6207689,2261121,126135173,121335519,0,0,1,1,0.0544,11027518,202815443,8332468,3035062,0.9619,0.0
1991,KLUI,32331,323,32,72,13105,0,138727775,0,0,0,762452,79837200,27548692,0,0,0,7,,,,0,58180,0.3451,0.0
2001,KLUI,32331,323,32,98,19753,130731816,1037064328,436485290,600579038,17499214,3040016,353887204,200496813,0,0,26,12,0.2177,6618327,30404447,885902,153901,0.5666,0.0
2003,KLUI,32331,323,32,87,12985,108434228,734779451,449127827,285651624,11500137,5037956,340924554,119755608,207204590,17,21,9,0.3796,8350730,21998585,885648,387983,0.3513,0.282
2005,KLUI,32331,323,32,83,10576,0,356454458,0,0,0,0,206462635,75363490,149154168,18,0,8,,,,0,0,0.365,0.4184
2001,KLUI,32332,323,32,6,224,1330902,13677746,7340247,6337499,0,136169,6694725,0,0,0,0,0,0.21,5941527,28292406,0,607897,0.0,0.0
2003,KLUI,32332,323,32,2,41,441238,4315963,3038460,1277503,0,41909,2184022,0,0,0,0,1,0.3454,10761902,31158610,0,1022171,0.0,0.0
2005,KLUI,32332,323,32,3,176,0,9793615,0,0,0,0,6556442,3055471,0,0,0,1,,,,0,0,0.466,0.0
1991,KLUI,32339,323,32,21,1420,0,16646653,0,0,0,283120,10977166,1983694,0,0,0,1,,,,0,199380,0.1807,0.0
2001,KLUI,32339,323,32,22,4484,26072525,334880865,220787381,114093484,23946668,1686993,201814085,5481331,0,0,6,4,0.2285,5814568,25444577,5340470,376225,0.0272,0.0
2003,KLUI,32339,323,32,6,3129,11772559,140561395,64775391,75786004,17616026,434295,57104117,400901,116000,1,2,1,0.1553,3762403,24220519,5629922,138797,0.007,0.0008
2005,KLUI,32339,323,32,14,3196,0,203974843,0,0,0,0,119646722,12950120,48566986,6,0,2,,,,0,0,0.1082,0.2381
1991,KLUI,32401,324,32,1,126,0,1943758,0,0,0,1684,1566619,0,0,0,0,0,,,,0,13365,0.0,0.0
1991,KLUI,32411,324,32,181,49110,0,502805458,0,0,0,6787600,296915544,116656585,0,0,0,13,,,,0,138212,0.3929,0.0
2001,KLUI,32411,324,32,212,73665,388638550,4719096659,3273030965,1446065694,6098887255,29651751,2579895018,1348164824,0,0,37,13,0.2688,5275756,19630295,82792198,402522,0.5226,0.0
2003,KLUI,32411,324,32,215,66817,576917413,3117754103,1668984249,1448769854,76479951,21696190,1353604010,626219405,306662441,25,38,23,0.3982,8634291,21682653,1144618,324711,0.4626,0.0984
2005,KLUI,32411,324,32,202,68278,0,5228877228,0,0,0,0,3057880333,1459712151,1736712099,30,0,16,,,,0,0,0.4774,0.3321
1991,KLUI,32412,324,32,61,60840,0,581782802,0,0,0,19076041,266261685,188255532,0,0,0,11,,,,0,313544,0.707,0.0
2001,KLUI,32412,324,32,61,134175,978169589,8263591885,4221061205,4042530680,793927515,70916937,3205672814,1968601211,0,0,16,14,0.242,7290252,30128792,5917105,528541,0.6141,0.0
2003,KLUI,32412,324,32,63,127060,729829799,13723657900,8427329222,5296328678,57343484,120849228,6834262266,3838425144,1941698187,13,24,18,0.1378,5743978,41683682,451310,951119,0.5616,0.1415
2005,KLUI,32412,324,32,61,93644,0,6856407409,0,0,0,0,3022728035,1780890823,3135294166,17,0,10,,,,0,0,0.5892,0.4573
2001,KLUI,32413,324,32,10,1453,7704749,68758097,41072688,27685409,764158,554300,38217681,54363,0,0,3,1,0.2783,5302649,19053964,525917,381487,0.0014,0.0
2003,KLUI,32413,324,32,6,1246,8476166,66536119,45001240,21534879,18570,320830,41788833,21230,0,0,2,0,0.3936,6802701,17283209,14904,257488,0.0005,0.0
2005,KLUI,32413,324,32,7,1815,0,189785785,0,0,0,0,82569390,0,0,0,0,0,,,,0,0,0.0,0.0
2001,KLUI,32419,324,32,55,28306,112078254,596336861,400676416,195660445,31146561,11263387,360122769,186610435,0,0,11,4,0.5728,3959523,6912331,1100352,397915,0.5182,0.0
2003,KLUI,32419,324,32,48,17753,91073430,697818123,407924298,289893825,39987045,7284193,210145943,108864031,144688545,8,10,5,0.3142,5130030,16329287,2252411,410308,0.518,0.2073
2005,KLUI,32419,324,32,35,8704,0,474539603,0,0,0,0,90554014,29520954,30720824,5,0,2,,,,0,0,0.326,0.0647
1991,KLUI,32420,324,32,21,14725,0,165036159,0,0,0,806711,107143049,64651336,0,0,0,3,,,,0,54785,0.6034,0.0
1991,KLUI,33111,331,33,540,61272,0,1189664863,0,0,0,30681510,656706548,2432099,0,0,0,14,,,,0,500743,0.0037,0.0
1998,KLUI,33111,331,33,3,400,102802,59812106,49750667,10061439,5159166,193172,38003736,34456923,0,0,2,2,0.0102,257005,25153598,12897915,482930,0.9067,0.0
2000,KLUI,33111,331,33,8,709,637170,92046344,44655440,47390904,1505860,264573,39606917,30211222,53524206,1,2,2,0.0134,898688,66841896,2123921,373164,0.7628,0.5815
2001,KLUI,33111,331,33,499,58777,367034990,4250732408,2527316520,1723415888,209742792,101651728,2137328216,118970415,0,0,99,15,0.213,6244534,29321263,3568450,1729447,0.0557,0.0
2003,KLUI,33111,331,33,350,34720,196271075,5815717342,4256304454,1559412888,564781608,190001515,3478523706,324697408,112241500,19,64,7,0.1259,5652969,44913966,16266751,5472394,0.0933,0.0193
2005,KLUI,33111,331,33,284,33141,0,3868474869,0,0,0,0,2771120601,20099647,927021097,47,0,7,,,,0,0,0.0073,0.2396
1991,KLUI,33112,331,33,198,26976,0,422576664,0,0,0,15830070,201192193,904712,0,0,0,17,,,,0,586821,0.0045,0.0
1998,KLUI,33112,331,33,1,23,0,432000,298420,133580,0,8148,288126,0,0,0,0,0,,,5807826,0,354261,0.0,0.0
2000,KLUI,33112,331,33,1,46,0,378417,219,378198,0,207,0,0,0,0,0,0,,,8221696,0,4500,,0.0
2001,KLUI,33112,331,33,338,52362,350256294,3952515971,2346691310,1605824661,147713649,46027758,2043364537,230966772,0,0,91,22,0.2181,6689131,30667749,2821009,879030,0.113,0.0
2003,KLUI,33112,331,33,344,58273,531142507,5884551503,3853147521,2031403982,300609261,92505555,3279371111,560582326,2403506424,144,103,21,0.2615,9114727,34860124,5158637,1587451,0.1709,0.4084
2005,KLUI,33112,331,33,337,56910,0,7010639095,0,0,0,0,4808085639,982191363,3876861431,168,0,20,,,,0,0,0.2043,0.553
1991,KLUI,33113,331,33,118,186819,0,6225667500,0,0,0,164487896,3396458362,123186660,0,0,0,13,,,,0,880467,0.0363,0.0
1998,KLUI,33113,331,33,13,2562,2186615,298378761,199435804,98942957,8549913,1323859,178070995,149537023,18699126,1,5,3,0.0221,853480,38619421,3337203,516729,0.8398,0.0627
2000,KLUI,33113,331,33,12,2158,3389604,324640263,154293810,170346453,1175763,435220,129204016,115462195,3655085,1,2,3,0.0199,1570715,78937189,544839,201677,0.8936,0.0113
2001,KLUI,33113,331,33,88,118410,1284526787,16215042858,9026121977,7188920881,162733768,357196217,7854323408,308581596,0,0,27,9,0.1787,10848128,60712109,1374325,3016605,0.0393,0.0
2003,KLUI,33113,331,33,106,161583,1980278242,24713090198,13962949434,10750140764,2861350188,775958708,11690972578,314841011,11212665832,51,37,12,0.1842,12255486,66530147,17708238,4802230,0.0269,0.4537
2005,KLUI,33113,331,33,39,45564,0,8545533761,0,0,0,0,5222507078,77530630,2157691628,12,0,4,,,,0,0,0.0148,0.2525
1991,KLUI,33114,331,33,17,5968,0,415185068,0,0,0,9242662,241443187,13728707,0,0,0,1,,,,0,1548703,0.0569,0.0
2001,KLUI,33114,331,33,46,68634,594138157,7633889623,3849547693,3784341930,162365172,133608131,3164440254,42358006,0,0,20,5,0.157,8656616,55138006,2365667,1946676,0.0134,0.0
2003,KLUI,33114,331,33,22,11402,102369307,1545735610,882712084,663023526,2077508,18008299,767926917,19555253,1038076728,9,6,1,0.1544,8978189,58149757,182206,1579398,0.0255,0.6716
2005,KLUI,33114,331,33,76,95328,0,14881294745,0,0,0,0,8197892692,531854968,12180202414,60,0,9,,,,0,0,0.0649,0.8185
1991,KLUI,33115,331,33,34,7041,0,141834329,0,0,0,6855111,71657766,523387,0,0,0,1,,,,0,973599,0.0073,0.0
2001,KLUI,33115,331,33,51,21524,178923308,1794330416,1177008310,617322106,90940387,92033254,838124842,61738655,0,0,24,5,0.2898,8312735,28680640,4225069,4275843,0.0737,0.0
2003,KLUI,33115,331,33,84,24926,242730317,1881531758,1282627093,598904665,24916648,84524417,979180681,38198049,1108670826,55,31,4,0.4053,9738037,24027307,999625,3391014,0.039,0.5892
2005,KLUI,33115,331,33,80,21219,0,2116199838,0,0,0,0,999318002,71022204,1502052047,57,0,6,,,,0,0,0.0711,0.7098
1991,KLUI,33116,331,33,2,292,0,3758600,0,0,0,25296,3192962,45120,0,0,0,0,,,,0,86630,0.0141,0.0
2001,KLUI,33116,331,33,7,1694,7769210,48363881,35306041,13057840,3443001,200557,34823140,43999,0,0,2,0,0.595,4586311,7708288,2032468,118393,0.0013,0.0
2003,KLUI,33116,331,33,6,908,6130736,59225678,27209506,32016172,2520000,685348,24963357,0,0,0,1,0,0.1915,6751912,35260101,2775330,754789,0.0,0.0
2005,KLUI,33116,331,33,8,668,0,30855543,0,0,0,0,13429967,0,3088770,1,0,1,,,,0,0,0.0,0.1001
1998,KLUI,33119,331,33,1,137,0,9946576,7680867,2265709,1212036,20461,5579520,5303695,0,0,1,0,,,16538022,8846978,149350,0.9506,0.0
1991,KLUI,33120,331,33,24,1088,0,9726548,0,0,0,290916,5004034,1309,0,0,0,0,,,,0,267386,0.0003,0.0
2001,KLUI,33120,331,33,28,1439,5908214,56480454,35389920,21090534,5505663,652316,31025062,441732,0,0,7,1,0.2801,4105778,14656382,3826034,453312,0.0142,0.0
2003,KLUI,33120,331,33,35,958,6808709,56041971,34082015,21959956,5499132,1126656,32135877,38184,17804904,3,5,1,0.3101,7107212,22922710,5740221,1176050,0.0012,0.3177
2005,KLUI,33120,331,33,40,1255,0,103798937,0,0,0,0,56718763,9420,345903,1,0,0,,,,0,0,0.0002,0.0033
1998,KLUI,33121,331,33,25,1194,349794,57000412,37747694,19252718,5592294,860927,33243267,24100336,0,0,7,4,0.0182,292960,16124554,4683663,721044,0.725,0.0
2000,KLUI,33121,331,33,9,504,288905,17447675,7657217,9790458,4238539,114457,3059691,1784347,0,0,1,3,0.0295,573224,19425512,8409800,227097,0.5832,0.0
2000,KLUI,33122,331,33,1,178,68501,7248335,5180533,2067802,241893,99172,2485544,2388741,7248335,1,1,1,0.0331,384837,11616865,1358949,557146,0.9611,1.0
1998,KLUI,33123,331,33,1,495,1653954,15933307,5953321,9979986,3351429,12764,0,0,0,0,1,1,0.1657,3341321,20161588,6770564,25786,,0.0
2000,KLUI,33123,331,33,1,1976,4886000,45504000,19189585,26314415,799700,0,7286000,7286000,45504000,1,1,1,0.1857,2472672,13317012,404706,0,1.0,1.0
2000,KLUI,33130,331,33,1,85,310634,3073450,1842399,1231051,0,60053,0,0,3073450,1,0,1,0.2523,3654518,14482953,0,706506,,1.0
1991,KLUI,33131,331,33,47,8003,0,62363519,0,0,0,256940,34436926,1097175,0,0,0,1,,,,0,32105,0.0319,0.0
2001,KLUI,33131,331,33,67,6550,26893540,998968803,87681248,911287555,11792587,1458277,80069346,309427,0,0,12,0,0.0295,4105884,139127871,1800395,222638,0.0039,0.0
2003,KLUI,33131,331,33,61,6820,60992759,866774849,407168127,459606722,5668718,4330793,381531467,38981,60085549,27,8,1,0.1327,8943220,67391015,831190,635014,0.0001,0.0693
2005,KLUI,33131,331,33,59,5288,0,708858580,0,0,0,0,326181151,125869,90991584,29,0,0,,,,0,0,0.0004,0.1284
1991,KLUI,33132,331,33,3,148,0,370757,0,0,0,1450,197721,0,0,0,0,0,,,,0,9797,0.0,0.0
2001,KLUI,33132,331,33,20,711,1578430,8791314,5549799,3241515,327670,127891,5226834,0,0,0,6,1,0.4869,2220014,4559093,460858,179875,0.0,0.0
2003,KLUI,33132,331,33,27,1182,4832742,17875283,8386884,9488399,1042177,271676,7445800,0,12688930,11,6,1,0.5093,4088614,8027410,881706,229844,0.0,0.7099
2005,KLUI,33132,331,33,27,2039,0,19227077,0,0,0,0,8654727,86380,13341892,14,0,2,,,,0,0,0.01,0.6939
1991,KLUI,33140,331,33,60,5823,0,21641022,0,0,0,166414,5474306,121243,0,0,0,2,,,,0,28579,0.0221,0.0
2001,KLUI,33140,331,33,91,9085,51355399,453583321,300170658,153412663,25280138,13638174,237173862,34979092,0,0,26,11,0.3348,5652768,16886369,2782624,1501175,0.1475,0.0
2003,KLUI,33140,331,33,73,9484,72626878,445113634,251244372,193869262,19437316,4205953,216368777,41305555,309648634,42,24,5,0.3746,7657832,20441719,2049485,443479,0.1909,0.6957
2005,KLUI,33140,331,33,73,9712,0,407447276,0,0,0,0,190607751,33841477,325836462,42,0,3,,,,0,0,0.1775,0.7997
1991,KLUI,33151,331,33,3,94,0,452000,0,0,0,12780,0,0,0,0,0,0,,,,0,135957,,0.0
2001,KLUI,33151,331,33,150,24786,194576390,1903060425,933743356,969317069,30775949,39977520,802089024,20560154,0,0,41,3,0.2007,7850254,39107442,1241667,1612907,0.0256,0.0
2003,KLUI,33151,331,33,102,7205,46834670,438600855,297369351,141231504,17579556,12090644,265648515,3400,139190778,19,22,1,0.3316,6500301,19601874,2439911,1678091,0.0,0.3174
2005,KLUI,33151,331,33,100,6143,0,567852329,0,0,0,0,401364913,120305497,229890161,22,0,2,,,,0,0,0.2997,0.4048
1991,KLUI,33152,331,33,15,459,0,3769975,0,0,0,124138,2359888,0,0,0,0,0,,,,0,270453,0.0,0.0
1991,KLUI,33190,331,33,112,18474,0,179075919,0,0,0,3175551,87009980,865079,0,0,0,0,,,,0,171893,0.0099,0.0
2001,KLUI,33190,331,33,87,8513,45936039,336123918,218547249,117576669,10296519,23000979,154400650,1492125,0,0,16,0,0.3907,5395987,13811426,1209505,2701865,0.0097,0.0
2003,KLUI,33190,331,33,78,6326,34260158,256152993,165311226,90841767,9865747,6421246,138810288,81807,22022844,12,14,1,0.3771,5415770,14360064,1559555,1015056,0.0006,0.086
2005,KLUI,33190,331,33,71,7837,0,346339872,0,0,0,0,216217051,1703937,61640963,13,0,2,,,,0,0,0.0079,0.178
1998,KLUI,33201,332,33,5,4850,3741974,414564826,280959785,133605041,55497582,680952,159185017,155670991,0,0,2,2,0.028,771541,27547431,11442800,140402,0.9779,0.0
2000,KLUI,33201,332,33,5,5821,4661043,498389169,136629367,361759802,55400,570793,66743964,62111622,422849047,2,1,2,0.0129,800729,62147363,9517,98058,0.9306,0.8484
1998,KLUI,33202,332,33,3,714,721034,20239647,17008236,3231411,4912062,53470,7150250,7117412,0,0,1,1,0.2231,1009852,4525786,6879639,74888,0.9954,0.0
2000,KLUI,33202,332,33,1,92,10406,4616420,529305,4087115,0,24915,0,0,0,0,0,0,0.0025,113109,44425163,0,270815,,0.0
1998,KLUI,33203,332,33,1,1939,2711591,544770330,508198424,36571906,165450,979867,495398210,481506347,0,0,1,0,0.0741,1398448,18861220,85327,505347,0.972,0.0
2000,KLUI,33203,332,33,3,2903,8473639,886735162,418373548,468361614,51196243,1617485,371183534,364107238,0,0,1,0,0.0181,2918925,161337104,17635633,557177,0.9809,0.0
2000,KLUI,33204,332,33,1,38,106927,14454972,9656774,4798198,0,14696,0,0,0,0,0,0,0.0223,2813868,126268368,0,386737,,0.0
1991,KLUI,33211,332,33,435,44829,0,489750973,0,0,0,4388442,272432040,12215764,0,0,0,15,,,,0,97893,0.0448,0.0
2001,KLUI,33211,332,33,1041,119961,2380871507,8617736097,3280865524,5336870573,177084795,37599003,2838916408,120133218,0,0,206,54,0.4461,19847046,44488380,1476186,313427,0.0423,0.0
2003,KLUI,33211,332,33,989,115655,900441604,7105346309,4427833300,2677513009,263159758,66788889,3832644286,305288796,3009341475,420,216,63,0.3363,7785583,23150863,2275386,577484,0.0797,0.4235
2005,KLUI,33211,332,33,989,114362,0,6646840439,0,0,0,0,3876329306,394939631,3910642901,531,0,76,,,,0,0,0.1019,0.5883
1991,KLUI,33212,332,33,198,48873,0,331621927,0,0,0,3559214,163841329,1532403,0,0,0,2,,,,0,72826,0.0094,0.0
2001,KLUI,33212,332,33,171,39761,228157410,1490205466,871163445,619042021,39106087,18562025,719443766,22047038,0,0,40,3,0.3686,5738221,15569076,983529,466840,0.0306,0.0
2003,KLUI,33212,332,33,198,39332,308465423,1964274864,921740756,1042534108,317470350,25442307,765496610,25766910,685878591,96,35,5,0.2959,7842607,26506003,8071554,646860,0.0337,0.3492
2005,KLUI,33212,332,33,180,33838,0,1470709105,0,0,0,0,770710086,24205983,740158062,119,0,6,,,,0,0,0.0314,0.5033
1991,KLUI,33220,332,33,16,1581,0,9816429,0,0,0,225340,4282931,1953,0,0,0,0,,,,0,142530,0.0005,0.0
2001,KLUI,33220,332,33,44,5194,26526263,327668960,100693400,226975560,27445036,1919084,84979438,212386,0,0,19,3,0.1169,5107097,43699569,5283988,369481,0.0025,0.0
2003,KLUI,33220,332,33,37,3490,18625620,329080133,160917572,168162561,4235616,7518418,132676579,51089,18652031,13,7,2,0.1108,5336854,48184115,1213644,2154274,0.0004,0.0567
2005,KLUI,33220,332,33,35,3399,0,68782131,0,0,0,0,28218273,6212,28990499,16,0,2,,,,0,0,0.0002,0.4215
1991,KLUI,33230,332,33,5,289,0,46995181,0,0,0,739094,13461323,0,0,0,0,1,,,,0,2557419,0.0,0.0
2003,KLUI,33230,332,33,26,1512,13920490,235019712,63897009,171122703,939726,2670492,51788549,3437050,694727,1,8,2,0.0813,9206673,113176391,621512,1766198,0.0664,0.003
2005,KLUI,33230,332,33,28,1639,0,67178332,0,0,0,0,32343124,2630061,0,0,0,1,,,,0,0,0.0813,0.0
1998,KLUI,33300,333,33,18,3412,1825425,321883580,121167354,200716226,1035144,636960,108385101,95305648,0,0,6,2,0.0091,535001,58826561,303383,186682,0.8793,0.0
2000,KLUI,33300,333,33,13,5155,3486039,164635283,111067385,53567898,412721,881382,90564459,79756287,123046987,4,5,1,0.0651,676244,10391445,80062,170976,0.8807,0.7474
1998,KLUI,34100,341,34,16,11783,46251437,1540294995,442341920,1097953075,307685866,12781248,154543761,74592526,0,0,9,6,0.0421,3925268,93181115,26112693,1084719,0.4827,0.0
2000,KLUI,34100,341,34,17,14678,119023982,18277989476,9946832205,8331157271,330259583,53864070,9321843447,4712058104,3115617173,3,8,10,0.0143,8109005,567594854,22500312,3669715,0.5055,0.1705
1991,KLUI,34111,341,34,2,4508,0,388106708,0,0,0,25558614,32384718,10158936,0,0,0,2,,,,0,5669613,0.3137,0.0
2001,KLUI,34111,341,34,7,15104,323034945,20821374784,10803178161,10018196623,9331334,640126359,7095355694,1183004618,0,0,1,3,0.0322,21387377,663281026,617805,42381247,0.1667,0.0
2003,KLUI,34111,341,34,8,18159,574305962,23050680484,12401093695,10649586789,40609762712,1317606494,7090274210,922049035,5022177026,2,2,4,0.0539,31626519,586463285,2236343560,72559419,0.13,0.2179
2005,KLUI,34111,341,34,9,16466,0,23542759838,0,0,0,0,13235447243,825222530,10001223964,3,0,4,,,,0,0,0.0623,0.4248
1991,KLUI,34112,341,34,42,30000,0,2121732961,0,0,0,143560230,901870532,415489061,0,0,0,3,,,,0,4785341,0.4607,0.0
2001,KLUI,34112,341,34,60,39123,477045510,12773004092,10374814968,2398189124,186207162,458662343,8893915248,2805431630,0,0,21,5,0.1989,12193480,61298702,4759532,11723598,0.3154,0.0
2003,KLUI,34112,341,34,43,45346,789422775,15768319443,7536716930,8231602513,228554556,533807955,6311608342,2158972630,3312072994,5,11,2,0.0959,17408873,181528746,5040236,11771886,0.3421,0.21
2005,KLUI,34112,341,34,61,47992,0,24297332786,0,0,0,0,12209963581,3738596497,4367822037,18,0,5,,,,0,0,0.3062,0.1798
1991,KLUI,34113,341,34,32,6114,0,299908709,0,0,0,18892293,146094877,15183606,0,0,0,1,,,,0,3090005,0.1039,0.0
2001,KLUI,34113,341,34,36,9452,72385935,1026710987,611980281,414730706,19083294,55333376,467959912,115998568,0,0,12,1,0.1745,7658267,43877561,2018969,5854145,0.2479,0.0
2003,KLUI,34113,341,34,38,8816,127702160,2197669296,1745506216,452163080,54854522,174250953,1263091269,429502550,216290823,5,11,1,0.2824,14485272,51288916,6222155,19765308,0.34,0.0984
2005,KLUI,34113,341,34,26,11277,0,3796797758,0,0,0,0,1617890062,954214879,804198315,3,0,3,,,,0,0,0.5898,0.2118
1991,KLUI,34114,341,34,15,2482,0,66132883,0,0,0,1472470,29640164,16392674,0,0,0,1,,,,0,593259,0.5531,0.0
2001,KLUI,34114,341,34,31,3651,26372377,638459314,349027494,289431820,6473702,18595768,284034618,85394775,0,0,10,1,0.0911,7223330,79274670,1773131,5093336,0.3006,0.0
2003,KLUI,34114,341,34,22,3796,73135190,2212164337,1502580037,709584300,8714928,38059391,1321651423,327481062,1262865676,3,5,2,0.1031,19266383,186929478,2295819,10026183,0.2478,0.5709
2005,KLUI,34114,341,34,26,3378,0,1855253781,0,0,0,0,1080239313,341981605,105231873,3,0,2,,,,0,0,0.3166,0.0567
1991,KLUI,34119,341,34,10,1179,0,51284894,0,0,0,497848,28911985,5516705,0,0,0,0,,,,0,422263,0.1908,0.0
2001,KLUI,34119,341,34,20,3625,27690664,1276940570,937124284,339816286,417810670,7158752,899241897,604874809,0,0,4,2,0.0815,7638804,93742424,115258116,1974828,0.6726,0.0
2003,KLUI,34119,341,34,34,8169,375405411,2678976198,1827541870,851434328,730052881,291198736,1310099367,868195298,114977462,5,11,1,0.4409,45954880,104227485,89368696,35646803,0.6627,0.0429
2005,KLUI,34119,341,34,23,3494,0,1343669756,0,0,0,0,784386198,430666660,309245677,3,0,2,,,,0,0,0.549,0.2302
1991,KLUI,34120,341,34,76,11569,0,377074418,0,0,0,7176850,253625621,42790250,0,0,0,4,,,,0,620352,0.1687,0.0
2001,KLUI,34120,341,34,144,24716,253516375,5493897665,3639182888,1854714777,230209980,86308752,3242577818,506338945,0,0,41,14,0.1367,10257177,75041057,9314209,3492019,0.1562,0.0
2003,KLUI,34120,341,34,164,27037,450881969,8880737397,6564410138,2316327259,180821519,134450103,6021460873,1521203396,33034472,3,48,9,0.1947,16676479,85672495,6687928,4972819,0.2526,0.0037
2005,KLUI,34120,341,34,194,25603,0,5753479373,0,0,0,0,3977674317,262279957,145797607,11,0,17,,,,0,0,0.0659,0.0253
1991,KLUI,34190,341,34,26,1821,0,43657517,0,0,0,515099,27945832,5609406,0,0,0,1,,,,0,282866,0.2007,0.0
2001,KLUI,34190,341,34,61,7709,77813997,1139461042,757800094,381660948,96399613,25875456,675007383,116812969,0,0,12,6,0.2039,10093916,49508490,12504814,3356526,0.1731,0.0
2003,KLUI,34190,341,34,43,4774,45298585,628462679,423931722,204530957,9913868,9790875,382239855,118333484,5545454,5,9,2,0.2215,9488602,42842681,2076638,2050875,0.3096,0.0088
2005,KLUI,34190,341,34,52,7034,0,1326086992,0,0,0,0,1001379437,186149314,133223245,4,0,2,,,,0,0,0.1859,0.1005
1991,KLUI,34200,342,34,454,41073,0,1003476443,0,0,0,6724608,590898772,173102849,0,0,0,6,,,,0,163723,0.2929,0.0
1998,KLUI,34200,342,34,65,4805,2683564,141710066,79971927,61738139,7096598,978749,69009770,3302470,3630298,1,19,2,0.0435,558494,12848728,1476919,203694,0.0479,0.0256
2000,KLUI,34200,342,34,71,7172,2207742,300539973,131122447,169417526,10059412,1105044,116707703,1506217,0,0,8,0,0.013,307828,23622076,1402595,154078,0.0129,0.0
2001,KLUI,34200,342,34,496,45671,402268223,3583889754,2542844897,1041044857,139254684,32294670,2107994265,235864669,0,0,87,4,0.3864,8807957,22794440,3049083,707115,0.1119,0.0
2003,KLUI,34200,342,34,503,46729,770324388,5401568414,3235776595,2165791819,365473741,50317950,2849453528,290953463,109596932,12,102,5,0.3557,16484932,46347917,7821133,1076803,0.1021,0.0203
2005,KLUI,34200,342,34,499,44332,0,9523557047,0,0,0,0,5845770462,580517311,504567973,12,0,6,,,,0,0,0.0993,0.053
1998,KLUI,34300,343,34,136,20082,71897837,2660487719,1708879562,951608157,618123716,17981640,1330725147,1144595841,29752485,2,53,32,0.0756,3580213,47386125,30779988,895411,0.8601,0.0112
2000,KLUI,34300,343,34,141,25278,78054487,8642041801,3849079760,4792962041,301109419,34585271,3182234820,2329496474,653474286,28,41,40,0.0163,3087843,189610018,11911916,1368196,0.732,0.0756
1991,KLUI,35111,351,35,3,628,0,219296981,0,0,0,6613347,123747255,121399000,0,0,0,1,,,,0,10530807,0.981,0.0
1998,KLUI,35111,351,35,56,5749,1909064,171857991,66581956,105276035,61372734,2461652,55690102,5704625,0,0,23,0,0.0181,332069,18312060,10675376,428188,0.1024,0.0
2000,KLUI,35111,351,35,55,8654,6640117,508167970,228324126,279843844,74259552,11636752,177831049,6856772,0,0,18,2,0.0237,767289,32336936,8580951,1344667,0.0386,0.0
2001,KLUI,35111,351,35,16,3827,90782450,8371754857,7996159344,375595513,7098321,140406118,7526468543,5503151078,0,0,6,6,0.2417,23721570,98143588,1854800,36688298,0.7312,0.0
2003,KLUI,35111,351,35,7,1353,20809041,224988649,179454245,45534404,1387000,3581892,153894260,110969007,0,0,1,4,0.457,15379927,33654401,1025129,2647370,0.7211,0.0
2005,KLUI,35111,351,35,11,2193,0,247899385,0,0,0,0,166836111,105157170,13899261,1,0,4,,,,0,0,0.6303,0.0561
1991,KLUI,35112,351,35,43,4322,0,132255840,0,0,0,7757686,19481169,3433173,0,0,0,4,,,,0,1794930,0.1762,0.0
1998,KLUI,35112,351,35,4,233,890169,36013681,27700066,8313615,0,112580,27558771,22585403,0,0,0,1,0.1071,3820468,35680751,0,483176,0.8195,0.0
2000,KLUI,35112,351,35,5,264,1323206,23946715,10677045,13269670,0,74458,10197205,8896965,0,0,0,1,0.0997,5012144,50263902,0,282038,0.8725,0.0
2001,KLUI,35112,351,35,46,3770,84493497,875124149,493958669,381165480,270152269,57429309,287100956,131111367,0,0,13,15,0.2217,22412068,101104902,71658427,15233238,0.4567,0.0
2003,KLUI,35112,351,35,40,6021,74401740,4760651981,1850196111,2910455870,287125932,35374629,1117859624,33289012,1303137722,1,9,8,0.0256,12357040,483384134,47687416,5875208,0.0298,0.2737
2005,KLUI,35112,351,35,45,4002,0,3481226408,0,0,0,0,475118488,110838754,1518251666,2,0,8,,,,0,0,0.2333,0.4361
1998,KLUI,35113,351,35,42,4754,5161068,271725685,118237032,153488653,3968172,3321177,98421397,40333675,0,0,9,0,0.0336,1085626,32286212,834702,698607,0.4098,0.0
2000,KLUI,35113,351,35,52,6034,9150064,405447961,89551257,315896704,8130176,9572453,53840360,17607277,64042737,1,13,2,0.029,1516418,52352785,1347394,1586419,0.327,0.158
2001,KLUI,35113,351,35,11,1356,18082504,342870437,286099515,56770922,10012324,3176456,249770574,173000980,0,0,4,5,0.3185,13335180,41866462,7383720,2342519,0.6926,0.0
2003,KLUI,35113,351,35,5,315,13619878,36039737,15025827,21013910,3311394,132174,8239048,2498635,19054875,2,2,3,0.6481,43237708,66710825,10512362,419600,0.3033,0.5287
2005,KLUI,35113,351,35,7,549,0,699047054,0,0,0,0,529134855,349041173,337297273,2,0,4,,,,0,0,0.6596,0.4825
1991,KLUI,35114,351,35,26,2606,0,162214639,0,0,0,2884838,87174860,42934181,0,0,0,4,,,,0,1106998,0.4925,0.0
2000,KLUI,35114,351,35,1,176,6207385,25115706,9206486,15909220,0,1344252,0,0,0,0,0,1,0.3902,35269233,90393295,0,7637795,,0.0
2001,KLUI,35114,351,35,44,7001,163445579,2609932325,1641932503,967999822,89531190,119707557,1264635828,534999932,0,0,16,7,0.1688,23346033,138265937,12788343,17098637,0.423,0.0
2003,KLUI,35114,351,35,41,5085,80389121,1908987483,1130880919,778106564,32394692,34747541,886887289,466869245,40177677,8,14,9,0.1033,15809070,153019973,6370638,6833341,0.5264,0.021
2005,KLUI,35114,351,35,28,3854,0,1154176558,0,0,0,0,706386601,402121403,10173602,5,0,6,,,,0,0,0.5693,0.0088
1991,KLUI,35115,351,35,47,2055,0,57955713,0,0,0,1670043,25248929,3857855,0,0,0,0,,,,0,812673,0.1528,0.0
1998,KLUI,35115,351,35,4,4202,23650499,675835512,145785946,530049566,0,9075973,115153010,66717395,0,0,0,3,0.0446,5628391,126142210,0,2159917,0.5794,0.0
2000,KLUI,35115,351,35,5,5156,5819172,4436995041,3891341931,545653110,24976193,678159072,3306684347,3300436978,2143578,1,3,2,0.0107,1128621,105828765,4844103,131528137,0.9981,0.0005
2001,KLUI,35115,351,35,48,4136,354525819,519733409,272630187,247103222,11645852,20702730,198035698,27711489,0,0,13,1,1.4347,85717074,59744493,2815728,5005496,0.1399,0.0
2003,KLUI,35115,351,35,38,2982,25289485,334938149,193523261,141414888,8512817,14236217,159204352,15659177,123772290,14,8,4,0.1788,8480713,47422833,2854734,4774050,0.0984,0.3695
2005,KLUI,35115,351,35,34,2651,0,1240616121,0,0,0,0,807414055,11743960,976647740,19,0,4,,,,0,0,0.0145,0.7872
1991,KLUI,35116,351,35,5,430,0,31185679,0,0,0,688058,18954383,17363723,0,0,0,1,,,,0,1600135,0.9161,0.0
2001,KLUI,35116,351,35,30,3412,123160008,1090881617,723366913,367514704,23946024,14774288,526448786,341633090,0,0,11,12,0.3351,36096134,107712399,7018178,4330096,0.6489,0.0
2003,KLUI,35116,351,35,21,3113,54068177,853807384,677512333,176295051,44277007,21508823,503774795,349072016,82936155,4,10,8,0.3067,17368512,56631883,14223260,6909355,0.6929,0.0971
2005,KLUI,35116,351,35,19,2865,0,1627168446,0,0,0,0,1137333431,770185988,347762143,9,0,5,,,,0,0,0.6772,0.2137
1991,KLUI,35117,351,35,1,150,0,31694308,0,0,0,875721,26665594,25387675,0,0,0,1,,,,0,5838140,0.9521,0.0
2001,KLUI,35117,351,35,5,1176,21694839,1149293598,1051242930,98050668,13373450,15538619,927853668,887868099,0,0,2,3,0.2213,18447992,83376418,11371981,13213111,0.9569,0.0
2003,KLUI,35117,351,35,2,273,6038974,4714009336,4688387259,25622077,11504010,87250367,4348599910,3765573278,0,0,1,1,0.2357,22120784,93853762,42139231,319598414,0.8659,0.0
2005,KLUI,35117,351,35,5,5623,0,6715900273,0,0,0,0,5185189914,1971409912,1808580097,4,0,3,,,,0,0,0.3802,0.2693
1991,KLUI,35118,351,35,12,1031,0,288807805,0,0,0,1762742,170969189,148616881,0,0,0,9,,,,0,1709740,0.8693,0.0
2001,KLUI,35118,351,35,29,2899,131269058,3499051329,1068942521,2430108808,118737053,10777477,930434140,650484246,0,0,10,12,0.054,45280806,838257609,40957935,3717653,0.6991,0.0
2003,KLUI,35118,351,35,33,4380,72560239,5933863297,2906563891,3027299406,110134017,94268508,2180553579,1408423332,200006167,8,16,14,0.024,16566265,691164248,25144753,21522490,0.6459,0.0337
2005,KLUI,35118,351,35,38,4856,0,11655794474,0,0,0,0,9369563538,4106248420,377956358,8,0,22,,,,0,0,0.4383,0.0324
1991,KLUI,35119,351,35,26,3846,0,299978878,0,0,0,12401907,177179801,58362688,0,0,0,5,,,,0,3224625,0.3294,0.0
2001,KLUI,35119,351,35,39,10870,249863357,6008951185,4558175747,1450775438,23405865,202789029,3377654176,1145564305,0,0,11,11,0.1722,22986509,133466002,2153253,18655844,0.3392,0.0
2003,KLUI,35119,351,35,43,10918,221052650,5078171279,2996232920,2081938359,1433579488,198939024,2194951844,268545103,1848777283,18,22,10,0.1062,20246625,190688621,131304221,18221197,0.1223,0.3641
2005,KLUI,35119,351,35,34,8807,0,6492118983,0,0,0,0,3648811911,467609173,1799152829,13,0,5,,,,0,0,0.1282,0.2771
1998,KLUI,35120,351,35,19,6032,10510430,357782705,180246459,177536246,119048100,12216711,120697635,59170256,171908733,5,9,2,0.0592,1742445,29432402,19736091,2025317,0.4902,0.4805
2000,KLUI,35120,351,35,10,1628,3551978,224271690,81764660,142507030,0,3600795,0,0,54515520,1,0,2,0.0249,2181805,87535031,0,2211791,,0.2431
1991,KLUI,35121,351,35,10,664,0,21689067,0,0,0,105217,12254341,4845584,0,0,0,0,,,,0,158459,0.3954,0.0
2001,KLUI,35121,351,35,32,1741,7854264,59799958,33485740,26314218,3860115,2333078,29189024,2690803,0,0,6,0,0.2985,4511352,15114427,2217183,1340079,0.0922,0.0
2003,KLUI,35121,351,35,33,1409,6478864,42348296,22802892,19545404,65023540,2623156,16580469,1160000,1055000,2,6,1,0.3315,4598200,13871827,46148715,1861715,0.07,0.0249
2005,KLUI,35121,351,35,34,1134,0,40989465,0,0,0,0,19414172,0,8092995,7,0,0,,,,0,0,0.0,0.1974
1991,KLUI,35122,351,35,6,13335,0,1514115335,0,0,0,32456201,654818619,373906008,0,0,0,1,,,,0,2433911,0.571,0.0
2001,KLUI,35122,351,35,18,7995,480827463,8541036493,3458083964,5082952529,62748861,732674957,2172729166,57253709,0,0,4,1,0.0946,60141021,635766420,7848513,91641646,0.0264,0.0
2003,KLUI,35122,351,35,15,9691,1111989740,8981956055,3038812824,5943143231,52068091,359411685,2320370500,172880115,178371509,3,3,1,0.1871,114744582,613264186,5372830,37087162,0.0745,0.0199
2005,KLUI,35122,351,35,13,8851,0,9974389085,0,0,0,0,4413882668,266219033,1277472369,4,0,0,,,,0,0,0.0603,0.1281
1991,KLUI,35123,351,35,2,214,0,70795975,0,0,0,1161633,43299875,23252408,0,0,0,1,,,,0,5428192,0.537,0.0
2001,KLUI,35123,351,35,12,4485,189756390,2990843221,2407421737,583421484,53845094,2792197,1817863351,659789134,0,0,4,1,0.3252,42309117,130082828,12005595,622563,0.3629,0.0
2003,KLUI,35123,351,35,11,893,11341655,511775106,322433875,189341231,8860894,8295824,296789287,66057466,133546977,1,3,2,0.0599,12700622,212028254,9922614,9289837,0.2226,0.2609
2005,KLUI,35123,351,35,15,1322,0,820817122,0,0,0,0,619898322,69958520,115606454,3,0,0,,,,0,0,0.1129,0.1408
2001,KLUI,35129,351,35,2,61,259643,3412209,1478431,1933778,0,3357,1394237,0,0,0,0,0,0.1343,4256443,31701279,0,55033,0.0,0.0
2003,KLUI,35129,351,35,1,20,36750,210000,149425,60575,0,18125,57750,0,0,0,0,0,0.6067,1837500,3028750,0,906250,0.0,0.0
2005,KLUI,35129,351,35,2,120,0,2933618,0,0,0,0,861660,0,0,0,0,0,,,,0,0,0.0,0.0
1991,KLUI,35131,351,35,41,5189,0,574176623,0,0,0,5902486,340820367,175994783,0,0,0,4,,,,0,1137500,0.5164,0.0
2001,KLUI,35131,351,35,47,6689,104236871,4636687367,3721213564,915473803,13682720,111667344,3219558458,1097160689,0,0,9,9,0.1139,15583327,136862581,2045555,16694176,0.3408,0.0
2003,KLUI,35131,351,35,38,4731,100367261,5168963716,3854983926,1313979790,196996529,119746282,3345760375,1081772492,660054427,7,10,11,0.0764,21214809,277738277,41639512,25310988,0.3233,0.1277
2005,KLUI,35131,351,35,36,4555,0,10501076603,0,0,0,0,5518664283,2256179715,1193871508,6,0,9,,,,0,0,0.4088,0.1137
2001,KLUI,35132,351,35,18,3146,17558412,58754248,24330363,34423885,3191429,3416021,16585320,3318530,0,0,3,1,0.5101,5581186,10942112,1014440,1085830,0.2001,0.0
2003,KLUI,35132,351,35,7,3073,103784933,173618306,71177955,102440351,6517310,3329032,43773153,1252149,0,0,2,1,1.0131,33773164,33335617,2120830,1083317,0.0286,0.0
2005,KLUI,35132,351,35,5,1408,0,53801820,0,0,0,0,28482375,231512,0,0,0,0,,,,0,0,0.0081,0.0
1991,KLUI,35133,351,35,11,3486,0,759233538,0,0,0,12342006,362093716,302628641,0,0,0,2,,,,0,3540449,0.8358,0.0
2001,KLUI,35133,351,35,12,7512,66849334,3326939499,2079310615,1247628884,7009640,19997435,1871112267,1419304479,0,0,6,3,0.0536,8899006,166084782,933126,2662065,0.7585,0.0
2003,KLUI,35133,351,35,9,14219,567387690,8358397231,5018543607,3339853624,10546644,267016621,4607000342,1984420139,1983871154,3,3,2,0.1699,39903488,234886674,741729,18778861,0.4307,0.2374
2005,KLUI,35133,351,35,6,3771,0,1343810078,0,0,0,0,890652343,643584063,831188519,3,0,2,,,,0,0,0.7226,0.6185
1991,KLUI,35141,351,35,2,161,0,9306140,0,0,0,134145,1649430,1516485,0,0,0,0,,,,0,833199,0.9194,0.0
2001,KLUI,35141,351,35,4,373,9454284,75374469,51761727,23612742,3869198,1218098,32236886,25653320,0,0,3,1,0.4004,25346606,63304938,10373185,3265678,0.7958,0.0
2003,KLUI,35141,351,35,4,1521,87052948,1141935058,276515653,865419405,7108277,8455848,266299049,85736585,231754378,2,2,0,0.1006,57234022,568980542,4673423,5559400,0.322,0.2029
2005,KLUI,35141,351,35,4,425,0,311917758,0,0,0,0,264330120,171818084,13830000,1,0,0,,,,0,0,0.65,0.0443
1991,KLUI,35142,351,35,33,6292,0,206717535,0,0,0,2256860,124661107,62201291,0,0,0,6,,,,0,358687,0.499,0.0
2001,KLUI,35142,351,35,27,23084,56748718,889995708,551508418,338487290,40796273,15407777,492200051,292746520,0,0,10,12,0.1677,2458357,14663286,1767297,667466,0.5948,0.0
2003,KLUI,35142,351,35,30,19571,445315248,1313304621,775214559,538090062,34671183,36823195,612547681,369044857,108507198,6,16,14,0.8276,22753832,27494255,1771559,1881518,0.6025,0.0826
2005,KLUI,35142,351,35,32,17950,0,1209874668,0,0,0,0,512304667,298353514,146146179,7,0,11,,,,0,0,0.5824,0.1208
1998,KLUI,35201,352,35,4,1080,3001999,112394741,80048499,32346242,0,1353547,77426719,76376859,0,0,0,2,0.0928,2779629,29950224,0,1253284,0.9864,0.0
2000,KLUI,35201,352,35,3,1045,495100,155742845,31698042,124044803,0,1203087,21048902,5001480,241722,1,0,1,0.004,473780,118703161,0,1151279,0.2376,0.0016
1991,KLUI,35210,352,35,71,7433,0,452267885,0,0,0,1371492,267333669,81424042,0,0,0,7,,,,0,184514,0.3046,0.0
2001,KLUI,35210,352,35,104,11644,152889261,2670590494,1820881808,849708686,29589488,23577926,1583211403,415379269,0,0,28,15,0.1799,13130304,72973951,2541179,2024899,0.2624,0.0
2003,KLUI,35210,352,35,112,11022,203091576,3695738296,2488647620,1207090676,46810383,31385418,2223053666,609940155,81756212,6,26,22,0.1682,18426019,109516483,4246995,2847525,0.2744,0.0221
2005,KLUI,35210,352,35,115,11907,0,4426666813,0,0,0,0,2789029537,1147718964,1314721493,9,0,18,,,,0,0,0.4115,0.297
1991,KLUI,35221,352,35,5,1201,0,112034056,0,0,0,496640,60553055,38142476,0,0,0,1,,,,0,413522,0.6299,0.0
2001,KLUI,35221,352,35,12,4050,137884510,2088068006,786571682,1301496324,25359074,3188014,420447178,363945736,0,0,8,3,0.1059,34045558,321357117,6261500,787164,0.8656,0.0
2003,KLUI,35221,352,35,9,3596,39520821,2922305889,1282692616,1639613273,15043620,6020787,308223683,284256873,0,0,3,1,0.0241,10990217,455954748,4183432,1674301,0.9222,0.0
2005,KLUI,35221,352,35,10,3874,0,4987088170,0,0,0,0,500325658,485786002,0,0,0,1,,,,0,0,0.9709,0.0
1991,KLUI,35222,352,35,160,27429,0,1630216108,0,0,0,8549429,516548106,344976981,0,0,0,32,,,,0,311693,0.6679,0.0
2001,KLUI,35222,352,35,126,29717,593742103,8360535294,5359511274,3001024020,368110539,66581439,3659223812,2387688202,0,0,52,29,0.1978,19979880,100986776,12387204,2240517,0.6525,0.0
2003,KLUI,35222,352,35,133,33596,885723883,15062691389,7643535089,7419156300,545300907,59970406,6161562182,3321082888,562943833,18,62,28,0.1194,26363968,220834513,16231126,1785046,0.539,0.0374
2005,KLUI,35222,352,35,127,35344,0,12493558072,0,0,0,0,3864599918,2025649005,597010234,18,0,20,,,,0,0,0.5242,0.0478
2001,KLUI,35223,352,35,6,835,5234295,69797521,59547914,10249607,7500,87620,42191600,0,0,0,1,1,0.5107,6268617,12274978,8982,104934,0.0,0.0
2003,KLUI,35223,352,35,1,520,1258570,8250444,2554337,5696107,1317331,98940,2391874,0,0,0,1,0,0.221,2420327,10954052,2533329,190269,0.0,0.0
2005,KLUI,35223,352,35,4,1165,0,16726071,0,0,0,0,6539688,0,0,0,0,0,,,,0,0,0.0,0.0
1991,KLUI,35224,352,35,38,7210,0,74808221,0,0,0,546114,12925803,562976,0,0,0,0,,,,0,75744,0.0436,0.0
2001,KLUI,35224,352,35,58,8593,53611192,368555928,175979261,192576667,3477810,3408964,91174299,4104968,0,0,9,1,0.2784,6238938,22410877,404726,396714,0.045,0.0
2003,KLUI,35224,352,35,51,8034,91849850,312719348,139253699,173465649,20434582,4131212,64656034,637650,1036909,3,10,0,0.5295,11432643,21591442,2543513,514216,0.0099,0.0033
2005,KLUI,35224,352,35,52,9317,0,869655870,0,0,0,0,70885776,2663057,1056683,3,0,2,,,,0,0,0.0376,0.0012
1991,KLUI,35231,352,35,65,12609,0,790006107,0,0,0,14036612,523891941,155053170,0,0,0,3,,,,0,1113222,0.296,0.0
2001,KLUI,35231,352,35,46,12237,165307008,5757074438,4447078153,1309996285,61102979,58904650,4165832768,379924837,0,0,10,4,0.1262,13508785,107052079,4993297,4813651,0.0912,0.0
2003,KLUI,35231,352,35,43,15147,292640201,3815863952,2605577004,1210286948,66529800,64558820,1961786168,328123234,137834605,4,7,4,0.2418,19320011,79902750,4392276,4262152,0.1673,0.0361
2005,KLUI,35231,352,35,52,16343,0,4660846593,0,0,0,0,2321888181,317639595,62931751,8,0,5,,,,0,0,0.1368,0.0135
1991,KLUI,35232,352,35,69,11223,0,297901632,0,0,0,1063580,79843402,36717329,0,0,0,8,,,,0,94768,0.4599,0.0
2001,KLUI,35232,352,35,74,18915,221395278,2762314951,1124407721,1637907230,66346362,7568271,879236381,447138403,0,0,17,14,0.1352,11704746,86593034,3507606,400120,0.5086,0.0
2003,KLUI,35232,352,35,73,17507,239092420,2697603213,1250481474,1447121739,315978030,6061244,1022047492,231294565,146742622,8,18,11,0.1652,13656961,82659607,18048668,346218,0.2263,0.0544
2005,KLUI,35232,352,35,78,15728,0,2447433702,0,0,0,0,740355830,172230376,167517894,8,0,8,,,,0,0,0.2326,0.0684
1991,KLUI,35291,352,35,26,2454,0,355301222,0,0,0,5466508,191387926,78481992,0,0,0,2,,,,0,2227591,0.4101,0.0
2001,KLUI,35291,352,35,41,4011,66384534,1884184235,1497188262,386995973,106909756,28616708,1268530071,467923167,0,0,14,11,0.1715,16550619,96483663,26654140,7134557,0.3689,0.0
2003,KLUI,35291,352,35,48,4781,112976911,2514832739,1507552989,1007279750,38277987,39024674,1368502580,549676029,258786396,7,18,12,0.1122,23630393,210683905,8006272,8162450,0.4017,0.1029
2005,KLUI,35291,352,35,47,4794,0,2504264397,0,0,0,0,1841355077,712130003,72721118,7,0,8,,,,0,0,0.3867,0.029
1991,KLUI,35292,352,35,8,1008,0,25776980,0,0,0,72094,3346972,2766613,0,0,0,0,,,,0,71522,0.8266,0.0
2001,KLUI,35292,352,35,9,757,10319849,40205016,15218249,24986767,2771736,304510,14748150,10947893,0,0,1,0,0.413,13632561,33007618,3661474,402259,0.7423,0.0
2003,KLUI,35292,352,35,8,3521,93718388,388192522,172770911,215421611,5000,4116612,144434625,301650,3832762,1,1,0,0.435,26616980,61181940,1420,1169160,0.0021,0.0099
2005,KLUI,35292,352,35,7,740,0,25859678,0,0,0,0,176375629,135795306,0,0,0,0,,,,0,0,0.7699,0.0
1991,KLUI,35293,352,35,9,805,0,98594922,0,0,0,297218,75622651,46285683,0,0,0,4,,,,0,369215,0.6121,0.0
2001,KLUI,35293,352,35,11,1247,29108226,761162353,293524221,467638132,3186087,2321130,193049832,151462003,0,0,3,5,0.0622,23342603,375010531,2555002,1861371,0.7846,0.0
2003,KLUI,35293,352,35,12,1296,3208713,2322744504,1787490343,535254161,3970479,14256977,1148157815,855201257,2792234,1,5,3,0.006,2475859,413004754,3063641,11000754,0.7448,0.0012
2005,KLUI,35293,352,35,9,1114,0,1624714327,0,0,0,0,1306422539,896697802,0,0,0,3,,,,0,0,0.6864,0.0
1991,KLUI,35294,352,35,22,1011,0,63615660,0,0,0,866427,44128399,27148618,0,0,0,4,,,,0,857000,0.6152,0.0
2001,KLUI,35294,352,35,28,2667,15795830,350258117,285321764,64936353,4394108,2431814,248444297,35448330,0,0,8,1,0.2433,5922696,24348089,1647585,911816,0.1427,0.0
2003,KLUI,35294,352,35,30,3183,28500782,380764188,277758166,103006022,10672849,3702474,251174707,26289766,187668485,7,11,2,0.2767,8954063,32361301,3353079,1163203,0.1047,0.4929
2005,KLUI,35294,352,35,27,2053,0,358708912,0,0,0,0,277955798,26746140,109105800,3,0,0,,,,0,0,0.0962,0.3042
1991,KLUI,35295,352,35,7,8769,0,57443224,0,0,0,1091730,19596572,9329589,0,0,0,0,,,,0,124499,0.4761,0.0
2001,KLUI,35295,352,35,7,9477,66182903,400655566,258699403,141956163,883836,3629054,208476327,58762604,0,0,4,1,0.4662,6983529,14979019,93261,382933,0.2819,0.0
2003,KLUI,35295,352,35,8,7753,105599989,611779700,397028059,214751641,4420147,7087902,310257794,100628045,24830300,2,4,1,0.4917,13620533,27699167,570121,914214,0.3243,0.0406
2005,KLUI,35295,352,35,9,7453,0,459200824,0,0,0,0,257297389,106833794,16371523,3,0,2,,,,0,0,0.4152,0.0357
1991,KLUI,35299,352,35,15,1414,0,92016724,0,0,0,542538,39601523,26381631,0,0,0,2,,,,0,383690,0.6662,0.0
2001,KLUI,35299,352,35,33,4417,86315918,3043243603,2458926991,584316612,63961482,15657572,2181092603,1841325489,0,0,7,4,0.1477,19541752,132288117,14480752,3544843,0.8442,0.0
2003,KLUI,35299,352,35,34,4999,90690912,2070982023,1392530511,678451512,81466062,10748027,1227037897,1073480889,97044575,9,10,4,0.1337,18141811,135717446,16296472,2150035,0.8749,0.0469
2005,KLUI,35299,352,35,42,5007,0,1152605570,0,0,0,0,533222106,399947829,76084752,13,0,2,,,,0,0,0.7501,0.066
1998,KLUI,35301,353,35,1,15422,18032418,96989173,30057655,66931518,83885000,580795,5860176,5682365,0,0,1,0,0.2694,1169266,4340002,5439307,37660,0.9697,0.0
2000,KLUI,35301,353,35,1,10272,14461377,965700289,13986166,951714123,0,249237,0,0,0,0,0,0,0.0152,1407844,92651297,0,24264,,0.0
1998,KLUI,35302,353,35,1,120,49048,5940000,902512,5037488,3290870709,92857,280480,0,0,0,1,0,0.0097,408733,41979067,27423922575,773808,0.0,0.0
2001,KLUI,35310,353,35,8,338,1727487,27686116,19959631,7726485,1525000,2332871,15895525,0,0,0,1,0,0.2236,5110908,22859423,4511834,6901985,0.0,0.0
2003,KLUI,35310,353,35,6,415,8133487,401784495,259150948,142633547,878287,3826764,239075486,17384123,0,0,1,0,0.057,19598764,343695294,2116354,9221118,0.0727,0.0
2005,KLUI,35310,353,35,7,287,0,464570659,0,0,0,0,254728146,5329285,0,0,0,0,,,,0,0,0.0209,0.0
2001,KLUI,35320,353,35,5,309,1783211,99697795,98109540,1588255,13405686,2270805,88424406,1544,0,0,1,3,1.1227,5770909,5139984,43384097,7348883,0.0,0.0
2003,KLUI,35320,353,35,5,588,41565838,688246319,270690068,417556251,16485780,11727139,170206719,14593038,0,0,2,3,0.0995,70690201,710129679,28037041,19944114,0.0857,0.0
2005,KLUI,35320,353,35,5,319,0,458684552,0,0,0,0,153575075,17919,65406,1,0,3,,,,0,0,0.0001,0.0001
1991,KLUI,35410,354,35,7,1449,0,124425627,0,0,0,3375101,75755540,11828,0,0,0,0,,,,0,2329262,0.0002,0.0
2001,KLUI,35410,354,35,17,1401,8191115,113387315,64909531,48477784,3485261,5939372,44935895,2364465,0,0,5,2,0.169,5846620,34602273,2487695,4239380,0.0526,0.0
2003,KLUI,35410,354,35,27,2472,25838526,230162954,153946954,76216000,22679772,17891492,117157083,12063784,75466104,9,10,2,0.339,10452478,30831715,9174665,7237659,0.103,0.3279
2005,KLUI,35410,354,35,22,1837,0,218377548,0,0,0,0,122044717,11583525,92801528,9,0,1,,,,0,0,0.0949,0.425
2001,KLUI,35420,354,35,6,326,7318025,51581002,32118647,19462355,17653886,253385,28841063,10471543,0,0,3,3,0.376,22447929,59700475,54153025,777255,0.3631,0.0
2003,KLUI,35420,354,35,6,698,34444810,295503363,186676597,108826766,2170621,9631318,161496320,6001425,0,0,2,3,0.3165,49347865,155912272,3109772,13798450,0.0372,0.0
2005,KLUI,35420,354,35,7,495,0,301437912,0,0,0,0,187093994,57657899,38926250,2,0,3,,,,0,0,0.3082,0.1291
2001,KLUI,35430,354,35,1,20,175591,1975777,1163097,812680,248300,601,1123195,1123195,0,0,1,1,0.2161,8779550,40634000,12415000,30050,1.0,0.0
2003,KLUI,35430,354,35,2,231,5367791,60487076,56506851,3980225,7899593,1998599,50745808,17009649,5611396,1,2,2,1.3486,23237190,17230411,34197372,8651944,0.3352,0.0928
2005,KLUI,35430,354,35,3,1341,0,380871315,0,0,0,0,271448357,172290124,99775510,1,0,2,,,,0,0,0.6347,0.262
1991,KLUI,35440,354,35,2,92,0,23967546,0,0,0,445042,13131654,9398838,0,0,0,2,,,,0,4837413,0.7157,0.0
2001,KLUI,35440,354,35,8,730,4235706,39447172,33731010,5716162,0,6584162,18700501,1663803,0,0,0,1,0.741,5802337,7830359,0,9019400,0.089,0.0
2003,KLUI,35440,354,35,6,547,3405667,16390184,8781688,7608496,2120106,622292,5278439,646491,1596000,1,2,1,0.4476,6226082,13909499,3875879,1137645,0.1225,0.0974
2005,KLUI,35440,354,35,6,714,0,88383323,0,0,0,0,33015515,2567619,15981133,2,0,1,,,,0,0,0.0778,0.1808
1991,KLUI,35511,355,35,21,12988,0,764922963,0,0,0,19994373,469122523,232715440,0,0,0,3,,,,0,1539450,0.4961,0.0
2001,KLUI,35511,355,35,36,29625,433234549,7637143172,5468340275,2168802897,1178035957,150948699,4918844419,2616463348,0,0,12,7,0.1998,14623951,73208537,39764927,5095315,0.5319,0.0
2003,KLUI,35511,355,35,26,22497,461014342,6083029082,4311193660,1771835422,327565121,166602911,3923903945,1987150291,1445984451,8,11,6,0.2602,20492259,78758742,14560391,7405561,0.5064,0.2377
2005,KLUI,35511,355,35,28,29664,0,20857764613,0,0,0,0,16151308739,8972868815,3788538137,7,0,8,,,,0,0,0.5556,0.1816
1991,KLUI,35512,355,35,27,1746,0,27864029,0,0,0,1065081,14770872,3165160,0,0,0,0,,,,0,610012,0.2143,0.0
2001,KLUI,35512,355,35,28,2534,16423810,112765503,56942761,55822742,10117430,2467973,43681898,3069612,0,0,5,0,0.2942,6481377,22029496,3992672,973944,0.0703,0.0
2003,KLUI,35512,355,35,32,2357,15279136,151709397,85914695,65794702,2850443,3515707,66492100,11712155,0,0,6,0,0.2322,6482451,27914596,1209352,1491602,0.1761,0.0
2005,KLUI,35512,355,35,34,2843,0,186914747,0,0,0,0,95787146,6808487,675865,1,0,0,,,,0,0,0.0711,0.0036
1991,KLUI,35521,355,35,122,45249,0,335162035,0,0,0,7745050,135056195,422771,0,0,0,14,,,,0,171165,0.0031,0.0
2001,KLUI,35521,355,35,75,26109,111476399,1094207202,188646420,905560782,53842814,10021616,158444575,2200800,0,0,19,9,0.1231,4269654,34683855,2062232,383838,0.0139,0.0
2003,KLUI,35521,355,35,79,44473,696331211,1081705788,444751000,636954788,45978915,85159794,307920408,1177755,126055288,20,23,7,1.0932,15657392,14322281,1033861,1914865,0.0038,0.1165
2005,KLUI,35521,355,35,77,33883,0,1198796202,0,0,0,0,597354133,212621,277850491,21,0,8,,,,0,0,0.0004,0.2318
1991,KLUI,35522,355,35,19,1999,0,23894887,0,0,0,589520,14969832,5165,0,0,0,3,,,,0,294907,0.0003,0.0
2001,KLUI,35522,355,35,26,6848,29958303,242249954,128609177,113640777,5168896,2881573,119709070,18423456,0,0,1,0,0.2636,4374752,16594740,754804,420790,0.1539,0.0
2003,KLUI,35522,355,35,23,3955,3346321915,384061461,301165934,82895527,7391890,19273812,271975264,10752,0,0,5,1,40.3679,846099094,20959678,1868999,4873277,0.0,0.0
2005,KLUI,35522,355,35,27,6580,0,641541542,0,0,0,0,322779369,13389483,28497137,3,0,1,,,,0,0,0.0415,0.0444
1991,KLUI,35523,355,35,121,34605,0,1577540125,0,0,0,21818432,1130034844,25324592,0,0,0,14,,,,0,630499,0.0224,0.0
2001,KLUI,35523,355,35,139,38684,320143851,7402883861,6192167436,1210716425,142686979,125293508,5806344151,154993956,0,0,55,15,0.2644,8275872,31297602,3688527,3238897,0.0267,0.0
2003,KLUI,35523,355,35,133,36625,6372194645,13997264747,11793640873,2203623874,2238462584,153392923,11131194409,208922012,9988961758,62,59,23,2.8917,173984837,60167205,61118432,4188203,0.0188,0.7136
2005,KLUI,35523,355,35,137,38360,0,29000783933,0,0,0,0,26244311038,175413608,22386611364,65,0,21,,,,0,0,0.0067,0.7719
1991,KLUI,35591,355,35,15,1504,0,29102646,0,0,0,896712,9700975,614129,0,0,0,0,,,,0,596218,0.0633,0.0
2001,KLUI,35591,355,35,20,5664,41803674,330122715,237076586,93046129,9927550,17366384,204288748,82547709,0,0,5,5,0.4493,7380592,16427636,1752745,3066099,0.4041,0.0
2003,KLUI,35591,355,35,32,11090,93411943,677273604,459177355,218096249,3660956,16954104,390070094,84579248,512693401,12,6,5,0.4283,8423079,19666028,330113,1528774,0.2168,0.757
2005,KLUI,35591,355,35,36,12587,0,1355046271,0,0,0,0,745831417,238560880,803784712,14,0,6,,,,0,0,0.3199,0.5932
1991,KLUI,35592,355,35,11,854,0,21325052,0,0,0,388437,6929966,1706229,0,0,0,1,,,,0,454844,0.2462,0.0
2001,KLUI,35592,355,35,21,5889,33880054,421065983,232559650,188506333,12776434,7737922,161568531,47535667,0,0,7,4,0.1797,5753108,32009905,2169542,1313962,0.2942,0.0
2003,KLUI,35592,355,35,30,5799,75067201,480776402,202592721,278183681,19639147,6897565,134596486,64868686,91317024,5,9,5,0.2698,12944853,47970974,3386644,1189440,0.4819,0.1899
2005,KLUI,35592,355,35,31,6011,0,829981545,0,0,0,0,372671421,132551406,70151768,3,0,5,,,,0,0,0.3557,0.0845
1991,KLUI,35593,355,35,107,29425,0,338684066,0,0,0,4806655,155790656,97805823,0,0,0,8,,,,0,163353,0.6278,0.0
2001,KLUI,35593,355,35,83,20531,134749066,1229653107,548704092,680949015,129858519,11539843,437505944,166463034,0,0,15,6,0.1979,6563200,33166870,6324997,562069,0.3805,0.0
2003,KLUI,35593,355,35,69,17808,195396151,1139981837,672054267,467927570,52303602,16389905,468329918,203687111,121991772,9,18,7,0.4176,10972380,26276256,2937085,920368,0.4349,0.107
2005,KLUI,35593,355,35,62,14123,0,1387424352,0,0,0,0,767587284,302187303,190247618,8,0,6,,,,0,0,0.3937,0.1371
1991,KLUI,35601,356,35,20,2358,0,74218110,0,0,0,849006,39724002,1941344,0,0,0,1,,,,0,360053,0.0489,0.0
2001,KLUI,35601,356,35,42,6237,51534480,1180145208,917779690,262365518,77519666,15845391,823424804,105378845,0,0,13,6,0.1964,8262703,42065980,12428999,2540547,0.128,0.0
2003,KLUI,35601,356,35,34,4453,54160405,759096545,493451080,265645465,53186754,7330638,446739230,88416634,26040576,2,8,6,0.2039,12162678,59655393,11944027,1646225,0.1979,0.0343
2005,KLUI,35601,356,35,35,4201,0,2864205790,0,0,0,0,1976967095,215414366,662831371,3,0,6,,,,0,0,0.109,0.2314
1991,KLUI,35602,356,35,28,6948,0,53599758,0,0,0,1339552,26812915,5409265,0,0,0,0,,,,0,192797,0.2017,0.0
1991,KLUI,35603,356,35,46,10628,0,593512216,0,0,0,8487484,440351344,143670192,0,0,0,4,,,,0,798597,0.3263,0.0
2001,KLUI,35603,356,35,86,20721,136794197,1584500902,1112834667,471666235,263271443,18328466,961056492,339898480,0,0,20,8,0.29,6601718,22762716,12705538,884536,0.3537,0.0
2003,KLUI,35603,356,35,76,17316,220654688,2555286794,1797077592,758209202,199530522,55128458,1568967886,734938506,102728054,4,11,10,0.291,12742821,43786625,11522899,3183672,0.4684,0.0402
2005,KLUI,35603,356,35,74,18001,0,3776641631,0,0,0,0,2029193683,912236371,392482687,7,0,5,,,,0,0,0.4496,0.1039
1991,KLUI,35604,356,35,16,4620,0,185270202,0,0,0,2531510,74410105,44446553,0,0,0,1,,,,0,547946,0.5973,0.0
2001,KLUI,35604,356,35,17,6053,69754725,1263906321,950861447,313044874,19026643,4806755,844491204,470368625,0,0,3,4,0.2228,11523992,51717309,3143341,794111,0.557,0.0
2003,KLUI,35604,356,35,13,4811,79295979,616161338,401729072,214432266,15389976,3437048,350342665,182450009,13274353,1,2,2,0.3698,16482224,44571246,3198914,714414,0.5208,0.0215
2005,KLUI,35604,356,35,13,4773,0,1287121781,0,0,0,0,906858473,418324279,21058330,2,0,3,,,,0,0,0.4613,0.0164
1991,KLUI,35605,356,35,90,18981,0,217577173,0,0,0,3750369,121028817,73550627,0,0,0,1,,,,0,197585,0.6077,0.0
2001,KLUI,35605,356,35,157,35711,288782451,1578483746,885404208,693079538,97290087,19069357,714886690,262547842,0,0,21,10,0.4167,8086653,19408013,2724373,533991,0.3673,0.0
2003,KLUI,35605,356,35,153,34176,381292542,2456600224,1460563432,996036792,82284715,54744912,1195712175,447363574,81952145,5,30,11,0.3828,11156734,29144335,2407675,1601853,0.3741,0.0334
2005,KLUI,35605,356,35,168,31956,0,2984302076,0,0,0,0,1536654571,185924242,134803404,10,0,10,,,,0,0,0.121,0.0452
1991,KLUI,35606,356,35,337,43700,0,564507831,0,0,0,6892660,372992555,248446340,0,0,0,3,,,,0,157727,0.6661,0.0
2001,KLUI,35606,356,35,396,66620,596216696,4896163367,3487126191,1409037176,253371078,47774944,3072253340,948965609,0,0,77,13,0.4231,8949515,21150363,3803228,717126,0.3089,0.0
2003,KLUI,35606,356,35,401,74226,611524364,6992023716,4529043803,2462979913,331153283,80042784,3910036107,1114702991,787563274,19,78,24,0.2483,8238681,33182172,4461419,1078366,0.2851,0.1126
2005,KLUI,35606,356,35,410,75608,0,9172733727,0,0,0,0,6122304400,1896570073,1468757402,28,0,13,,,,0,0,0.3098,0.1601
1991,KLUI,35607,356,35,21,2832,0,64593699,0,0,0,608856,20091528,7201823,0,0,0,0,,,,0,214992,0.3585,0.0
2001,KLUI,35607,356,35,43,15038,110369739,584846039,369922678,214923361,162880778,5649260,304175738,151555762,0,0,12,9,0.5135,7339389,14292018,10831279,375666,0.4983,0.0
2003,KLUI,35607,356,35,57,16775,271811688,1719372310,647324704,1072047606,86186780,16092856,579274817,335714635,395165438,7,13,14,0.2535,16203379,63907458,5137811,959336,0.5795,0.2298
2005,KLUI,35607,356,35,54,12780,0,5103827138,0,0,0,0,3464371210,1185982777,573401158,7,0,7,,,,0,0,0.3423,0.1123
1991,KLUI,35609,356,35,100,9417,0,113850229,0,0,0,3676997,63218954,32818774,0,0,0,3,,,,0,390464,0.5191,0.0
2001,KLUI,35609,356,35,144,20851,165348870,1497837638,961216062,536621576,91760468,21802071,729707345,278051389,0,0,25,24,0.3081,7930021,25736012,4400771,1045613,0.381,0.0
2003,KLUI,35609,356,35,179,20371,177781434,1631379117,1019254352,612124765,128603786,33046826,800245949,263116454,229694761,14,28,24,0.2904,8727182,30048832,6313082,1622249,0.3288,0.1408
2005,KLUI,35609,356,35,204,27033,0,2371549960,0,0,0,0,1425912612,478714624,366955854,24,0,25,,,,0,0,0.3357,0.1547
1998,KLUI,35911,359,35,6,6307,12019596,3917595071,2480292538,1437302533,23187597,4933690,2426488481,1324482395,0,0,1,4,0.0084,1905755,227890048,3676486,782256,0.5458,0.0
2000,KLUI,35911,359,35,10,13697,16716949,10401775309,8717104806,1684670503,25639738,11028436,8543316134,4342153803,914027185,3,4,5,0.0099,1220483,122995583,1871924,805172,0.5083,0.0879
1998,KLUI,35912,359,35,72,12572,13671162,11404344811,3973585143,7430759668,61081809,55287164,3696864322,1952580397,16913745,1,23,12,0.0018,1087429,591056289,4858559,4397643,0.5282,0.0015
2000,KLUI,35912,359,35,79,11581,28690973,15705426894,4821614395,10883812499,53934250,119272465,3991144593,1974756401,223024963,11,19,13,0.0026,2477418,939799024,4657132,10298978,0.4948,0.0142
1998,KLUI,35921,359,35,16,2290,2206218,145983567,96132939,49850628,27714,1340736,66249582,20113938,0,0,3,0,0.0443,963414,21768833,12102,585474,0.3036,0.0
2000,KLUI,35921,359,35,16,1692,1392731,77703817,43385390,34318427,40000,670057,31047286,7104711,8014848,1,1,0,0.0406,823127,20282758,23641,396015,0.2288,0.1031
1998,KLUI,35922,359,35,55,4424,2298433,328550209,218359946,110190263,1020306,4551767,183311980,113478331,78514458,2,7,5,0.0209,519537,24907383,230630,1028880,0.619,0.239
2000,KLUI,35922,359,35,52,5553,6873097,631170897,393176211,237994686,200500,7083475,260400038,164719033,152460006,3,5,6,0.0289,1237727,42858759,36107,1275612,0.6326,0.2416
1998,KLUI,35990,359,35,4,180,49241,3510166,3247404,262762,274753,137953,2894135,700000,0,0,2,0,0.1874,273561,1459789,1526406,766406,0.2419,0.0
2000,KLUI,35990,359,35,3,497,613210,48158803,6340706,41818097,206367,276552,5732483,0,0,0,1,0,0.0147,1233823,84141040,415225,556443,0.0,0.0
1998,KLUI,36101,361,36,1021,122328,308889651,6474644623,3087450028,3387194595,914611432,21694263,2763890356,260595358,542310979,29,262,31,0.0912,2525094,27689446,7476714,177345,0.0943,0.0838
2000,KLUI,36101,361,36,1091,127595,95190525,5325132987,3193205335,2131927652,344135815,24669102,2862455501,141149511,3321606795,442,211,54,0.0446,746036,16708552,2697095,193339,0.0493,0.6238
1998,KLUI,36102,361,36,139,35750,11599896,1032375594,640253629,392121965,30843997,6672104,556545766,3224198,69223644,9,40,4,0.0296,324473,10968447,862769,186632,0.0058,0.0671
2000,KLUI,36102,361,36,176,41154,22675342,1038168317,668756687,369411630,42550935,7213017,581129954,11896397,737454946,107,32,7,0.0614,550988,8976324,1033944,175269,0.0205,0.7103
1998,KLUI,36103,361,36,34,17717,10617774,910324552,740876560,169447992,9318440,16566380,631657097,261713201,479030136,3,11,3,0.0627,599299,9564147,525960,935056,0.4143,0.5262
2000,KLUI,36103,361,36,13,1487,1451439,70022213,40448167,29574046,440506,141029,35041200,634358,10155913,2,1,1,0.0491,976085,19888397,296238,94841,0.0181,0.145
1998,KLUI,36104,361,36,110,10431,4794885,282942822,191009605,91933217,582885980,3574147,168997434,14584122,5112687,6,32,4,0.0522,459676,8813462,55880163,342647,0.0863,0.0181
2000,KLUI,36104,361,36,106,11451,4688584,507596953,304445024,203151929,8592695,5102501,259243954,23487276,96559000,12,22,4,0.0231,409448,17740977,750388,445594,0.0906,0.1902
1998,KLUI,36109,361,36,15,564,76012,18846100,12677370,6168730,449737,143421,11603179,1392725,0,0,5,1,0.0123,134773,10937465,797406,254293,0.12,0.0
2000,KLUI,36109,361,36,18,747,354357,27600618,16263574,11337044,264873,219886,14997000,1222959,1772229,1,3,1,0.0313,474373,15176766,354582,294359,0.0815,0.0642
1991,KLUI,36111,361,36,41,14310,0,83288054,0,0,0,9362806,25228328,17638260,0,0,0,4,,,,0,654284,0.6991,0.0
2001,KLUI,36111,361,36,35,14139,85041638,531745327,255949147,275796180,6883861,54275964,113771197,38890525,0,0,7,5,0.3083,6014685,19506060,486870,3838741,0.3418,0.0
2003,KLUI,36111,361,36,33,12735,92477244,500531326,223361667,277169659,941000,66100535,105045024,60723906,52327875,12,4,4,0.3336,7261660,21764402,73891,5190462,0.5781,0.1045
2005,KLUI,36111,361,36,34,12552,0,554558353,0,0,0,0,131313928,49976466,171841759,14,0,4,,,,0,0,0.3806,0.3099
1991,KLUI,36112,361,36,26,14724,0,371643979,0,0,0,46826322,89621357,58177614,0,0,0,3,,,,0,3180272,0.6491,0.0
2001,KLUI,36112,361,36,34,20603,207989667,1895788640,976951637,918837003,242070897,161066761,577354979,336510232,0,0,11,8,0.2264,10095116,44597243,11749303,7817636,0.5828,0.0
2003,KLUI,36112,361,36,34,16778,174541616,2378722138,1246310174,1132411964,307226262,90227304,770758879,375400745,76391147,8,15,7,0.1541,10403005,67493859,18311257,5377715,0.4871,0.0321
2005,KLUI,36112,361,36,29,18331,0,3250370901,0,0,0,0,1394343419,687773432,113858339,6,0,5,,,,0,0,0.4933,0.035
1991,KLUI,36113,361,36,4,186,0,14442695,0,0,0,24697,708775,357450,0,0,0,1,,,,0,132780,0.5043,0.0
2001,KLUI,36113,361,36,3,461,3818369,34892851,14944459,19948392,0,1458178,12334096,8270107,0,0,0,3,0.1914,8282796,43272000,0,3163076,0.6705,0.0
2003,KLUI,36113,361,36,3,287,4102436,20949648,8314176,12635472,81395641,439287,6418218,5813027,5232375,1,1,1,0.3247,14294202,44026035,283608505,1530617,0.9057,0.2498
2005,KLUI,36113,361,36,2,200,0,3059476,0,0,0,0,757201,420238,0,0,0,1,,,,0,0,0.555,0.0
2001,KLUI,36119,361,36,3,92,392994,796169,214748,581421,25000,48905,112517,39000,0,0,1,0,0.6759,4271674,6319793,271739,531576,0.3466,0.0
2003,KLUI,36119,361,36,2,147,869609,1913395,611954,1301441,0,74326,359289,126416,1623984,2,0,1,0.6682,5915707,8853340,0,505619,0.3519,0.8487
2005,KLUI,36119,361,36,3,657,0,7193206,0,0,0,0,3097789,128700,5934187,2,0,0,,,,0,0,0.0415,0.825
1991,KLUI,36211,362,36,21,12077,0,326457061,0,0,0,40622324,87675270,33321060,0,0,0,0,,,,0,3363610,0.3801,0.0
2001,KLUI,36211,362,36,25,14586,208637117,2476908993,1773285569,703623424,60306436,230614451,1145799599,940011944,0,0,8,2,0.2965,14303930,48239642,4134542,15810671,0.8204,0.0
2003,KLUI,36211,362,36,18,16109,269937521,1759584774,1097303305,662281469,14636103,270758478,552858814,346216974,262229409,4,3,1,0.4076,16756938,41112513,908567,16807901,0.6262,0.149
2005,KLUI,36211,362,36,19,16320,0,1292353736,0,0,0,0,438523801,275284009,502487160,8,0,1,,,,0,0,0.6278,0.3888
1991,KLUI,36212,362,36,1,524,0,13266607,0,0,0,540000,9003069,7749634,0,0,0,0,,,,0,1030534,0.8608,0.0
2001,KLUI,36212,362,36,4,1103,16155279,84827288,49935011,34892277,1088736,562913,42254319,37369834,0,0,1,3,0.463,14646672,31633977,987068,510347,0.8844,0.0
2003,KLUI,36212,362,36,3,843,14265635,209181749,140464435,68717314,0,1273985,105581666,91395468,0,0,0,2,0.2076,16922461,81515200,0,1511251,0.8656,0.0
2005,KLUI,36212,362,36,3,961,0,37583640,0,0,0,0,57715596,0,0,0,0,1,,,,0,0,0.0,0.0
2003,KLUI,36213,362,36,1,177,850000,1920000,756853,1163147,0,23573,550000,0,0,0,0,0,0.7308,4802260,6571452,0,133181,0.0,0.0
2005,KLUI,36213,362,36,1,173,0,2824000,0,0,0,0,760000,0,0,0,0,0,,,,0,0,0.0,0.0
1991,KLUI,36214,362,36,9,2126,0,50799623,0,0,0,4437482,17404162,10741475,0,0,0,0,,,,0,2087245,0.6172,0.0
2001,KLUI,36214,362,36,14,4279,68051915,722954468,230902867,492051601,22065600,45252715,127868592,64740451,0,0,3,2,0.1383,15903696,114992195,5156719,10575535,0.5063,0.0
2003,KLUI,36214,362,36,10,3276,26137731,801035950,443080659,357955291,63733571,106688070,226550257,74500687,57425537,1,2,1,0.073,7978550,109265962,19454692,32566566,0.3288,0.0717
2005,KLUI,36214,362,36,7,2494,0,341886762,0,0,0,0,35104410,13720619,29129220,2,0,1,,,,0,0,0.3909,0.0852
1991,KLUI,36219,362,36,1,66,0,1177761,0,0,0,34733,520626,0,0,0,0,0,,,,0,526258,0.0,0.0
2001,KLUI,36219,362,36,17,1756,7564009,87374421,69870627,17503794,35264437,848292,67134439,1819146,0,0,4,2,0.4321,4307522,9967992,20082253,483082,0.0271,0.0
2003,KLUI,36219,362,36,14,1876,15996111,135103591,49404172,85699419,38561726,1487570,33623125,18223626,0,0,4,2,0.1867,8526712,45681993,20555291,792948,0.542,0.0
2005,KLUI,36219,362,36,17,2205,0,380087996,0,0,0,0,216888529,37811104,482750,2,0,2,,,,0,0,0.1743,0.0013
1991,KLUI,36221,362,36,7,2970,0,109292712,0,0,0,193878,27340658,9062270,0,0,0,1,,,,0,65279,0.3315,0.0
2001,KLUI,36221,362,36,16,4062,90876548,1947922556,573377861,1374544695,45253790,45375075,294064707,179046839,0,0,3,1,0.0661,22372365,338391112,11140766,11170624,0.6089,0.0
2003,KLUI,36221,362,36,13,3601,168761056,1906411086,690414893,1215996193,230010290,197962712,221354033,154493053,556846557,6,2,1,0.1388,46865053,337682919,63874004,54974372,0.6979,0.2921
2005,KLUI,36221,362,36,11,3431,0,5750915007,0,0,0,0,946744825,655050104,1434695831,4,0,1,,,,0,0,0.6919,0.2495
1991,KLUI,36222,362,36,8,454,0,6272572,0,0,0,430287,3832782,134898,0,0,0,0,,,,0,947769,0.0352,0.0
2001,KLUI,36222,362,36,9,1354,10157744,70847115,52385535,18461580,755,1374142,41449828,0,0,0,1,1,0.5502,7502027,13634845,558,1014876,0.0,0.0
2003,KLUI,36222,362,36,7,1497,37120809,379734742,272985961,106748781,174506009,6759286,64821065,22699483,53720509,2,2,1,0.3477,24796800,71308471,116570480,4515221,0.3502,0.1415
2005,KLUI,36222,362,36,8,1950,0,745994320,0,0,0,0,445408638,70510796,125752807,2,0,0,,,,0,0,0.1583,0.1686
1991,KLUI,36310,363,36,10,11669,0,1287810450,0,0,0,309332339,215807468,57423790,0,0,0,2,,,,0,26508899,0.2661,0.0
2001,KLUI,36310,363,36,16,20089,836844677,11771793769,4642315424,7129478345,291617731,1490883589,904931460,167496816,0,0,11,5,0.1174,41656861,354894636,14516289,74213927,0.1851,0.0
2003,KLUI,36310,363,36,18,19058,830122731,11738768635,4353454210,7385314425,270351595,1192411624,1194016067,242317601,1143941511,9,8,5,0.1124,43557704,387517810,14185728,62567511,0.2029,0.0974
2005,KLUI,36310,363,36,17,19485,0,16275389116,0,0,0,0,1258536426,185727057,1363486380,9,0,3,,,,0,0,0.1476,0.0838
1991,KLUI,36321,363,36,350,20629,0,464150575,0,0,0,8747784,253496376,25167021,0,0,0,5,,,,0,424053,0.0993,0.0
2001,KLUI,36321,363,36,290,18558,126853773,1027869959,646713259,381156700,26451299,34068740,549601718,46922216,0,0,48,12,0.3328,6835530,20538673,1425331,1835798,0.0854,0.0
2003,KLUI,36321,363,36,249,17664,171228813,1621379617,1043152197,578227420,63735792,58012027,891086794,43850095,16221762,4,52,8,0.2961,9693660,32734795,3608231,3284195,0.0492,0.01
2005,KLUI,36321,363,36,224,16359,0,2003027813,0,0,0,0,1203217339,109439246,33642402,4,0,9,,,,0,0,0.091,0.0168
1991,KLUI,36329,363,36,1,51,0,194120,0,0,0,6096,52978,34000,0,0,0,0,,,,0,119529,0.6418,0.0
2001,KLUI,36329,363,36,4,129,477584,2547343,1086299,1461044,106500,142305,357356,0,0,0,2,0,0.3269,3702202,11325922,825581,1103140,0.0,0.0
2003,KLUI,36329,363,36,5,222,1195479,6880656,1794939,5085717,0,64982,1222803,37856,836325,1,0,0,0.2351,5385041,22908635,0,292712,0.031,0.1215
2005,KLUI,36329,363,36,6,382,0,29704038,0,0,0,0,24041380,2007854,774250,1,0,1,,,,0,0,0.0835,0.0261
1991,KLUI,36331,363,36,69,2445,0,10714420,0,0,0,3896320,2647057,0,0,0,0,0,,,,0,1593587,0.0,0.0
2001,KLUI,36331,363,36,98,3361,12388660,67437973,44638874,22799099,751843,19708057,20223855,5237519,0,0,25,1,0.5434,3686004,6783427,223696,5863748,0.259,0.0
2003,KLUI,36331,363,36,85,3033,12924698,98258274,70711984,27546290,2447958,24502649,32386509,0,2317896,2,10,1,0.4692,4261358,9082193,807108,8078684,0.0,0.0236
2005,KLUI,36331,363,36,98,3486,0,143277928,0,0,0,0,52568293,148842,254240,1,0,0,,,,0,0,0.0028,0.0018
1991,KLUI,36332,363,36,3,259,0,2587832,0,0,0,46851,949508,66202,0,0,0,0,,,,0,180892,0.0697,0.0
2001,KLUI,36332,363,36,9,788,5730141,27844308,6209599,21634709,729901,354414,4612778,1600425,0,0,1,0,0.2649,7271753,27455214,926270,449764,0.347,0.0
2003,KLUI,36332,363,36,8,442,1403006,10547470,4204052,6343418,12064,511911,3323483,209884,0,0,1,0,0.2212,3174222,14351624,27294,1158170,0.0632,0.0
2005,KLUI,36332,363,36,11,569,0,6504873,0,0,0,0,887494,1380,0,0,0,0,,,,0,0,0.0016,0.0
1991,KLUI,36410,364,36,3,124,0,256066,0,0,0,4461,117960,0,0,0,0,0,,,,0,35976,0.0,0.0
2001,KLUI,36410,364,36,36,6567,35150118,170201954,114230096,55971858,3888048,10221018,71937997,34179751,0,0,18,3,0.628,5352538,8523201,592058,1556421,0.4751,0.0
2003,KLUI,36410,364,36,39,9869,53623623,139324994,60212505,79112489,8582159,13804072,34897484,21531554,19236264,21,11,3,0.6778,5433542,8016262,869608,1398731,0.617,0.1381
2005,KLUI,36410,364,36,40,10638,0,610946992,0,0,0,0,243780813,138056723,116831256,23,0,3,,,,0,0,0.5663,0.1912
1991,KLUI,36421,364,36,80,2597,0,7415107,0,0,0,1911229,1089667,0,0,0,0,0,,,,0,735937,0.0,0.0
2001,KLUI,36421,364,36,99,3463,9956809,40425315,14254880,26170435,1760052,4556142,7215705,35000,0,0,27,1,0.3805,2875198,7557157,508245,1315663,0.0049,0.0
2003,KLUI,36421,364,36,89,3301,11200258,62071639,23524628,38547011,86424263,11407180,10171904,0,0,0,10,1,0.2906,3392989,11677374,26181237,3455674,0.0,0.0
2005,KLUI,36421,364,36,88,3373,0,105566824,0,0,0,0,23191916,0,0,0,0,0,,,,0,0,0.0,0.0
1991,KLUI,36422,364,36,486,18274,0,44288572,0,0,0,11976685,8162580,832439,0,0,0,0,,,,0,655395,0.102,0.0
2001,KLUI,36422,364,36,576,23977,57933508,210380219,98669064,111711155,4742038,52809215,38529590,794773,0,0,95,3,0.5186,2416212,4659096,197774,2202495,0.0206,0.0
2003,KLUI,36422,364,36,530,20877,56274769,216597522,108421765,108175757,7093620,50293179,46326024,3337317,1542366,3,75,4,0.5202,2695539,5181576,339782,2409023,0.072,0.0071
2005,KLUI,36422,364,36,526,20056,0,291737147,0,0,0,0,53339382,1829068,1824249,2,0,1,,,,0,0,0.0343,0.0063
1991,KLUI,36423,364,36,7,858,0,44051993,0,0,0,2033654,27593163,24829963,0,0,0,0,,,,0,2370226,0.8999,0.0
2001,KLUI,36423,364,36,5,414,3365076,24209631,13298313,10911318,0,431885,9817765,7347123,0,0,0,1,0.3084,8128203,26355841,0,1043200,0.7483,0.0
2003,KLUI,36423,364,36,9,1022,11737278,42466553,31507609,10958944,2342186,3355564,21751224,9783022,1839056,1,3,1,1.071,11484616,10723037,2291767,3283331,0.4498,0.0433
2005,KLUI,36423,364,36,10,1069,0,104606438,0,0,0,0,48926804,30985345,10913706,2,0,1,,,,0,0,0.6333,0.1043
2001,KLUI,36429,364,36,5,508,2878768,24495291,10432514,14062777,486191,4870481,4284303,1229975,0,0,1,1,0.2047,5666866,27682632,957069,9587561,0.2871,0.0
2003,KLUI,36429,364,36,11,711,4799071,22839419,12485460,10353959,0,4963109,5738568,1703664,418950,1,0,0,0.4635,6749748,14562530,0,6980463,0.2969,0.0183
2005,KLUI,36429,364,36,12,2097,0,148809870,0,0,0,0,47501030,27369914,24338240,2,0,1,,,,0,0,0.5762,0.1636
2003,KLUI,36490,364,36,4,3453,117278251,168563737,58876093,109687644,43991376,21290302,32349394,27497441,0,0,1,1,1.0692,33964162,31765897,12740045,6165741,0.85,0.0
2005,KLUI,36490,364,36,5,198,0,15257113,0,0,0,0,11230080,0,0,0,0,0,,,,0,0,0.0,0.0
1991,KLUI,36911,369,36,82,4598,0,54724070,0,0,0,8672170,11775755,1886254,0,0,0,1,,,,0,1886074,0.1602,0.0
1998,KLUI,36911,369,36,2,48,7578,59099336,58701485,397851,0,20066,58618736,0,0,0,0,0,0.019,157875,8288562,0,418042,0.0,0.0
2000,KLUI,36911,369,36,3,105,7533,4754745,745115,4009630,2007,17048,558789,0,838000,1,2,0,0.0019,71743,38186952,19114,162362,0.0,0.1762
2001,KLUI,36911,369,36,128,4857,78867686,166224200,100863647,65360553,6365383,14937477,67656488,5688442,0,0,32,1,1.2067,16237942,13456980,1310559,3075453,0.0841,0.0
2003,KLUI,36911,369,36,131,5005,29702658,198831158,113866013,84965145,19539316,22297926,80386530,1163660,11522157,9,16,2,0.3496,5934597,16976053,3903959,4455130,0.0145,0.0579
2005,KLUI,36911,369,36,134,4952,0,246567190,0,0,0,0,79308526,1180933,18246714,13,0,1,,,,0,0,0.0149,0.074
1998,KLUI,36912,369,36,60,5066,534472,405779577,294005536,111774041,15348258,680675,286571410,1257643,20231033,2,22,1,0.0048,105502,22063569,3029660,134361,0.0044,0.0499
2000,KLUI,36912,369,36,59,6367,1637049,541438940,207976180,333462760,19485499,1121532,192959185,2426250,120790103,19,16,2,0.0049,257115,52373608,3060389,176148,0.0126,0.2231
1998,KLUI,36913,369,36,5,248,44653,2604793,1849735,755058,10086,16419,1549909,0,0,0,2,0,0.0591,180052,3044589,40669,66206,0.0,0.0
2000,KLUI,36913,369,36,5,257,90343,3589390,1417670,2171720,860,38501,1163318,306454,421819,4,1,0,0.0416,351529,8450272,3346,149809,0.2634,0.1175
1998,KLUI,36915,369,36,33,2748,613154,44067436,15306972,28760464,3301716,658353,12043969,1626757,1580397,1,14,0,0.0213,223127,10465962,1201498,239575,0.1351,0.0359
2000,KLUI,36915,369,36,42,2612,620408,26587025,12307934,14279091,643132,689983,9803333,662594,11281861,19,6,1,0.0434,237522,5466727,246222,264159,0.0676,0.4243
1991,KLUI,36919,369,36,4,659,0,24765037,0,0,0,546525,11991504,0,0,0,0,0,,,,0,829325,0.0,0.0
2001,KLUI,36919,369,36,1,33,218366,212470,116608,95862,0,48276,61354,0,0,0,0,0,2.2779,6617152,2904909,0,1462909,0.0,0.0
2003,KLUI,36919,369,36,23,1097,5180072,105252607,68973149,36279458,1501693,15822338,44556122,16531021,5277408,7,11,0,0.1428,4722035,33071521,1368909,14423280,0.371,0.0501
2005,KLUI,36919,369,36,18,715,0,16185386,0,0,0,0,2939490,42504,816800,5,0,2,,,,0,0,0.0145,0.0505
1991,KLUI,36921,369,36,3,78,0,184200,0,0,0,0,74250,6000,0,0,0,0,,,,0,0,0.0808,0.0
1998,KLUI,36921,369,36,4,97,11281,1005513,413962,591551,0,17580,346252,0,0,0,0,0,0.0191,116299,6098464,0,181237,0.0,0.0
2000,KLUI,36921,369,36,5,124,12400,1681194,443601,1237593,0,15169,373572,0,747000,1,0,0,0.01,100000,9980589,0,122331,0.0,0.4443
2001,KLUI,36921,369,36,6,148,964662,1910325,806444,1103881,0,27671,692430,0,0,0,0,0,0.8739,6517986,7458655,0,186966,0.0,0.0
2003,KLUI,36921,369,36,3,88,218100,1271200,434276,836924,220000,13032,309475,7200,290180,1,2,0,0.2606,2478409,9510500,2500000,148091,0.0233,0.2283
2005,KLUI,36921,369,36,4,141,0,1200639,0,0,0,0,204601,0,357533,1,0,0,,,,0,0,0.0,0.2978
1991,KLUI,36922,369,36,27,5034,0,41037029,0,0,0,4181756,12100217,4273554,0,0,0,0,,,,0,830702,0.3532,0.0
1998,KLUI,36922,369,36,12,4077,3491774,368230015,152631514,215598501,65110644,701716,123336352,72993089,0,0,4,3,0.0162,856457,52881653,15970234,172116,0.5918,0.0
2000,KLUI,36922,369,36,8,4099,11081974,475401254,377078289,98322965,24003964,1104371,341794691,218820763,246160113,5,2,3,0.1127,2703580,23987061,5856054,269424,0.6402,0.5178
2001,KLUI,36922,369,36,36,7422,52401793,809670009,114394061,695275948,19174298,10668671,67029789,42530699,0,0,14,0,0.0754,7060333,93677708,2583441,1437439,0.6345,0.0
2003,KLUI,36922,369,36,31,7135,64976381,726753912,199279959,527473953,1065909,24958406,143097820,82125058,256927708,9,7,0,0.1232,9106711,73927674,149392,3498025,0.5739,0.3535
2005,KLUI,36922,369,36,38,6520,0,916367172,0,0,0,0,334849433,64833347,306871327,16,0,0,,,,0,0,0.1936,0.3349
2001,KLUI,36929,369,36,22,1303,6693162,68602536,55702785,12899751,90850,2100431,53138110,666756,0,0,3,0,0.5189,5136732,9900039,69724,1611996,0.0125,0.0
1998,KLUI,36930,369,36,45,7190,5810402,503721704,232592936,271128768,19415770,3046155,189365033,59075189,245452965,1,11,7,0.0214,808123,37709147,2700385,423666,0.312,0.4873
2000,KLUI,36930,369,36,42,4049,4451656,390991840,185100697,205891143,1417232,4240248,156940277,39414266,34141327,6,6,6,0.0216,1099446,50849875,350020,1047233,0.2511,0.0873
1991,KLUI,36931,369,36,13,2230,0,79742893,0,0,0,1956117,50136936,26016086,0,0,0,1,,,,0,877183,0.5189,0.0
2001,KLUI,36931,369,36,11,2679,15507733,184184773,140231794,43952979,4609734,5395967,121559557,51985851,0,0,4,1,0.3528,5788627,16406487,1720692,2014172,0.4277,0.0
2003,KLUI,36931,369,36,13,2595,52244182,273239827,190026301,83213526,3707113,14759136,156621451,73459498,0,0,5,1,0.6278,20132633,32066869,1428560,5687528,0.469,0.0
2005,KLUI,36931,369,36,14,2599,0,227122279,0,0,0,0,126303827,52717096,57540,1,0,1,,,,0,0,0.4174,0.0003
2001,KLUI,36932,369,36,4,139,416737,2024908,670443,1354465,0,8422,525086,0,0,0,0,0,0.3077,2998108,9744353,0,60590,0.0,0.0
2000,KLUI,36933,369,36,1,183,54168,772470,331793,440677,17000,27,310516,0,772470,1,1,1,0.1229,296000,2408071,92896,148,0.0,1.0
1991,KLUI,36939,369,36,1,203,0,1664207,0,0,0,24497,793704,0,0,0,0,0,,,,0,120675,0.0,0.0
2001,KLUI,36939,369,36,2,69,571769,1898240,1197436,700804,0,101634,1060598,595634,0,0,0,0,0.8159,8286507,10156580,0,1472957,0.5616,0.0
2003,KLUI,36939,369,36,5,438,5950962,30116154,20007114,10109040,1068052,667223,12243674,5487844,12033646,2,1,1,0.5887,13586671,23080000,2438475,1523340,0.4482,0.3996
2005,KLUI,36939,369,36,3,93,0,5063564,0,0,0,0,2480380,970587,396192,1,0,0,,,,0,0,0.3913,0.0782
1998,KLUI,36941,369,36,1,21,1580,155549,53880,101669,0,4609,38086,0,0,0,0,0,0.0155,75238,4841381,0,219476,0.0,0.0
2000,KLUI,36941,369,36,6,380,269991,14410192,5362730,9047462,0,155238,15600,0,0,0,0,0,0.0298,710503,23809111,0,408521,0.0,0.0
1998,KLUI,36942,369,36,98,37390,40809679,1453918499,798082716,655835783,124192804,5094945,659722272,276867995,219346007,2,27,20,0.0622,1091460,17540406,3321551,136265,0.4197,0.1509
2000,KLUI,36942,369,36,87,30729,48614382,1091102738,629864166,461238572,27700847,2455721,541149699,232667260,583836508,28,19,15,0.1054,1582036,15009879,901456,79915,0.4299,0.5351
1991,KLUI,36990,369,36,49,4794,0,92927482,0,0,0,5304286,26870007,21752966,0,0,0,1,,,,0,1106443,0.8096,0.0
2001,KLUI,36990,369,36,44,3915,26962102,244484881,139246157,105238724,21198455,30222106,82336664,6431623,0,0,13,4,0.2562,6886872,26880900,5414676,7719567,0.0781,0.0
2003,KLUI,36990,369,36,42,4920,30106788,672479429,516367696,156111733,725402265,80223994,353612559,40891249,32494477,5,15,6,0.1929,6119266,31730027,147439485,16305690,0.1156,0.0483
2005,KLUI,36990,369,36,47,4757,0,686075738,0,0,0,0,444708952,102723683,87409131,12,0,4,,,,0,0,0.231,0.1274
1998,KLUI,36991,369,36,58,11210,4866907,436967702,271737593,165230109,18272792,2489836,196011970,55776018,0,0,12,4,0.0295,434158,14739528,1630044,222108,0.2846,0.0
2000,KLUI,36991,369,36,52,11904,6785802,712834691,440962787,271871904,24052900,3740374,361574183,80151659,239139364,11,9,6,0.025,570044,22838702,2020573,314212,0.2217,0.3355
1998,KLUI,36992,369,36,3,2433,836064,500529374,275198949,225330425,31615715,806838,161144467,6178519,0,0,3,0,0.0037,343635,92614231,12994540,331623,0.0383,0.0
2000,KLUI,36992,369,36,1,233,108000,5743713,3346160,2397553,0,257960,1574200,0,2297485,1,0,0,0.045,463519,10289927,0,1107124,0.0,0.4
1998,KLUI,36993,369,36,70,11016,1886284,143205183,81033908,62171275,3650994,604431,65433352,32589172,650373,4,18,9,0.0303,171231,5643725,331426,54868,0.4981,0.0045
2000,KLUI,36993,369,36,87,17804,15310524,450511321,215864344,234646977,5052266,1559032,195088452,143442508,257215477,34,16,17,0.0652,859949,13179453,283771,87566,0.7353,0.5709
1998,KLUI,36999,369,36,84,9087,3641315,428203303,274562465,153640838,5488032,2979410,238219485,137232267,0,0,13,8,0.0237,400717,16907763,603943,327876,0.5761,0.0
2000,KLUI,36999,369,36,68,6258,3272486,797568068,517360615,280207453,5318400,2780724,448397785,303053125,44747953,14,12,6,0.0117,522928,44775879,849856,444347,0.6759,0.0561
1991,KLUI,37101,371,37,3,1863,0,476994441,0,0,0,10128778,228719836,129894084,0,0,0,1,,,,0,5436811,0.5679,0.0
2001,KLUI,37101,371,37,18,4047,46712107,4664733843,3798140860,866592983,22574429,29798515,3111876730,2343133336,0,0,5,3,0.0539,11542404,214132192,5578065,7363112,0.753,0.0
2003,KLUI,37101,371,37,83,8479,93968695,1694201005,1178550816,515650189,74993822,23673088,907510249,308109442,10820640,1,20,10,0.1822,11082521,60814977,8844654,2791967,0.3395,0.0064
2005,KLUI,37101,371,37,74,7842,0,2535808550,0,0,0,0,1595871184,360281702,652111612,2,0,8,,,,0,0,0.2258,0.2572
1991,KLUI,37102,371,37,16,2433,0,69539742,0,0,0,1216907,40423881,19696322,0,0,0,1,,,,0,500167,0.4872,0.0
2001,KLUI,37102,371,37,36,8578,89974564,2909903063,1349087535,1560815528,51028564,48798343,1066895887,158856151,0,0,10,8,0.0576,10488991,181955646,5948772,5688779,0.1489,0.0
2003,KLUI,37102,371,37,21,3850,58014208,695651435,399856418,295795017,18515235,12579668,336653640,84829585,18541965,3,3,6,0.1961,15068625,76829875,4809152,3267446,0.252,0.0267
2005,KLUI,37102,371,37,19,4109,0,1578839653,0,0,0,0,436804111,89710128,0,0,0,5,,,,0,0,0.2054,0.0
1991,KLUI,37103,371,37,49,22650,0,3744180588,0,0,0,201168899,2242356765,1292501231,0,0,0,12,,,,0,8881629,0.5764,0.0
2001,KLUI,37103,371,37,44,15573,1918541656,20901128128,16465944135,4435183993,292252193,1070856495,14272648399,4606009495,0,0,11,14,0.4326,123196664,284799589,18766596,68763661,0.3227,0.0
2003,KLUI,37103,371,37,47,18432,1085556468,24979809755,21430967812,3548841943,174966434,683305295,17971015177,7780938293,153707987,4,14,15,0.3059,58895208,192536998,9492537,37071685,0.433,0.0062
2005,KLUI,37103,371,37,51,17843,0,51458870714,0,0,0,0,43358382975,15974890968,972307699,4,0,14,,,,0,0,0.3684,0.0189
2001,KLUI,37104,371,37,1,229,2952448,26272781,23509286,2763495,0,591814,21642423,15693207,0,0,0,0,1.0684,12892786,12067664,0,2584341,0.7251,0.0
2003,KLUI,37104,371,37,18,2600,41663522,873244819,728493236,144751583,30193803,23221158,673218847,197081806,78953038,4,8,4,0.2878,16024432,55673686,11613001,8931215,0.2927,0.0904
2005,KLUI,37104,371,37,21,2337,0,2086832433,0,0,0,0,1802106515,1166553683,571703240,4,0,7,,,,0,0,0.6473,0.274
1991,KLUI,37112,371,37,1,121,0,1861044,0,0,0,10775,1202415,953188,0,0,0,0,,,,0,89050,0.7927,0.0
1998,KLUI,37200,372,37,69,3362,471864,103290104,38324202,64965902,12162524,880280,30380849,1598358,0,0,18,1,0.0073,140352,19323588,3617645,261832,0.0526,0.0
2000,KLUI,37200,372,37,70,2998,600403,73197032,45727841,27469191,123901200,781781,39789738,24797,0,0,10,0,0.0219,200268,9162505,41327952,260768,0.0006,0.0
1991,KLUI,37201,372,37,17,4221,0,906961560,0,0,0,6709559,554214598,484890495,0,0,0,4,,,,0,1589566,0.8749,0.0
2001,KLUI,37201,372,37,23,5755,85999786,5263350174,2576732440,2686617734,13672063,67007704,1991216665,1537780728,0,0,4,7,0.032,14943490,466831926,2375684,11643389,0.7723,0.0
2003,KLUI,37201,372,37,26,6840,224570762,4921390241,3030307810,1891082431,12475486,244323985,2607938595,2110517889,2190384052,8,8,9,0.1188,32831983,276474040,1823901,35719881,0.8093,0.4451
2005,KLUI,37201,372,37,24,5743,0,7954832809,0,0,0,0,5012802358,3818038470,1892971551,9,0,10,,,,0,0,0.7617,0.238
1991,KLUI,37202,372,37,8,437,0,21971333,0,0,0,543541,16346780,7382978,0,0,0,2,,,,0,1243801,0.4516,0.0
2001,KLUI,37202,372,37,12,975,5993254,76451947,65517282,10934665,5493820,1814281,59330571,1051369,0,0,2,1,0.5481,6146927,11215041,5634687,1860801,0.0177,0.0
2003,KLUI,37202,372,37,8,661,809629,58615898,47284358,11331540,3426673,6299703,26839904,89103,0,0,3,1,0.0714,1224855,17143026,5184074,9530564,0.0033,0.0
2005,KLUI,37202,372,37,10,887,0,208816828,0,0,0,0,128886524,65868316,21564255,2,0,2,,,,0,0,0.5111,0.1033
1991,KLUI,37203,372,37,10,3516,0,259574546,0,0,0,10027102,177127057,83783578,0,0,0,1,,,,0,2851849,0.473,0.0
2001,KLUI,37203,372,37,1,166,2446202,89983152,48675939,41307213,698501,1160282,36608554,23785893,0,0,1,0,0.0592,14736157,248838633,4207837,6989651,0.6497,0.0
2003,KLUI,37203,372,37,24,5840,210483529,3311575448,2187487497,1124087951,208446985,75420079,1760791572,1163162836,1395575758,6,12,4,0.1872,36041700,192480814,35692977,12914397,0.6606,0.4214
2005,KLUI,37203,372,37,28,4807,0,3951983828,0,0,0,0,2476878945,1639760927,1284468081,7,0,5,,,,0,0,0.662,0.325
1991,KLUI,37204,372,37,5,1243,0,54135154,0,0,0,1008707,37325953,3265946,0,0,0,1,,,,0,811510,0.0875,0.0
2001,KLUI,37204,372,37,5,1051,10871301,117058389,92886186,24172203,976832,1952966,82545834,4099809,0,0,2,0,0.4497,10343769,22999242,929431,1858198,0.0497,0.0
2003,KLUI,37204,372,37,4,908,10486415,87899937,58917139,28982798,114000,3962414,45428740,2822078,9393188,1,1,0,0.3618,11548915,31919381,125551,4363892,0.0621,0.1069
2005,KLUI,37204,372,37,8,2601,0,287620840,0,0,0,0,182463849,122240890,61835509,3,0,1,,,,0,0,0.6699,0.215
2001,KLUI,37205,372,37,36,2653,30753302,394729897,303777518,90952379,37365693,6432481,278870148,250993986,0,0,11,4,0.3381,11591897,34282842,14084317,2424606,0.9,0.0
1991,KLUI,38111,381,38,23,1528,0,15325237,0,0,0,459214,8031166,1496108,0,0,0,0,,,,0,300533,0.1863,0.0
2001,KLUI,38111,381,38,12,1128,5918295,20451122,10668490,9782632,2400,354014,8712599,1806627,0,0,1,0,0.605,5246715,8672546,2128,313842,0.2074,0.0
2003,KLUI,38111,381,38,13,921,2887427,44213389,31908180,12305209,385906336,902460,26896858,4904033,1238842,1,2,0,0.2347,3135100,13360705,419007965,979870,0.1823,0.028
2005,KLUI,38111,381,38,10,674,0,18869535,0,0,0,0,10772663,119808,279886,1,0,0,,,,0,0,0.0111,0.0148
1991,KLUI,38112,381,38,8,1563,0,13411353,0,0,0,387589,5691637,3978696,0,0,0,2,,,,0,247978,0.699,0.0
2001,KLUI,38112,381,38,14,2080,19167413,192474473,107772793,84701680,9192763,2191156,87990028,79305300,0,0,3,3,0.2263,9215102,40721962,4419598,1053440,0.9013,0.0
2003,KLUI,38112,381,38,15,1706,32314834,335706305,244458938,91247367,2121332,4719103,191016350,154935839,60999637,1,3,3,0.3541,18941872,53486147,1243454,2766180,0.8111,0.1817
2005,KLUI,38112,381,38,10,1463,0,135483842,0,0,0,0,63086184,47990667,3369378,1,0,2,,,,0,0,0.7607,0.0249
1991,KLUI,38113,381,38,39,3580,0,42326617,0,0,0,655329,24017064,7134625,0,0,0,1,,,,0,183053,0.2971,0.0
2001,KLUI,38113,381,38,115,15315,113639030,757048879,405113886,351934993,17017988,11994969,309191187,147095218,0,0,25,6,0.3229,7420113,22979758,1111197,783217,0.4757,0.0
2003,KLUI,38113,381,38,181,25019,310856088,1318552062,789139794,529412268,78524457,40886957,673951576,358959011,441962883,22,32,19,0.5872,12424801,21160409,3138593,1634236,0.5326,0.3352
2005,KLUI,38113,381,38,157,37935,0,1199069907,0,0,0,0,577674418,247063745,221156536,17,0,16,,,,0,0,0.4277,0.1844
1991,KLUI,38114,381,38,59,13534,0,171931285,0,0,0,4576780,100229595,63921761,0,0,0,2,,,,0,338169,0.6378,0.0
2001,KLUI,38114,381,38,75,14496,91037997,856523972,538773064,317750908,26655980,30827805,472170838,376035692,0,0,17,11,0.2865,6280215,21919903,1838851,2126642,0.7964,0.0
1991,KLUI,38119,381,38,2,72,0,625767,0,0,0,25259,118118,75842,0,0,0,0,,,,0,350819,0.6421,0.0
1991,KLUI,38120,381,38,72,8150,0,180102668,0,0,0,1505106,74853179,9040902,0,0,0,3,,,,0,184676,0.1208,0.0
2001,KLUI,38120,381,38,130,16088,129613981,1202644887,665066995,537577892,16972154,12977578,576614719,179513720,0,0,32,8,0.2411,8056563,33414837,1054957,806662,0.3113,0.0
2003,KLUI,38120,381,38,106,9917,96496536,728340942,440761274,287579668,13769279,10278855,376944477,71981960,21761819,11,23,5,0.3355,9730416,28998656,1388452,1036488,0.191,0.0299
2005,KLUI,38120,381,38,107,12122,0,1469544388,0,0,0,0,905227843,200472425,217748426,17,0,7,,,,0,0,0.2215,0.1482
1991,KLUI,38131,381,38,34,4254,0,169608891,0,0,0,2545750,62694296,41781446,0,0,0,4,,,,0,598437,0.6664,0.0
2001,KLUI,38131,381,38,62,3636,676824392,988912409,559840211,429072198,146203688,31377305,456259432,99246196,0,0,13,3,1.5774,186145322,118006655,40210035,8629622,0.2175,0.0
2003,KLUI,38131,381,38,62,6053,89559592,951594936,274607984,676986952,20878837,7412952,234198408,50293648,30746747,2,7,6,0.1323,14795902,111843210,3449337,1224674,0.2147,0.0323
2005,KLUI,38131,381,38,44,3869,0,731983474,0,0,0,0,366286700,149671500,9622296,2,0,3,,,,0,0,0.4086,0.0131
1991,KLUI,38132,381,38,11,719,0,44638774,0,0,0,189575,31703315,13238368,0,0,0,1,,,,0,263665,0.4176,0.0
2001,KLUI,38132,381,38,24,1794,17211659,329274592,272595724,56678868,1649417,2541172,260669956,66272299,0,0,2,5,0.3037,9594013,31593572,919407,1416484,0.2542,0.0
2003,KLUI,38132,381,38,23,2046,24494634,560267520,458726179,101541341,5130420,4079385,436539360,167611119,3245264,2,7,5,0.2412,11971962,49629199,2507537,1993834,0.384,0.0058
2005,KLUI,38132,381,38,30,2422,0,198998806,0,0,0,0,144422033,35046879,3744076,1,0,7,,,,0,0,0.2427,0.0188
1991,KLUI,38133,381,38,15,4964,0,92081029,0,0,0,254239,69602920,5772117,0,0,0,0,,,,0,51217,0.0829,0.0
2001,KLUI,38133,381,38,52,4941,55051550,1334493347,765264341,569229006,2217453433,22692267,660142802,68326590,0,0,14,6,0.0967,11141783,115205223,448786366,4592647,0.1035,0.0
2003,KLUI,38133,381,38,35,3442,86791423,671495208,320761487,350733721,49540865,9780565,279137254,48200613,48236613,1,6,4,0.2475,25215405,101898234,14393046,2841535,0.1727,0.0718
2005,KLUI,38133,381,38,44,6111,0,1478481334,0,0,0,0,754894783,75301289,43543805,3,0,5,,,,0,0,0.0998,0.0295
1991,KLUI,38134,381,38,17,2049,0,73594216,0,0,0,653093,33330275,18646063,0,0,0,5,,,,0,318737,0.5594,0.0
2001,KLUI,38134,381,38,35,4595,71390120,532532232,201736496,330795736,11802377,3623023,121747730,46376599,0,0,6,7,0.2158,15536479,71990367,2568526,788471,0.3809,0.0
2003,KLUI,38134,381,38,37,5872,76073963,677213718,337651132,339562586,15904658,6986581,263466514,147986260,27971741,2,8,7,0.224,12955375,57827416,2708559,1189813,0.5617,0.0413
2005,KLUI,38134,381,38,41,7420,0,1342319606,0,0,0,0,986196590,524294744,375332753,6,0,7,,,,0,0,0.5316,0.2796
1991,KLUI,38139,381,38,43,7655,0,272712544,0,0,0,3010357,140803482,7320386,0,0,0,2,,,,0,393254,0.052,0.0
2001,KLUI,38139,381,38,18,5194,79956806,398258838,190740909,207517929,131210289,4136143,163974219,54126547,0,0,2,2,0.3853,15394071,39953394,25261896,796331,0.3301,0.0
2003,KLUI,38139,381,38,19,3195,53483315,836435880,249557114,586878766,1961003179,8386343,176680598,45436266,0,0,4,3,0.0911,16739692,183686625,613772513,2624833,0.2572,0.0
2005,KLUI,38139,381,38,15,2255,0,1295113002,0,0,0,0,292240615,50972771,3636581,1,0,1,,,,0,0,0.1744,0.0028
1991,KLUI,38191,381,38,45,3596,0,198842366,0,0,0,1231955,120879037,22047588,0,0,0,3,,,,0,342590,0.1824,0.0
2001,KLUI,38191,381,38,65,7426,70558499,903507362,639606456,263900906,45679378,10382644,586727124,209279225,0,0,9,6,0.2674,9501548,35537423,6151276,1398148,0.3567,0.0
2003,KLUI,38191,381,38,57,6550,83667608,2027418451,1462775462,564642989,71805431,31800952,1157048744,443564237,100051878,4,14,6,0.1482,12773681,86205036,10962661,4855107,0.3834,0.0493
2005,KLUI,38191,381,38,62,7483,0,2231204724,0,0,0,0,1593430268,429300172,253765550,9,0,7,,,,0,0,0.2694,0.1137
1991,KLUI,38192,381,38,21,2869,0,38059458,0,0,0,514102,22467415,8898780,0,0,0,0,,,,0,179192,0.3961,0.0
1991,KLUI,38193,381,38,69,11046,0,356828213,0,0,0,5232590,238620807,44039271,0,0,0,7,,,,0,473709,0.1846,0.0
2001,KLUI,38193,381,38,73,12743,150137961,1548151925,945896527,602255398,114878038,30982210,834319126,371208143,0,0,11,10,0.2493,11781995,47261665,9014992,2431312,0.4449,0.0
2003,KLUI,38193,381,38,65,11098,137565835,1746207173,1098156680,648050493,121580176,42817310,942746498,431476000,183000191,3,15,7,0.2123,12395552,58393449,10955143,3858110,0.4577,0.1048
2005,KLUI,38193,381,38,62,11737,0,1864687871,0,0,0,0,875803706,406186832,77368336,6,0,8,,,,0,0,0.4638,0.0415
1991,KLUI,38194,381,38,24,3016,0,165699929,0,0,0,2287363,113052909,49472297,0,0,0,4,,,,0,758409,0.4376,0.0
2001,KLUI,38194,381,38,71,13288,128109576,2842903599,2195209951,647693648,162103245,120710054,1601362450,582922709,0,0,23,18,0.1978,9640998,48742749,12199221,9084140,0.364,0.0
2003,KLUI,38194,381,38,38,6008,107175856,2877055379,1802695721,1074359658,393456199,38736655,1598091816,365824286,140020491,7,12,13,0.0998,17838858,178821514,65488715,6447512,0.2289,0.0487
2005,KLUI,38194,381,38,34,4729,0,2263970821,0,0,0,0,1503847989,470485476,207117280,6,0,10,,,,0,0,0.3129,0.0915
1991,KLUI,38195,381,38,35,9247,0,800455705,0,0,0,5754699,548579874,56889219,0,0,0,3,,,,0,622331,0.1037,0.0
2001,KLUI,38195,381,38,50,14544,1498856994,8128829846,4340630482,3788199364,227899831,201779742,3250747716,599118431,0,0,15,16,0.3957,103056724,260464753,15669680,13873745,0.1843,0.0
2003,KLUI,38195,381,38,50,14589,221873473,12784101896,8554043488,4230058408,107939344,594124134,7552721094,3211590626,370744266,10,20,14,0.0525,15208272,289948482,7398680,40724116,0.4252,0.029
2005,KLUI,38195,381,38,50,14626,0,6223580790,0,0,0,0,3762081877,1370773249,165465168,9,0,11,,,,0,0,0.3644,0.0266
2001,KLUI,38196,381,38,2,369,2449385,27693588,23874008,3819580,4515713,717207,21347412,7493009,0,0,2,0,0.6413,6637900,10351165,12237705,1943650,0.351,0.0
2003,KLUI,38196,381,38,4,457,4052043,3310478455,2554357380,756121075,4379313,519479,2552060653,5012989,2848553,1,1,0,0.0054,8866615,1654531893,9582742,1136716,0.002,0.0009
2005,KLUI,38196,381,38,2,268,0,12550000,0,0,0,0,7200000,0,0,0,0,0,,,,0,0,0.0,0.0
1991,KLUI,38197,381,38,15,3200,0,14134312,0,0,0,301616,6666752,710976,0,0,0,0,,,,0,94255,0.1066,0.0
2001,KLUI,38197,381,38,8,507,2934253,13222362,9604686,3617676,75000,123146,8958957,0,0,0,1,0,0.8111,5787481,7135456,147929,242892,0.0,0.0
2003,KLUI,38197,381,38,11,570,3175758,21215980,12542470,8673510,995000,381421,11195017,0,0,0,1,0,0.3661,5571505,15216684,1745614,669160,0.0,0.0
2005,KLUI,38197,381,38,11,682,0,127373731,0,0,0,0,84574186,38760493,17427159,3,0,1,,,,0,0,0.4583,0.1368
1991,KLUI,38199,381,38,73,9205,0,101299324,0,0,0,4316803,43907669,17454700,0,0,0,2,,,,0,468963,0.3975,0.0
2001,KLUI,38199,381,38,169,21887,169043628,977156207,489208555,487947652,104178887,12686622,433669829,162202462,0,0,23,18,0.3464,7723472,22293949,4759852,579642,0.374,0.0
2003,KLUI,38199,381,38,142,16194,146458151,1396728945,546472079,850256866,22342689,11751053,503942996,203001491,327896685,6,15,11,0.1723,9043976,52504438,1379689,725642,0.4028,0.2348
2005,KLUI,38199,381,38,154,18877,0,3595338453,0,0,0,0,1982942177,1056803355,1476228202,13,0,16,,,,0,0,0.5329,0.4106
2001,KLUI,38211,382,38,1,64,6966537,22660997,11486981,11174016,0,1644632,9029189,0,0,0,0,1,0.6235,108852141,174594000,0,25697375,0.0,0.0
2003,KLUI,38211,382,38,4,264,2882194,119228701,63586712,55641989,393000,1540912,9420899,90000,0,0,1,1,0.0518,10917402,210765110,1488636,5836788,0.0096,0.0
2005,KLUI,38211,382,38,5,205,0,26176569,0,0,0,0,10088475,0,0,0,0,1,,,,0,0,0.0,0.0
1991,KLUI,38212,382,38,11,2362,0,271526274,0,0,0,1275893,200660592,162846802,0,0,0,5,,,,0,540175,0.8116,0.0
2001,KLUI,38212,382,38,7,855,13382419,239938491,159963601,79974890,10534199,1487590,139396299,87613508,0,0,2,5,0.1673,15651952,93537883,12320701,1739871,0.6285,0.0
2003,KLUI,38212,382,38,5,477,5511205,127824608,53373338,74451270,0,452360,49189438,32322767,0,0,0,2,0.074,11553889,156082327,0,948344,0.6571,0.0
2005,KLUI,38212,382,38,8,1290,0,427646162,0,0,0,0,341910935,233336898,146391750,2,0,4,,,,0,0,0.6824,0.3423
1991,KLUI,38213,382,38,5,446,0,3180006,0,0,0,36036,637385,457447,0,0,0,1,,,,0,80798,0.7177,0.0
2001,KLUI,38213,382,38,11,1865,26505894,240798211,149203605,91594606,33214780,9780395,120785750,100580208,0,0,5,2,0.2894,14212276,49112389,17809534,5244180,0.8327,0.0
2003,KLUI,38213,382,38,11,877,17805078,75727837,32109310,43618527,38791570,2022770,22800839,12563557,7368573,2,3,3,0.4082,20302255,49736063,44232121,2306465,0.551,0.0973
2005,KLUI,38213,382,38,12,4318,0,643359186,0,0,0,0,237161724,91886876,120019555,3,0,5,,,,0,0,0.3874,0.1866
1991,KLUI,38214,382,38,1,59,0,255168,0,0,0,10439,0,0,0,0,0,0,,,,0,176932,,0.0
2001,KLUI,38214,382,38,21,1502,10619381,155545038,128553256,26991782,7134058,8854716,109597083,84737165,0,0,5,1,0.3934,7070160,17970561,4749706,5895284,0.7732,0.0
2003,KLUI,38214,382,38,17,1358,13678636,39033124,14280361,24752763,10784567,961010,10970228,3823508,0,0,8,2,0.5526,10072633,18227366,7941507,707666,0.3485,0.0
2005,KLUI,38214,382,38,18,1321,0,641916795,0,0,0,0,323651318,157681274,61270527,1,0,2,,,,0,0,0.4872,0.0954
1991,KLUI,38221,382,38,13,1581,0,25411308,0,0,0,154020,9607649,988173,0,0,0,2,,,,0,97419,0.1029,0.0
2001,KLUI,38221,382,38,22,2312,24858134,424107952,338609533,85498419,9530146,6491880,287749292,133294922,0,0,2,3,0.2907,10751788,36980285,4122035,2807907,0.4632,0.0
2003,KLUI,38221,382,38,24,2734,38850626,898294221,722776997,175517224,10277885,17018700,547401855,371950513,65617,1,3,3,0.2213,14210178,64197960,3759285,6224835,0.6795,0.0001
2005,KLUI,38221,382,38,28,2654,0,394649811,0,0,0,0,283659700,17061412,33013679,3,0,2,,,,0,0,0.0601,0.0837
1991,KLUI,38222,382,38,1,30,0,1134458,0,0,0,3820,400003,395800,0,0,0,0,,,,0,127333,0.9895,0.0
2003,KLUI,38222,382,38,2,114,1232835,6397798,5096277,1301521,0,24550,4614437,109286,0,0,0,0,0.9472,10814342,11416851,0,215351,0.0237,0.0
2005,KLUI,38222,382,38,1,100,0,0,0,0,0,0,0,0,0,0,0,1,,,,0,0,,
1991,KLUI,38231,382,38,6,2307,0,118103986,0,0,0,558276,26545873,916865,0,0,0,0,,,,0,241992,0.0345,0.0
2001,KLUI,38231,382,38,19,3682,78739064,261045112,101109963,159935149,16591153,1467600,72926658,26259185,0,0,5,4,0.4923,21384863,43437031,4506017,398588,0.3601,0.0
2003,KLUI,38231,382,38,15,2998,39525416,183688255,59725101,123963154,20825353,593783,46755927,21097330,24742405,1,5,2,0.3188,13183928,41348617,6946415,198060,0.4512,0.1347
2005,KLUI,38231,382,38,12,2544,0,542279027,0,0,0,0,225412936,133009428,11027297,2,0,4,,,,0,0,0.5901,0.0203
1991,KLUI,38232,382,38,4,260,0,1555958,0,0,0,51408,740108,82700,0,0,0,0,,,,0,197723,0.1117,0.0
2001,KLUI,38232,382,38,3,117,279929,4395448,908393,3487055,0,10241,190685,0,0,0,0,1,0.0803,2392556,29803889,0,87530,0.0,0.0
2003,KLUI,38232,382,38,2,237,1104903,2673566,458450,2215116,0,628033,30916,0,0,0,0,2,0.4988,4662038,9346481,0,2649928,0.0,0.0
2005,KLUI,38232,382,38,3,409,0,2269020,0,0,0,0,0,0,0,0,0,2,,,,0,0,,0.0
2001,KLUI,38233,382,38,12,1072,11567965,72756577,45828863,26927714,462983,1935713,32071999,24884073,0,0,1,4,0.4296,10791012,25119136,431887,1805702,0.7759,0.0
2003,KLUI,38233,382,38,7,654,5870330,157009440,61666517,95342923,2946458,923713,49353080,811706,4976862,1,3,4,0.0616,8976040,145784286,4505287,1412405,0.0164,0.0317
2005,KLUI,38233,382,38,8,1190,0,56755635,0,0,0,0,38280352,852638,0,0,0,2,,,,0,0,0.0223,0.0
1991,KLUI,38241,382,38,2,104,0,4006701,0,0,0,17023,1733146,865869,0,0,0,1,,,,0,163683,0.4996,0.0
2001,KLUI,38241,382,38,18,3994,40261073,105614355,70923247,34691108,4001018,15087193,50360950,7107094,0,0,6,3,1.1606,10080389,8685806,1001757,3777464,0.1411,0.0
2003,KLUI,38241,382,38,16,3121,30788339,54126329,34034181,20092148,933862,1105832,27767441,2600895,906871,2,3,3,1.5324,9864896,6437728,299219,354320,0.0937,0.0168
2005,KLUI,38241,382,38,15,1566,0,85621872,0,0,0,0,39225303,24197670,52738212,4,0,4,,,,0,0,0.6169,0.6159
1991,KLUI,38242,382,38,1,23,0,137525,0,0,0,18549,82299,0,0,0,0,0,,,,0,806478,0.0,0.0
2001,KLUI,38242,382,38,14,1561,16163107,463857374,292324064,171533310,10450241,1551452,277945623,101575697,0,0,3,1,0.0942,10354329,109886810,6694581,993883,0.3655,0.0
2003,KLUI,38242,382,38,3,146,1505265,10104245,7382352,2721893,0,447775,3343786,0,0,0,0,0,0.553,10310034,18643103,0,3066952,0.0,0.0
2005,KLUI,38242,382,38,6,342,0,23340993,0,0,0,0,12379129,672022,234656,1,0,1,,,,0,0,0.0543,0.0101
1991,KLUI,38243,382,38,8,1408,0,214331885,0,0,0,708794,70072117,37859555,0,0,0,1,,,,0,503405,0.5403,0.0
2001,KLUI,38243,382,38,2,281,7721897,164234583,47100884,117133699,750681,408170,42755457,0,0,0,1,0,0.0659,27480060,416845904,2671463,1452562,0.0,0.0
2003,KLUI,38243,382,38,1,109,4643848,11668748,4668431,7000317,173072,1033351,3771132,3308901,233375,1,1,0,0.6634,42604110,64223092,1587817,9480284,0.8774,0.02
2005,KLUI,38243,382,38,3,1529,0,79674985,0,0,0,0,11281166,7423565,1170228,1,0,2,,,,0,0,0.658,0.0147
1991,KLUI,38245,382,38,25,2494,0,45109690,0,0,0,487565,21583874,7299626,0,0,0,0,,,,0,195495,0.3382,0.0
2001,KLUI,38245,382,38,48,3181,33271212,197094359,100281719,96812640,5902391,8045662,65198462,12345733,0,0,8,3,0.3437,10459356,30434656,1855514,2529287,0.1894,0.0
2003,KLUI,38245,382,38,29,2722,33449637,109363767,26049122,83314645,4118387,968869,18779177,3417921,1758675,1,7,3,0.4015,12288625,30607878,1513000,355940,0.182,0.0161
2005,KLUI,38245,382,38,35,3143,0,273522744,0,0,0,0,124082198,25261006,49366631,2,0,5,,,,0,0,0.2036,0.1805
1991,KLUI,38246,382,38,45,4336,0,59124111,0,0,0,750132,32632036,11242680,0,0,0,1,,,,0,173001,0.3445,0.0
2001,KLUI,38246,382,38,12,1456,9407671,64777067,39376547,25400520,21869,1260581,27716948,1599423,0,0,1,1,0.3704,6461312,17445412,15020,865784,0.0577,0.0
2003,KLUI,38246,382,38,16,1765,38171456,275179044,75223836,199955208,3354738,3275057,58226295,33287112,197609199,3,4,3,0.1909,21626887,113289070,1900701,1855556,0.5717,0.7181
2005,KLUI,38246,382,38,13,1150,0,110071978,0,0,0,0,47936998,33248396,18130080,1,0,3,,,,0,0,0.6936,0.1647
1991,KLUI,38247,382,38,14,775,0,4307568,0,0,0,86823,1471318,51944,0,0,0,0,,,,0,112030,0.0353,0.0
1991,KLUI,38251,382,38,1,42,0,2580000,0,0,0,4992,1382796,1382400,0,0,0,0,,,,0,118857,0.9997,0.0
2001,KLUI,38251,382,38,1,48,246798,964751,323231,641520,0,382128,0,0,0,0,0,0,0.3847,5141625,13365000,0,7961000,,0.0
2003,KLUI,38251,382,38,14,2251,2376875,51737180,20461387,31275793,0,854024,5771491,0,0,0,0,1,0.076,1055920,13894177,0,379398,0.0,0.0
2005,KLUI,38251,382,38,13,674,0,122889357,0,0,0,0,64469785,54846289,108802512,1,0,1,,,,0,0,0.8507,0.8854
1991,KLUI,38253,382,38,4,165,0,2095547,0,0,0,4864,814427,594385,0,0,0,0,,,,0,29479,0.7298,0.0
2001,KLUI,38253,382,38,8,1332,6836484,26670996,8730956,17940040,0,388211,7907599,802551,0,0,0,3,0.3811,5132495,13468498,0,291450,0.1015,0.0
2003,KLUI,38253,382,38,5,1005,5789306,23667779,7410738,16257041,0,10620,3326987,1225535,0,0,0,1,0.3561,5760503,16176160,0,10567,0.3684,0.0
2005,KLUI,38253,382,38,6,3638,0,1672858350,0,0,0,0,973780737,21417240,1631774734,1,0,3,,,,0,0,0.022,0.9754
1991,KLUI,38291,382,38,3,1234,0,13688615,0,0,0,620915,7069151,5629758,0,0,0,1,,,,0,503173,0.7964,0.0
1991,KLUI,38292,382,38,13,3322,0,469476037,0,0,0,3649284,251231830,163340935,0,0,0,3,,,,0,1098520,0.6502,0.0
2001,KLUI,38292,382,38,33,6207,38726210,1019731767,765207970,254523797,281628459,5894451,734698348,483049259,0,0,10,11,0.1522,6239119,41005928,45372718,949646,0.6575,0.0
2003,KLUI,38292,382,38,23,3457,72491841,582936386,334954248,247982138,229344738,1053309,299786032,195388546,258761687,1,6,7,0.2923,20969581,71733335,66342128,304689,0.6518,0.4439
2005,KLUI,38292,382,38,31,4614,0,1242881062,0,0,0,0,1082793296,745864043,377544489,3,0,13,,,,0,0,0.6888,0.3038
1991,KLUI,38293,382,38,18,1130,0,19054655,0,0,0,547250,10263614,2150432,0,0,0,5,,,,0,484292,0.2095,0.0
2001,KLUI,38293,382,38,1,50,197460,246040,13595,232445,0,4782,4638,0,0,0,0,0,0.8495,3949200,4648900,0,95640,0.0,0.0
2003,KLUI,38293,382,38,33,4612,104040168,1072526649,832165603,240361046,35110239,17059727,660439751,439683858,512313787,7,9,11,0.4328,22558579,52116445,7612801,3698987,0.6657,0.4777
2005,KLUI,38293,382,38,32,4629,0,1052411121,0,0,0,0,804654348,419414282,432837475,5,0,9,,,,0,0,0.5212,0.4113
1991,KLUI,38294,382,38,6,600,0,41449988,0,0,0,153800,27366804,24322032,0,0,0,1,,,,0,256333,0.8887,0.0
2001,KLUI,38294,382,38,17,1201,19544139,210120395,96627438,113492957,9994852,840962,87046717,66046297,0,0,4,3,0.1722,16273221,94498715,8322108,700218,0.7587,0.0
2003,KLUI,38294,382,38,10,810,15769076,183362328,137733010,45629318,4718695,1028297,110851499,74025058,6651442,1,5,1,0.3456,19467995,56332491,5825549,1269502,0.6678,0.0363
2005,KLUI,38294,382,38,11,827,0,102347280,0,0,0,0,57915347,39739259,10989297,1,0,1,,,,0,0,0.6862,0.1074
1991,KLUI,38295,382,38,3,97,0,356927,0,0,0,2838,110731,0,0,0,0,0,,,,0,29258,0.0,0.0
2001,KLUI,38295,382,38,49,8506,104608336,749852890,312718393,437134497,16115296,4853569,238787467,131425532,0,0,11,9,0.2393,12298182,51391312,1894580,570605,0.5504,0.0
2003,KLUI,38295,382,38,6,1182,17368092,195248335,146702588,48545747,1932362,461960,124124217,11917305,176709937,1,2,2,0.3578,14693817,41070852,1634824,390829,0.096,0.9051
2005,KLUI,38295,382,38,9,1436,0,218951920,0,0,0,0,133047261,11513873,156342775,2,0,1,,,,0,0,0.0865,0.7141
1991,KLUI,38296,382,38,22,2935,0,50587658,0,0,0,958282,26247983,14631151,0,0,0,1,,,,0,326502,0.5574,0.0
2001,KLUI,38296,382,38,48,6475,2124590270,6691222999,3198016696,3493206303,28917262,366310860,1702173637,611017167,0,0,10,14,0.6082,328122049,539491321,4465986,56573106,0.359,0.0
2003,KLUI,38296,382,38,33,3686,44453779,2439121880,1300034472,1139087408,21582208,31354377,684459063,159694240,7900501,1,7,6,0.039,12060168,309030767,5855184,8506342,0.2333,0.0032
2005,KLUI,38296,382,38,37,5883,0,4077240138,0,0,0,0,2343149594,1205112570,1249894551,7,0,13,,,,0,0,0.5143,0.3066
1991,KLUI,38297,382,38,1,133,0,592595,0,0,0,9640,174650,0,0,0,0,0,,,,0,72481,0.0,0.0
1991,KLUI,38311,383,38,3,198,0,29042149,0,0,0,64272,20207957,15981419,0,0,0,3,,,,0,324606,0.7908,0.0
2001,KLUI,38311,383,38,6,394,5680480,106427912,22019563,84408349,707927,801332,15399973,8349331,0,0,2,3,0.0673,14417462,214234388,1796769,2033838,0.5422,0.0
2003,KLUI,38311,383,38,8,864,19460697,366923805,309949815,56973990,7555085,5334202,276903249,163783551,32570691,2,3,5,0.3416,22523955,65942118,8744311,6173845,0.5915,0.0888
2005,KLUI,38311,383,38,6,2518,0,9560962,0,0,0,0,6488597,259864,3631614,1,0,2,,,,0,0,0.04,0.3798
1991,KLUI,38312,383,38,4,707,0,6975841,0,0,0,385394,4093684,2071684,0,0,0,2,,,,0,545112,0.5061,0.0
2001,KLUI,38312,383,38,3,297,3681536,42911811,41236137,1675674,0,391886,36391039,19351423,0,0,0,3,2.197,12395744,5642000,0,1319481,0.5318,0.0
2003,KLUI,38312,383,38,7,3136,106912832,584421936,226672864,357749072,37240638,193022,131327230,112048638,0,0,3,4,0.2988,34092102,114078148,11875203,61550,0.8532,0.0
2005,KLUI,38312,383,38,6,4452,0,1253449985,0,0,0,0,738370376,407577874,1246435584,2,0,4,,,,0,0,0.552,0.9944
1991,KLUI,38313,383,38,20,2164,0,97754568,0,0,0,375373,63741570,43448219,0,0,0,1,,,,0,173463,0.6816,0.0
2001,KLUI,38313,383,38,26,3719,35320911,314571044,199840367,114730677,3449815,1699896,187395539,114788602,0,0,2,5,0.3079,9497422,30849873,927619,457084,0.6125,0.0
2003,KLUI,38313,383,38,24,5437,99011702,973754627,607177972,366576655,72948483,7270333,558977891,327970673,46029530,2,7,8,0.2701,18210723,67422596,13417047,1337196,0.5867,0.0473
2005,KLUI,38313,383,38,18,4505,0,2080470680,0,0,0,0,1243871929,752179187,8460792,1,0,6,,,,0,0,0.6047,0.0041
1991,KLUI,38314,383,38,15,1136,0,23103936,0,0,0,235724,10888192,4749643,0,0,0,0,,,,0,207504,0.4362,0.0
2001,KLUI,38314,383,38,38,5025,55636225,1028386181,662596687,365789494,25916624,3723786,628624388,310266225,0,0,13,5,0.1521,11071886,72793929,5157537,741052,0.4936,0.0
2003,KLUI,38314,383,38,42,6292,103323346,709549028,344250420,365298608,4830308,8215927,312540300,131137786,268143289,5,14,6,0.2828,16421384,58057630,767690,1305774,0.4196,0.3779
2005,KLUI,38314,383,38,44,6012,0,1254758086,0,0,0,0,603989379,340022930,83562495,5,0,6,,,,0,0,0.563,0.0666
2001,KLUI,38315,383,38,3,287,3404637,21563606,13989102,7574504,0,100720,11490475,7291962,0,0,0,3,0.4495,11862847,26392000,0,350941,0.6346,0.0
2003,KLUI,38315,383,38,4,362,32808894,34843879,1089461,33754418,598639,1905,1045652,672479,0,0,2,4,0.972,90632304,93244249,1653699,5262,0.6431,0.0
2005,KLUI,38315,383,38,2,174,0,36261283,0,0,0,0,0,0,0,0,0,2,,,,0,0,,0.0
1991,KLUI,38316,383,38,3,393,0,28564127,0,0,0,89758,18702600,13115475,0,0,0,2,,,,0,228392,0.7013,0.0
1991,KLUI,38317,383,38,1,30,0,6463975,0,0,0,0,0,0,0,0,0,1,,,,0,0,,0.0
1991,KLUI,38321,383,38,49,20691,0,689833298,0,0,0,2194666,455078539,362148421,0,0,0,6,,,,0,106069,0.7958,0.0
2001,KLUI,38321,383,38,124,72113,8017303590,23515054234,15598273856,7916780378,655065534,47113327,13676675511,6290936004,0,0,39,54,1.0127,111176953,109782985,9083876,653326,0.46,0.0
2003,KLUI,38321,383,38,177,104312,1767912467,35535863755,21268578737,14267285018,647207404,106800990,16816284512,9951853662,9888548359,26,60,92,0.1239,16948313,136775108,6204535,1023861,0.5918,0.2783
2005,KLUI,38321,383,38,173,111263,0,20038741809,0,0,0,0,8697962781,7025553986,7104169534,50,0,89,,,,0,0,0.8077,0.3545
1991,KLUI,38322,383,38,9,4635,0,239007180,0,0,0,355906,67595594,63908884,0,0,0,1,,,,0,76787,0.9455,0.0
2001,KLUI,38322,383,38,14,2714,33617448,437242353,385332846,51909507,16162714,2682971,50389895,28132174,0,0,2,2,0.6476,12386679,19126569,5955311,988567,0.5583,0.0
2003,KLUI,38322,383,38,17,6099,82769354,1283218216,765863146,517355070,58766916,4226606,737893545,714967277,973177881,2,4,7,0.16,13570971,84826212,9635500,693000,0.9689,0.7584
2005,KLUI,38322,383,38,10,5889,0,1485341864,0,0,0,0,1106492719,726790803,2100000,1,0,6,,,,0,0,0.6568,0.0014
2001,KLUI,38323,383,38,1,46,221597,1637390,509286,1128104,0,481380,0,0,0,0,0,0,0.1964,4817326,24524000,0,10464783,,0.0
2003,KLUI,38323,383,38,1,46,262027,1997363,671621,1325742,0,634820,0,0,0,0,0,0,0.1976,5696239,28820478,0,13800435,,0.0
2005,KLUI,38323,383,38,1,46,0,0,0,0,0,0,0,0,0,0,0,0,,,,0,0,,
1991,KLUI,38324,383,38,34,9024,0,251725759,0,0,0,778034,139166377,121965410,0,0,0,10,,,,0,86218,0.8764,0.0
2003,KLUI,38324,383,38,2,46,380059,1930500,947944,982556,0,17224,805900,0,0,0,0,0,0.3868,8262152,21359913,0,374435,0.0,0.0
2005,KLUI,38324,383,38,1,98,0,15005340,0,0,0,0,8655872,0,0,0,0,0,,,,0,0,0.0,0.0
1991,KLUI,38330,383,38,16,2870,0,160593357,0,0,0,776608,107768344,74233123,0,0,0,2,,,,0,270595,0.6888,0.0
2001,KLUI,38330,383,38,150,70191,1057741918,24134787293,15201141784,8933645509,201787828,195160363,12319044957,10757036177,0,0,21,104,0.1184,15069481,127276225,2874839,2780419,0.8732,0.0
2003,KLUI,38330,383,38,86,34809,469395159,4804929033,3908059833,896869200,141543296,91053269,3040856951,766696386,183296794,2,16,47,0.5234,13484879,25765440,4066284,2615797,0.2521,0.0381
2005,KLUI,38330,383,38,80,32250,0,3690078452,0,0,0,0,1462753516,1139793663,1283493770,9,0,47,,,,0,0,0.7792,0.3478
1991,KLUI,38391,383,38,33,2327,0,77161283,0,0,0,932557,40689901,17060916,0,0,0,2,,,,0,400755,0.4193,0.0
2001,KLUI,38391,383,38,22,5261,85938873,6745244582,3771222162,2974022420,95466196,38597332,3466247160,959799187,0,0,5,5,0.0289,16335083,565296031,18146017,7336501,0.2769,0.0
2003,KLUI,38391,383,38,21,5682,151149761,4296692349,3155420163,1141272186,97848679,61689240,2405861215,1002209602,127434135,2,4,6,0.1324,26601507,200857477,17220816,10856959,0.4166,0.0297
2005,KLUI,38391,383,38,23,4849,0,4963406993,0,0,0,0,2822815240,487159272,1021851765,4,0,6,,,,0,0,0.1726,0.2059
1991,KLUI,38392,383,38,8,4550,0,320147904,0,0,0,1257745,175583628,137801703,0,0,0,3,,,,0,276427,0.7848,0.0
2001,KLUI,38392,383,38,7,4180,62665200,537996393,419828282,118168111,826157,3355670,232005748,89163839,0,0,1,2,0.5303,14991675,28269883,197645,802792,0.3843,0.0
2003,KLUI,38392,383,38,9,6318,109538312,809986182,570547813,239438369,3858956,6574551,395208200,226466452,51164875,2,2,4,0.4575,17337498,37897811,610788,1040606,0.573,0.0632
2005,KLUI,38392,383,38,10,6555,0,2976646035,0,0,0,0,2155866408,1308308501,1144516676,5,0,4,,,,0,0,0.6069,0.3845
1991,KLUI,38393,383,38,17,7324,0,283607679,0,0,0,9175084,127000497,71980165,0,0,0,5,,,,0,1252742,0.5668,0.0
2001,KLUI,38393,383,38,12,3376,95111877,499391830,277215726,222176104,42371928,12496779,166339379,55593544,0,0,1,1,0.4281,28172949,65810457,12550927,3701653,0.3342,0.0
2003,KLUI,38393,383,38,11,3640,30710230,665390316,392761927,272628389,42659428,10644097,190288296,4848507,0,0,3,1,0.1126,8436876,74897909,11719623,2924202,0.0255,0.0
2005,KLUI,38393,383,38,12,4785,0,794534248,0,0,0,0,271458576,72217239,120851391,1,0,2,,,,0,0,0.266,0.1521
2001,KLUI,38394,383,38,7,3333,31106346,194399153,106487053,87912100,10634380,1071260,49368413,19693349,0,0,2,3,0.3538,9332837,26376268,3190633,321410,0.3989,0.0
2003,KLUI,38394,383,38,2,2814,55334934,555864368,260119209,295745159,6624728,840907,135072776,66857597,171321595,2,1,1,0.1871,19664156,105097782,2354203,298830,0.495,0.3082
2005,KLUI,38394,383,38,2,1493,0,111239917,0,0,0,0,66673139,36116437,56475607,1,0,2,,,,0,0,0.5417,0.5077
1991,KLUI,38395,383,38,4,198,0,787070,0,0,0,14184,216150,0,0,0,0,0,,,,0,71636,0.0,0.0
2001,KLUI,38395,383,38,11,2586,29275193,908250999,467327062,440923937,7071372,5529536,268086037,68054614,0,0,5,4,0.0664,11320647,170504229,2734483,2138258,0.2539,0.0
2003,KLUI,38395,383,38,11,3439,61035519,441304016,284988583,156315433,24636687,4464875,240668700,53434011,35225225,2,4,4,0.3905,17748043,45453746,7163910,1298306,0.222,0.0798
2005,KLUI,38395,383,38,12,3192,0,1586557979,0,0,0,0,1149479308,688572395,983808484,2,0,4,,,,0,0,0.599,0.6201
1991,KLUI,38396,383,38,27,7636,0,718419507,0,0,0,3990969,486574026,127106862,0,0,0,6,,,,0,522652,0.2612,0.0
2001,KLUI,38396,383,38,56,15361,222217548,3718938222,2650650809,1068287413,21243029,22260098,2399837587,1310530301,0,0,12,12,0.208,14466346,69545434,1382920,1449131,0.5461,0.0
2003,KLUI,38396,383,38,60,21838,354042113,2983071909,1981747752,1001324157,152912516,55824820,1633877499,551146076,197901654,8,17,20,0.3536,16212204,45852375,7002130,2556316,0.3373,0.0663
2005,KLUI,38396,383,38,67,21934,0,4355641334,0,0,0,0,3007554049,1398947674,900689284,12,0,24,,,,0,0,0.4651,0.2068
1991,KLUI,38399,383,38,31,5424,0,147123848,0,0,0,1022180,78842603,46947253,0,0,0,5,,,,0,188455,0.5955,0.0
2001,KLUI,38399,383,38,32,14841,212030868,1692454023,1103843873,588610150,16847818,27475435,1000364071,740963029,0,0,8,10,0.3602,14286832,39661084,1135221,1851320,0.7407,0.0
2003,KLUI,38399,383,38,38,14327,287829291,4259060607,3382366706,876693901,174507873,201764779,2989922794,1334457442,486094309,7,9,15,0.3283,20089990,61191729,12180350,14082835,0.4463,0.1141
2005,KLUI,38399,383,38,35,17658,0,3414021940,0,0,0,0,1503748042,789306740,979536834,12,0,18,,,,0,0,0.5249,0.2869
1991,KLUI,38411,384,38,82,10377,0,231379045,0,0,0,2153820,80850431,43920405,0,0,0,1,,,,0,207557,0.5432,0.0
2001,KLUI,38411,384,38,83,11763,89736534,1262152789,439012099,823140690,39711506,50714189,294785946,94967466,0,0,18,5,0.109,7628712,69977105,3375968,4311331,0.3222,0.0
2003,KLUI,38411,384,38,73,10942,96684553,2495831188,1004304633,1491526555,81018482,75702039,768541302,399674137,0,0,21,3,0.0648,8836095,136312059,7404358,6918483,0.52,0.0
2005,KLUI,38411,384,38,63,7783,0,1764143369,0,0,0,0,1283582741,122688941,547494921,4,0,2,,,,0,0,0.0956,0.3103
1991,KLUI,38413,384,38,3,142,0,2897261,0,0,0,37331,1279305,789452,0,0,0,1,,,,0,262894,0.6171,0.0
2001,KLUI,38413,384,38,6,387,2282843,13784321,4606364,9177957,220500,403562,3663506,0,0,0,1,0,0.2487,5898819,23715651,569767,1042796,0.0,0.0
2003,KLUI,38413,384,38,9,455,3900740,64790869,8987691,55803178,0,393620,7482169,4550253,47700,1,0,1,0.0699,8573055,122644347,0,865099,0.6081,0.0007
2005,KLUI,38413,384,38,3,177,0,6426323,0,0,0,0,7071400,0,0,0,0,0,,,,0,0,0.0,0.0
1991,KLUI,38414,384,38,47,2827,0,44283961,0,0,0,1252283,15159841,334921,0,0,0,0,,,,0,442972,0.0221,0.0
2001,KLUI,38414,384,38,43,4669,51391192,219162256,71743576,147418680,53059826,5840368,31984281,0,0,0,16,1,0.3486,11006895,31573930,11364281,1250882,0.0,0.0
2003,KLUI,38414,384,38,50,5751,113051420,494439049,222629230,271809819,186924555,18352900,95664146,7853645,0,0,16,1,0.4159,19657698,47263053,32502966,3191254,0.0821,0.0
2005,KLUI,38414,384,38,42,3710,0,182309191,0,0,0,0,157085213,26016486,0,0,0,3,,,,0,0,0.1656,0.0
1991,KLUI,38421,384,38,5,839,0,10605895,0,0,0,129900,3903392,850140,0,0,0,1,,,,0,154827,0.2178,0.0
2001,KLUI,38421,384,38,14,1492,25388493,304715045,49632007,255083038,65850000,1548495,43186356,12787909,0,0,1,3,0.0995,17016416,170967184,44135389,1037865,0.2961,0.0
2003,KLUI,38421,384,38,4,956,22052903,99559672,61855778,37703894,0,816648,39790220,20070797,0,0,0,0,0.5849,23067890,39439220,0,854234,0.5044,0.0
2005,KLUI,38421,384,38,3,880,0,109445012,0,0,0,0,80738632,16677652,29729000,1,0,1,,,,0,0,0.2066,0.2716
1991,KLUI,38431,384,38,14,20830,0,2085817004,0,0,0,13474139,1534140774,1134825615,0,0,0,4,,,,0,646862,0.7397,0.0
2001,KLUI,38431,384,38,13,12104,636574034,17457498867,2442171409,15015327458,166661982,73486468,1836019511,1188837982,0,0,4,7,0.0424,52592038,1240526062,13769166,6071255,0.6475,0.0
2003,KLUI,38431,384,38,11,12086,635545850,14737590494,2401117241,12336473253,769442819,96407838,1798766686,996809797,1706759799,2,7,4,0.0515,52585293,1020724247,63663976,7976819,0.5542,0.1158
2005,KLUI,38431,384,38,14,20003,0,40465160721,0,0,0,0,4691301359,1382933719,7093342406,3,0,6,,,,0,0,0.2948,0.1753
1991,KLUI,38432,384,38,103,12925,0,380650055,0,0,0,2706353,192621778,6934982,0,0,0,1,,,,0,209389,0.036,0.0
2001,KLUI,38432,384,38,69,8454,50523572,762630265,306325229,456305036,35945609,2391222,273902275,11369704,0,0,16,4,0.1107,5976292,53975046,4251905,282851,0.0415,0.0
2003,KLUI,38432,384,38,78,8315,66554796,810359376,478628822,331730554,47605514,8827171,413419845,58601054,0,0,22,3,0.2006,8004185,39895436,5725257,1061596,0.1417,0.0
2005,KLUI,38432,384,38,71,7825,0,638527410,0,0,0,0,328468491,3610227,4754158,1,0,4,,,,0,0,0.011,0.0074
1991,KLUI,38433,384,38,74,13145,0,1050225593,0,0,0,3741209,755711727,695684416,0,0,0,13,,,,0,284611,0.9206,0.0
2001,KLUI,38433,384,38,121,27618,434436130,7591200926,5185077632,2406123294,533706750,111942170,4399600465,2949036543,0,0,36,38,0.1806,15730181,87121562,19324598,4053232,0.6703,0.0
2003,KLUI,38433,384,38,152,37347,796632153,10117594871,5687941663,4429653208,1359096524,174666448,4199613749,2862438415,1019632169,21,49,53,0.1798,21330553,118608006,36391049,4676854,0.6816,0.1008
2005,KLUI,38433,384,38,156,38626,0,17018710194,0,0,0,0,10737795442,6816160008,2469704456,29,0,53,,,,0,0,0.6348,0.1451
1991,KLUI,38441,384,38,3,3343,0,1682971490,0,0,0,2246874,885124946,389592971,0,0,0,1,,,,0,672113,0.4402,0.0
2001,KLUI,38441,384,38,13,9360,203999732,9943693758,7057848089,2885845669,166442015,11690129,6990528590,2945851156,0,0,4,5,0.0707,21794843,308316845,17782267,1248945,0.4214,0.0
2003,KLUI,38441,384,38,20,16424,325042112,25714871578,12088076892,13626794686,697714380,72519018,10933037741,2603975840,79200000,1,6,9,0.0239,19790679,829687938,42481392,4415430,0.2382,0.0031
2005,KLUI,38441,384,38,22,12769,0,23441070601,0,0,0,0,14282922089,3202702435,195332944,2,0,10,,,,0,0,0.2242,0.0083
1991,KLUI,38442,384,38,23,7238,0,521788050,0,0,0,1199567,202934931,182251430,0,0,0,3,,,,0,165732,0.8981,0.0
2001,KLUI,38442,384,38,90,18705,192598595,15511971527,14686579788,825391739,73574830,136889826,13672990905,9419029563,0,0,28,8,0.2333,10296637,44126797,3933431,7318355,0.6889,0.0
2003,KLUI,38442,384,38,84,15089,294342707,7025350507,5057077368,1968273139,122562355,1047186452,2690566617,1029745266,122304477,3,30,13,0.1495,19507105,130444240,8122629,69400653,0.3827,0.0174
2005,KLUI,38442,384,38,98,15392,0,5657643222,0,0,0,0,3444587268,975083843,248406739,12,0,15,,,,0,0,0.2831,0.0439
1991,KLUI,38443,384,38,18,2467,0,59849278,0,0,0,328706,35769743,15493206,0,0,0,4,,,,0,133241,0.4331,0.0
2001,KLUI,38443,384,38,20,1794,10510771,82681184,41965884,40715300,65000,869716,37090719,1393588,0,0,1,0,0.2582,5858847,22695262,36232,484792,0.0376,0.0
2003,KLUI,38443,384,38,23,3381,26274065,580299798,352527012,227772786,1810245,3134515,73575885,3655902,0,0,5,1,0.1154,7771093,67368467,535417,927097,0.0497,0.0
2005,KLUI,38443,384,38,10,1264,0,59979297,0,0,0,0,35389801,937235,0,0,0,0,,,,0,0,0.0265,0.0
1991,KLUI,38444,384,38,38,3964,0,46344527,0,0,0,962768,29794470,11386134,0,0,0,1,,,,0,242878,0.3822,0.0
2001,KLUI,38444,384,38,53,6380,58833519,700055390,323221387,376834003,61201717,8899493,255840143,150053170,0,0,8,8,0.1561,9221555,59064891,9592746,1394905,0.5865,0.0
2003,KLUI,38444,384,38,42,4330,40137968,292932878,129086446,163846432,6426124,3603252,108626757,44256203,33990728,1,7,5,0.245,9269739,37839823,1484093,832160,0.4074,0.116
2005,KLUI,38444,384,38,37,3831,0,117115690,0,0,0,0,50369631,35701337,0,0,0,3,,,,0,0,0.7088,0.0
1991,KLUI,38451,384,38,1,14830,0,241105504,0,0,0,3171621,129923000,121762000,0,0,0,0,,,,0,213865,0.9372,0.0
2001,KLUI,38451,384,38,4,557,5020481,23500009,9258320,14241689,265923,1117422,7302573,1190927,0,0,1,0,0.3525,9013431,25568562,477420,2006144,0.1631,0.0
2003,KLUI,38451,384,38,2,9827,99188038,604785370,483935666,120849704,271080,8575642,3097436,2253709,5509931,1,1,1,0.8208,10093420,12297721,27585,872661,0.7276,0.0091
2005,KLUI,38451,384,38,1,9777,0,632934127,0,0,0,0,0,0,0,0,0,0,,,,0,0,,0.0
2001,KLUI,38452,384,38,1,20,271345,917750,132190,785560,0,12000,106890,0,0,0,0,0,0.3454,13567250,39278000,0,600000,0.0,0.0
2003,KLUI,38452,384,38,1,38,242340,1759296,828367,930929,0,6895,753724,0,0,0,0,0,0.2603,6377368,24498132,0,181447,0.0,0.0
1991,KLUI,38490,384,38,1,25,0,107440,0,0,0,3280,55900,0,0,0,0,0,,,,0,131200,0.0,0.0
2001,KLUI,38490,384,38,2,359,1799955,29613825,6858204,22755621,0,41110,6504306,0,0,0,0,0,0.0791,5013802,63386131,0,114513,0.0,0.0
2003,KLUI,38490,384,38,1,23,177123,1451735,604840,846895,0,2208,449094,0,0,0,0,0,0.2091,7701000,36821522,0,96000,0.0,0.0
2005,KLUI,38490,384,38,2,98,0,4947907,0,0,0,0,2514229,0,0,0,0,0,,,,0,0,0.0,0.0
1991,KLUI,38511,385,38,21,787,0,7825329,0,0,0,55296,2404958,677536,0,0,0,0,,,,0,70262,0.2817,0.0
2001,KLUI,38511,385,38,8,718,1983675,32340079,10106612,22233467,135000,290092,9077613,459699,0,0,1,1,0.0892,2762779,30965831,188022,404028,0.0506,0.0
2003,KLUI,38511,385,38,8,535,7557294,42737339,11524793,31212546,299880,264615,9858979,321345,0,0,1,2,0.2421,14125783,58341207,560523,494607,0.0326,0.0
2005,KLUI,38511,385,38,6,493,0,52166129,0,0,0,0,35314195,5192432,5329634,1,0,2,,,,0,0,0.147,0.1022
2001,KLUI,38512,385,38,3,298,2478138,35507851,29254130,6253721,5265122,4317715,22365458,0,0,0,2,1,0.3963,8315899,20985641,17668195,14488977,0.0,0.0
2003,KLUI,38512,385,38,8,2877,48770254,169188495,72729196,96459299,6111675,159882,50563135,37120546,98260400,3,5,5,0.5056,16951774,33527737,2124322,55572,0.7341,0.5808
2005,KLUI,38512,385,38,8,904,0,100791128,0,0,0,0,54428675,47283199,29405288,2,0,3,,,,0,0,0.8687,0.2917
1991,KLUI,38513,385,38,5,334,0,29412171,0,0,0,139157,14285777,13394145,0,0,0,2,,,,0,416638,0.9376,0.0
2001,KLUI,38513,385,38,8,2740,33327029,346925826,58927372,287998454,1095926,691674,50286233,36519800,0,0,1,2,0.1157,12163149,105108925,399973,252436,0.7262,0.0
2003,KLUI,38513,385,38,7,2381,39166964,210045183,151064108,58981075,3465639,1087765,110008437,43036901,7186310,1,2,1,0.6641,16449796,24771556,1455539,456852,0.3912,0.0342
2005,KLUI,38513,385,38,9,4127,0,726323027,0,0,0,0,619717956,539734204,0,0,0,4,,,,0,0,0.8709,0.0
1991,KLUI,38514,385,38,7,413,0,2970758,0,0,0,245418,843261,0,0,0,0,0,,,,0,594232,0.0,0.0
2001,KLUI,38514,385,38,20,2542,23510281,452676707,400495613,52181094,6285659,3153228,386978797,98168226,0,0,7,5,0.4506,9248734,20527574,2472722,1240452,0.2537,0.0
1991,KLUI,38521,385,38,4,345,0,3850937,0,0,0,113109,1435232,1259193,0,0,0,2,,,,0,327852,0.8773,0.0
2001,KLUI,38521,385,38,6,4000,19313602,81177131,45789663,35387468,242934787,342990,32635676,30010151,0,0,2,0,0.5458,4828400,8846867,60733697,85748,0.9196,0.0
2003,KLUI,38521,385,38,7,4105,31350580,624960020,486430472,138529548,7607866,1508352,190024725,159337530,3867144,1,2,2,0.2263,7637169,33746540,1853317,367443,0.8385,0.0062
2005,KLUI,38521,385,38,6,6913,0,88108806,0,0,0,0,18672214,13449115,24455973,2,0,2,,,,0,0,0.7203,0.2776
1991,KLUI,38522,385,38,1,63,0,1728300,0,0,0,5125,176684,0,0,0,0,0,,,,0,81349,0.0,0.0
2001,KLUI,38522,385,38,2,875,24654321,282153296,183157686,98995610,7063595,431227,26656028,24116839,0,0,1,1,0.249,28176367,113137840,8072680,492831,0.9047,0.0
2003,KLUI,38522,385,38,3,1729,20586493,76523146,38416679,38106467,4631642,57616,24795077,18042190,53045014,2,1,1,0.5402,11906589,22039599,2678798,33323,0.7277,0.6932
2005,KLUI,38522,385,38,1,60,0,2822400,0,0,0,0,1660963,1660963,0,0,0,1,,,,0,0,1.0,0.0
2001,KLUI,38523,385,38,2,3681,32226653,249188774,157326557,91862217,51824666,656068,149197594,147785759,0,0,2,0,0.3508,8754864,24955778,14078964,178231,0.9905,0.0
2003,KLUI,38523,385,38,1,3102,24675329,113295982,84609679,28686303,51196243,326584,80887384,80502684,0,0,1,0,0.8602,7954652,9247680,16504269,105282,0.9952,0.0
2005,KLUI,38523,385,38,1,3102,0,131369116,0,0,0,0,93809411,93363254,0,0,0,0,,,,0,0,0.9952,0.0
2001,KLUI,38524,385,38,1,38,347066,2872086,1802576,1069510,0,2744,0,0,0,0,0,0,0.3245,9133316,28145000,0,72211,,0.0
2003,KLUI,38524,385,38,1,572,18361912,442231717,376690218,65541499,0,0,285160616,222938568,0,0,0,1,0.2802,32101245,114583040,0,0,0.7818,0.0
2005,KLUI,38524,385,38,2,611,0,542222510,0,0,0,0,359441443,287087229,0,0,0,1,,,,0,0,0.7987,0.0
1991,KLUI,38530,385,38,16,1789,0,32877145,0,0,0,144299,23846109,17126097,0,0,0,1,,,,0,80659,0.7182,0.0
2001,KLUI,38530,385,38,14,1301,7183496,38052859,17697890,20354969,46727,245735,14016348,7768322,0,0,4,0,0.3529,5521519,15645633,35916,188882,0.5542,0.0
2003,KLUI,38530,385,38,14,1665,11920142,46334839,23262386,23072453,331061,280633,17374983,4531921,0,0,4,1,0.5166,7159244,13857329,198835,168548,0.2608,0.0
2005,KLUI,38530,385,38,12,1065,0,30289205,0,0,0,0,13749391,1577525,5293891,1,0,0,,,,0,0,0.1147,0.1748
1991,KLUI,39011,390,39,2,138,0,1235730,0,0,0,106676,234011,200716,0,0,0,0,,,,0,773014,0.8577,0.0
2001,KLUI,39011,390,39,2,403,2376254,4606001,1150750,3455251,0,45341,384282,0,0,0,0,0,0.6877,5896412,8573824,0,112509,0.0,0.0
2003,KLUI,39011,390,39,1,21,78673,127126,46575,80551,3600,2532,16439,15959,0,0,1,0,0.9767,3746333,3835762,171429,120571,0.9708,0.0
2005,KLUI,39011,390,39,1,43,0,731498,0,0,0,0,423043,0,0,0,0,0,,,,0,0,0.0,0.0
1991,KLUI,39012,390,39,25,1526,0,15636887,0,0,0,519607,8448939,0,0,0,0,0,,,,0,340503,0.0,0.0
2001,KLUI,39012,390,39,47,4747,29906098,577811696,179062415,398749281,17119878,696933,168077396,72399882,0,0,10,3,0.075,6300000,84000270,3606463,146815,0.4308,0.0
2003,KLUI,39012,390,39,48,6274,72608084,1462934333,825950391,636983942,78841613,7545411,693300545,148644600,208560932,17,15,1,0.114,11572854,101527565,12566403,1202648,0.2144,0.1426
2005,KLUI,39012,390,39,45,6339,0,1403612168,0,0,0,0,805564722,226342122,586681043,18,0,2,,,,0,0,0.281,0.418
1991,KLUI,39013,390,39,4,195,0,861513,0,0,0,11418,378002,0,0,0,0,0,,,,0,58554,0.0,0.0
2001,KLUI,39013,390,39,16,1082,10230253,59538505,43886845,15651660,676244,429644,34870212,15107703,0,0,3,1,0.6536,9454947,14465490,624994,397083,0.4333,0.0
2003,KLUI,39013,390,39,5,1657,21717956,117488382,70011017,47477365,807789,351575,29101873,17185471,15889901,1,1,2,0.4574,13106793,28652604,487501,212176,0.5905,0.1352
2005,KLUI,39013,390,39,11,1825,0,104317574,0,0,0,0,30778339,9670093,6385520,2,0,2,,,,0,0,0.3142,0.0612
1991,KLUI,39014,390,39,14,738,0,3917599,0,0,0,114133,2008296,315316,0,0,0,1,,,,0,154652,0.157,0.0
1991,KLUI,39015,390,39,9,296,0,793400,0,0,0,21574,384266,59726,0,0,0,0,,,,0,72885,0.1554,0.0
2001,KLUI,39015,390,39,35,4880,45407734,172192492,98564907,73627585,12116748,1317276,72956650,21214624,0,0,10,2,0.6167,9304864,15087620,2482940,269934,0.2908,0.0
2003,KLUI,39015,390,39,31,2989,15595786,167614430,42032865,125581565,6850425,865105,28293275,16345438,119817624,16,6,1,0.1242,5217727,42014575,2291879,289430,0.5777,0.7148
2005,KLUI,39015,390,39,40,3371,0,69644215,0,0,0,0,26038727,5946634,30599989,16,0,2,,,,0,0,0.2284,0.4394
1991,KLUI,39021,390,39,2,50,0,102000,0,0,0,1906,27762,0,0,0,0,0,,,,0,38120,0.0,0.0
2001,KLUI,39021,390,39,7,179,676398,1948602,640458,1308144,0,38172,513041,0,0,0,0,0,0.5171,3778760,7308067,0,213251,0.0,0.0
2003,KLUI,39021,390,39,7,195,955255,1856625,320572,1536053,0,34879,234018,0,150000,1,0,0,0.6219,4898744,7877195,0,178867,0.0,0.0808
2005,KLUI,39021,390,39,5,166,0,2525315,0,0,0,0,1022527,0,1032000,2,0,0,,,,0,0,0.0,0.4087
1991,KLUI,39022,390,39,4,654,0,24423874,0,0,0,192350,12499852,10174087,0,0,0,2,,,,0,294113,0.8139,0.0
2001,KLUI,39022,390,39,11,5476,52448360,511066053,366792676,144273377,22997870,865021,346004385,281819282,0,0,5,5,0.3635,9577860,26346490,4199757,157966,0.8145,0.0
2003,KLUI,39022,390,39,14,8391,101763456,768892682,509106684,259785998,396240480,2894591,334675645,178117892,386585822,5,8,9,0.3917,12127691,30960076,47222081,344964,0.5322,0.5028
2005,KLUI,39022,390,39,15,10066,0,3331464714,0,0,0,0,1700360116,568894801,2037639400,8,0,5,,,,0,0,0.3346,0.6116
1991,KLUI,39030,390,39,30,2473,0,26073505,0,0,0,230227,12797366,3666822,0,0,0,8,,,,0,93096,0.2865,0.0
2001,KLUI,39030,390,39,40,4178,18622295,182811490,107164925,75646565,8986677,2878427,88059604,7697354,0,0,8,7,0.2462,4457227,18105927,2150952,688949,0.0874,0.0
2003,KLUI,39030,390,39,41,3320,19955104,138177926,62438750,75739176,13075631,2591243,50356212,9884853,33503878,5,6,7,0.2635,6010573,22813005,3938443,780495,0.1963,0.2425
2005,KLUI,39030,390,39,45,4018,0,180182478,0,0,0,0,84615459,19081078,37731707,10,0,6,,,,0,0,0.2255,0.2094
1991,KLUI,39040,390,39,65,18996,0,146673898,0,0,0,664574,80711402,60704019,0,0,0,15,,,,0,34985,0.7521,0.0
2001,KLUI,39040,390,39,97,32859,215662895,1594431177,910967074,683464103,2673447,4940029,810989473,335225503,0,0,15,18,0.3155,6563282,20799906,81361,150340,0.4134,0.0
2003,KLUI,39040,390,39,79,26470,312177479,922631152,571595205,351035947,25485130,5374623,482995896,238575669,272320196,15,17,11,0.8893,11793634,13261653,962793,203046,0.4939,0.2952
2005,KLUI,39040,390,39,86,17766,0,1611336855,0,0,0,0,833415698,392127812,1278768043,22,0,9,,,,0,0,0.4705,0.7936
1991,KLUI,39051,390,39,53,7366,0,105996077,0,0,0,1427781,51293573,24401538,0,0,0,4,,,,0,193834,0.4757,0.0
2001,KLUI,39051,390,39,1,23,64050,98585,13880,84705,0,0,13435,0,0,0,0,0,0.7562,2784783,3682826,0,0,0.0,0.0
2003,KLUI,39051,390,39,49,12896,136438859,781933439,507896467,274036972,50852913,9243639,422732611,132578305,79154145,6,15,4,0.4979,10579936,21249765,3943309,716783,0.3136,0.1012
2005,KLUI,39051,390,39,42,10495,0,945410599,0,0,0,0,651973013,134883947,204129106,9,0,1,,,,0,0,0.2069,0.2159
2003,KLUI,39052,390,39,1,48,214500,2857770,2534120,323650,1092124,92100,2249780,692000,0,0,1,0,0.6628,4468750,6742708,22752583,1918750,0.3076,0.0
2005,KLUI,39052,390,39,1,38,0,6113029,0,0,0,0,4050882,753500,0,0,0,0,,,,0,0,0.186,0.0
2001,KLUI,39059,390,39,52,11470,72857509,496140930,266625850,229515080,41572082,4695926,231425542,78473296,0,0,13,4,0.3174,6352006,20010033,3624419,409409,0.3391,0.0
1991,KLUI,39060,390,39,18,3832,0,16599602,0,0,0,119589,11461629,7329344,0,0,0,3,,,,0,31208,0.6395,0.0
2001,KLUI,39060,390,39,78,20001,96445475,509733614,315037765,194695849,14256596,1467861,148208149,112590956,0,0,22,13,0.4954,4822033,9734306,712794,73389,0.7597,0.0
2003,KLUI,39060,390,39,101,16058,78245842,170921720,76589630,94332090,13070597,1669144,63017306,17064098,90786325,53,20,10,0.8295,4872702,5874461,813962,103945,0.2708,0.5312
2005,KLUI,39060,390,39,99,21570,0,372861081,0,0,0,0,169973779,115713825,243247471,55,0,6,,,,0,0,0.6808,0.6524
1991,KLUI,39090,390,39,45,5621,0,55923477,0,0,0,504465,23988614,10447660,0,0,0,5,,,,0,89746,0.4355,0.0
2001,KLUI,39090,390,39,208,27816,220671012,2183332499,1479975220,703357279,149588142,25887435,1177904802,282544738,0,0,52,22,0.3137,7933240,25286068,5377773,930667,0.2399,0.0
2003,KLUI,39090,390,39,88,9068,81790357,464159553,227573360,236586193,11946293,8893834,190984005,75021014,48942580,7,15,12,0.3457,9019669,26090229,1317412,980793,0.3928,0.1054
2005,KLUI,39090,390,39,99,11567,0,365062671,0,0,0,0,189919269,58818271,134640022,22,0,10,,,,0,0,0.3097,0.3688
2003,KLUI,39999,399,39,2,43,224025,1783526,1380154,403372,780400,138502,1145940,0,0,0,2,0,0.5554,5209884,9380744,18148837,3220977,0.0,0.0
2005,KLUI,39999,399,39,2,83,0,2016297,0,0,0,0,1011667,0,0,0,0,0,,,,0,0,0.0,0.0
